1,1,30.0,254.0,172.0,90.0,1.0,0,0.948
1,2,911.0,414.0,222.0,140.0,1.0,3,0.199
1,5,97.0,327.0,47.0,124.0,1.0,0,0.455
1,6,877.0,261.0,251.0,158.0,1.0,3,0.324
1,7,40.0,409.0,75.0,126.0,1.0,0,1.0
1,9,118.0,358.0,87.0,146.0,1.0,0,1.0
2,1,32.0,254.0,170.0,89.0,1.0,0,0.95
2,2,907.0,414.0,222.0,140.0,1.0,3,0.215
2,5,100.0,327.0,47.0,124.0,1.0,0,0.455
2,6,875.0,261.0,251.0,158.0,1.0,3,0.332
2,7,43.0,409.0,75.0,126.0,1.0,0,1.0
2,9,121.0,358.0,87.0,146.0,1.0,0,1.0
3,1,35.0,254.0,170.0,89.0,1.0,0,0.95
3,2,904.0,414.0,222.0,140.0,1.0,3,0.216
3,4,957.0,422.0,224.0,141.0,1.0,3,0.011
3,5,103.0,327.0,47.0,124.0,1.0,0,0.455
3,6,873.0,261.0,251.0,158.0,1.0,3,0.34
3,7,46.0,409.0,75.0,126.0,1.0,0,1.0
3,9,124.0,358.0,87.0,146.0,1.0,0,1.0
4,1,38.0,254.0,170.0,89.0,1.0,0,0.95
4,2,900.0,414.0,222.0,140.0,1.0,3,0.22
4,4,954.0,422.0,224.0,141.0,1.0,3,0.022
4,5,106.0,327.0,47.0,124.0,1.0,0,0.455
4,6,871.0,261.0,251.0,158.0,1.0,3,0.347
4,7,49.0,409.0,75.0,126.0,1.0,0,1.0
4,9,127.0,358.0,87.0,146.0,1.0,0,1.0
5,1,41.0,254.0,170.0,89.0,1.0,0,0.95
5,2,896.0,413.0,222.0,140.0,1.0,3,0.228
5,4,951.0,423.0,224.0,141.0,1.0,3,0.033
5,5,109.0,327.0,47.0,124.0,1.0,0,0.463
5,6,869.0,261.0,251.0,158.0,1.0,3,0.353
5,7,51.0,409.0,75.0,126.0,1.0,0,1.0
5,9,130.0,358.0,87.0,146.0,1.0,0,1.0
6,1,44.0,253.0,170.0,89.0,1.0,0,0.953
6,2,893.0,413.0,222.0,140.0,1.0,3,0.225
6,4,947.0,423.0,224.0,141.0,1.0,3,0.048
6,5,112.0,327.0,47.0,124.0,1.0,0,0.463
6,6,867.0,261.0,251.0,158.0,1.0,3,0.36
6,7,54.0,409.0,75.0,126.0,1.0,0,1.0
6,9,133.0,358.0,87.0,146.0,1.0,0,1.0
7,1,47.0,253.0,170.0,89.0,1.0,0,0.953
7,2,889.0,413.0,222.0,140.0,1.0,3,0.23
7,4,944.0,423.0,224.0,141.0,1.0,3,0.059
7,5,115.0,327.0,47.0,124.0,1.0,0,0.447
7,6,865.0,261.0,251.0,158.0,1.0,3,0.368
7,7,57.0,409.0,75.0,126.0,1.0,0,1.0
7,9,135.0,358.0,87.0,146.0,1.0,0,1.0
8,1,49.0,253.0,170.0,89.0,1.0,0,0.953
8,2,886.0,413.0,222.0,140.0,1.0,3,0.227
8,4,940.0,423.0,224.0,141.0,1.0,3,0.074
8,5,118.0,327.0,47.0,124.0,1.0,0,0.447
8,6,864.0,262.0,251.0,158.0,1.0,3,0.369
8,7,60.0,409.0,75.0,126.0,1.0,0,1.0
8,9,138.0,358.0,87.0,146.0,1.0,0,1.0
9,1,52.0,253.0,170.0,89.0,1.0,0,0.953
9,2,882.0,412.0,222.0,140.0,1.0,3,0.235
9,4,937.0,423.0,224.0,141.0,1.0,3,0.085
9,5,121.0,327.0,47.0,124.0,1.0,0,0.454
9,6,862.0,262.0,251.0,158.0,1.0,3,0.375
9,7,62.0,409.0,75.0,126.0,1.0,0,1.0
9,9,141.0,358.0,87.0,146.0,1.0,0,1.0
10,1,55.0,252.0,170.0,89.0,1.0,0,0.957
10,2,879.0,412.0,222.0,140.0,1.0,3,0.237
10,4,934.0,424.0,224.0,141.0,1.0,3,0.095
10,5,124.0,327.0,47.0,124.0,1.0,0,0.454
10,6,860.0,262.0,251.0,158.0,1.0,3,0.382
10,7,65.0,409.0,75.0,126.0,1.0,0,1.0
10,9,144.0,358.0,87.0,146.0,1.0,0,1.0
11,1,58.0,252.0,170.0,89.0,1.0,0,0.953
11,2,875.0,412.0,222.0,140.0,1.0,3,0.238
11,4,930.0,424.0,224.0,141.0,1.0,3,0.11
11,5,127.0,326.0,47.0,124.0,1.0,0,0.457
11,6,858.0,262.0,251.0,158.0,1.0,3,0.389
11,7,68.0,409.0,75.0,126.0,1.0,0,1.0
11,9,147.0,357.0,87.0,146.0,1.0,0,1.0
12,1,61.0,252.0,170.0,89.0,1.0,0,0.952
12,2,871.0,412.0,222.0,140.0,1.0,3,0.243
12,4,927.0,424.0,225.0,142.0,1.0,3,0.12
12,5,130.0,326.0,48.0,125.0,1.0,0,0.449
12,6,856.0,262.0,251.0,158.0,1.0,3,0.396
12,7,71.0,409.0,75.0,126.0,1.0,0,1.0
12,9,150.0,357.0,87.0,146.0,1.0,0,1.0
13,1,63.0,252.0,170.0,89.0,1.0,0,0.952
13,2,868.0,412.0,222.0,140.0,1.0,3,0.241
13,4,923.0,424.0,225.0,142.0,1.0,3,0.134
13,5,133.0,326.0,48.0,125.0,1.0,0,0.441
13,6,854.0,262.0,251.0,158.0,1.0,3,0.404
13,7,73.0,409.0,75.0,126.0,1.0,0,1.0
13,9,152.0,357.0,87.0,146.0,1.0,0,1.0
14,1,66.0,251.0,170.0,89.0,1.0,0,0.956
14,2,864.0,411.0,222.0,140.0,1.0,3,0.25
14,4,920.0,425.0,225.0,142.0,1.0,3,0.144
14,5,136.0,326.0,48.0,125.0,1.0,0,0.441
14,6,852.0,262.0,251.0,158.0,1.0,3,0.408
14,7,76.0,409.0,75.0,126.0,1.0,0,1.0
14,9,155.0,357.0,87.0,146.0,1.0,0,1.0
15,1,69.0,251.0,170.0,89.0,1.0,0,0.956
15,2,861.0,411.0,224.0,141.0,1.0,3,0.248
15,3,-17.0,411.0,18.0,81.0,1.0,0,0.056
15,4,917.0,425.0,225.0,142.0,1.0,3,0.155
15,5,139.0,326.0,48.0,125.0,1.0,0,0.441
15,6,850.0,262.0,251.0,158.0,1.0,3,0.416
15,7,79.0,409.0,75.0,126.0,1.0,0,1.0
15,9,158.0,357.0,87.0,146.0,1.0,0,1.0
16,1,72.0,251.0,170.0,89.0,1.0,0,0.956
16,2,857.0,411.0,224.0,141.0,1.0,3,0.25
16,3,-15.0,411.0,18.0,81.0,1.0,0,0.167
16,4,913.0,425.0,225.0,142.0,1.0,3,0.169
16,5,142.0,326.0,48.0,125.0,1.0,0,0.441
16,6,848.0,262.0,251.0,158.0,1.0,3,0.423
16,7,82.0,409.0,75.0,126.0,1.0,0,1.0
16,9,161.0,357.0,87.0,146.0,1.0,0,1.0
17,1,75.0,251.0,170.0,89.0,1.0,0,0.956
17,2,854.0,411.0,224.0,141.0,1.0,3,0.251
17,3,-12.0,411.0,18.0,81.0,1.0,0,0.333
17,4,910.0,425.0,225.0,142.0,1.0,3,0.18
17,5,145.0,326.0,48.0,125.0,1.0,0,0.448
17,6,846.0,262.0,251.0,158.0,1.0,3,0.43
17,7,84.0,409.0,75.0,126.0,1.0,0,1.0
17,9,164.0,357.0,87.0,146.0,1.0,0,1.0
18,1,78.0,251.0,170.0,89.0,1.0,0,0.956
18,2,850.0,410.0,224.0,141.0,1.0,3,0.26
18,3,-9.0,411.0,18.0,81.0,1.0,0,0.5
18,4,907.0,425.0,225.0,142.0,1.0,3,0.191
18,5,148.0,326.0,48.0,125.0,1.0,0,0.448
18,6,844.0,263.0,251.0,158.0,1.0,3,0.432
18,7,87.0,409.0,75.0,126.0,1.0,0,1.0
18,9,167.0,357.0,87.0,146.0,1.0,0,1.0
19,1,80.0,250.0,170.0,89.0,1.0,0,0.959
19,2,846.0,410.0,224.0,141.0,1.0,3,0.263
19,3,-7.0,411.0,18.0,81.0,1.0,0,0.611
19,4,903.0,426.0,225.0,142.0,1.0,3,0.203
19,5,151.0,326.0,48.0,125.0,1.0,0,0.432
19,6,842.0,263.0,251.0,158.0,1.0,3,0.438
19,7,90.0,409.0,75.0,126.0,1.0,0,1.0
19,9,169.0,357.0,87.0,146.0,1.0,0,1.0
20,1,83.0,250.0,170.0,89.0,1.0,0,0.959
20,2,843.0,410.0,224.0,141.0,1.0,3,0.265
20,3,-4.0,411.0,18.0,81.0,1.0,0,0.778
20,4,900.0,426.0,225.0,142.0,1.0,3,0.214
20,5,154.0,326.0,48.0,125.0,1.0,0,0.432
20,6,840.0,263.0,251.0,158.0,1.0,3,0.446
20,7,93.0,409.0,75.0,126.0,1.0,0,1.0
20,9,172.0,357.0,88.0,147.0,1.0,0,1.0
21,1,86.0,250.0,170.0,89.0,1.0,0,0.959
21,2,839.0,410.0,224.0,141.0,1.0,3,0.267
21,3,-2.0,411.0,18.0,81.0,1.0,0,0.889
21,4,896.0,426.0,225.0,142.0,1.0,3,0.228
21,5,157.0,326.0,48.0,125.0,1.0,0,0.437
21,6,838.0,263.0,251.0,158.0,1.0,3,0.452
21,7,95.0,408.0,75.0,126.0,1.0,0,1.0
21,9,175.0,357.0,88.0,147.0,1.0,0,1.0
22,1,89.0,250.0,170.0,89.0,1.0,0,0.959
22,2,836.0,410.0,224.0,141.0,1.0,3,0.269
22,3,1.0,411.0,18.0,81.0,1.0,0,1.0
22,4,893.0,426.0,225.0,142.0,1.0,3,0.239
22,5,160.0,326.0,48.0,125.0,1.0,0,0.437
22,6,836.0,263.0,251.0,158.0,1.0,3,0.46
22,7,98.0,408.0,75.0,126.0,1.0,0,1.0
22,9,178.0,357.0,88.0,147.0,1.0,0,1.0
23,1,92.0,249.0,168.0,88.0,1.0,0,0.964
23,2,832.0,409.0,224.0,141.0,1.0,3,0.28
23,3,3.0,411.0,18.0,81.0,1.0,0,1.0
23,4,890.0,427.0,225.0,142.0,1.0,3,0.248
23,5,163.0,326.0,48.0,125.0,1.0,0,0.437
23,6,834.0,263.0,251.0,158.0,1.0,3,0.462
23,7,101.0,408.0,75.0,126.0,1.0,0,1.0
23,8,958.0,367.0,203.0,128.0,1.0,3,0.003
23,9,181.0,357.0,88.0,147.0,1.0,0,1.0
24,1,95.0,249.0,168.0,88.0,1.0,0,0.964
24,2,829.0,409.0,224.0,141.0,1.0,3,0.279
24,3,6.0,411.0,18.0,81.0,1.0,0,1.0
24,4,886.0,427.0,227.0,143.0,1.0,3,0.258
24,5,166.0,326.0,48.0,126.0,1.0,0,0.434
24,6,832.0,263.0,251.0,158.0,1.0,3,0.466
24,7,104.0,408.0,75.0,126.0,1.0,0,1.0
24,8,955.0,367.0,203.0,128.0,1.0,3,0.008
24,9,184.0,357.0,88.0,147.0,1.0,0,1.0
25,1,97.0,249.0,168.0,88.0,1.0,0,0.964
25,2,825.0,409.0,224.0,141.0,1.0,3,0.284
25,3,9.0,411.0,18.0,81.0,1.0,0,1.0
25,4,883.0,427.0,227.0,143.0,1.0,3,0.268
25,5,169.0,326.0,48.0,126.0,1.0,0,0.426
25,6,830.0,263.0,251.0,158.0,1.0,3,0.469
25,7,106.0,408.0,75.0,126.0,1.0,0,1.0
25,8,951.0,367.0,203.0,128.0,1.0,3,0.015
25,9,186.0,357.0,88.0,147.0,1.0,0,1.0
26,1,100.0,249.0,168.0,88.0,1.0,0,0.961
26,2,821.0,409.0,224.0,141.0,1.0,3,0.287
26,3,11.0,411.0,18.0,81.0,1.0,0,1.0
26,4,879.0,427.0,227.0,143.0,1.0,3,0.282
26,5,172.0,325.0,48.0,126.0,1.0,0,0.433
26,6,828.0,263.0,251.0,158.0,1.0,3,0.473
26,7,109.0,408.0,75.0,126.0,1.0,0,1.0
26,8,948.0,367.0,203.0,128.0,1.0,3,0.019
26,9,189.0,357.0,88.0,147.0,1.0,0,1.0
27,1,103.0,248.0,168.0,88.0,1.0,0,0.964
27,2,818.0,408.0,224.0,141.0,1.0,3,0.293
27,3,14.0,411.0,18.0,81.0,1.0,0,1.0
27,4,876.0,427.0,227.0,143.0,1.0,3,0.292
27,5,175.0,325.0,48.0,126.0,1.0,0,0.433
27,6,826.0,263.0,251.0,158.0,1.0,3,0.473
27,7,112.0,408.0,75.0,126.0,1.0,0,1.0
27,8,944.0,367.0,203.0,128.0,1.0,3,0.025
27,9,192.0,357.0,88.0,147.0,1.0,0,1.0
28,1,106.0,248.0,168.0,88.0,1.0,0,0.964
28,2,814.0,408.0,224.0,141.0,1.0,3,0.302
28,3,16.0,411.0,18.0,81.0,1.0,0,1.0
28,4,873.0,428.0,227.0,143.0,1.0,3,0.3
28,5,178.0,325.0,48.0,126.0,1.0,0,0.433
28,6,824.0,263.0,251.0,158.0,1.0,3,0.478
28,7,115.0,408.0,75.0,126.0,1.0,0,1.0
28,8,941.0,368.0,203.0,128.0,1.0,3,0.029
28,9,195.0,357.0,88.0,147.0,1.0,0,1.0
29,1,109.0,248.0,168.0,88.0,1.0,0,0.964
29,2,811.0,408.0,224.0,141.0,1.0,3,0.3
29,3,19.0,411.0,18.0,81.0,1.0,0,1.0
29,4,869.0,428.0,227.0,143.0,1.0,3,0.314
29,5,181.0,325.0,48.0,126.0,1.0,0,0.44
29,6,822.0,264.0,251.0,158.0,1.0,3,0.478
29,7,117.0,408.0,75.0,126.0,1.0,0,1.0
29,8,937.0,368.0,203.0,128.0,1.0,3,0.035
29,9,198.0,357.0,88.0,147.0,1.0,0,1.0
30,1,112.0,248.0,168.0,88.0,1.0,0,0.964
30,2,807.0,408.0,224.0,141.0,1.0,3,0.306
30,3,21.0,411.0,18.0,81.0,1.0,0,1.0
30,4,866.0,428.0,227.0,143.0,1.0,3,0.324
30,5,184.0,325.0,48.0,126.0,1.0,0,0.435
30,6,820.0,264.0,251.0,158.0,1.0,3,0.482
30,7,120.0,408.0,75.0,126.0,1.0,0,1.0
30,8,934.0,368.0,203.0,128.0,1.0,3,0.04
30,9,201.0,356.0,88.0,147.0,1.0,0,1.0
31,1,114.0,248.0,168.0,88.0,1.0,0,0.964
31,2,804.0,408.0,224.0,141.0,1.0,3,0.308
31,3,24.0,411.0,18.0,82.0,1.0,0,1.0
31,4,863.0,428.0,227.0,143.0,1.0,3,0.335
31,5,187.0,325.0,48.0,126.0,1.0,0,0.419
31,6,818.0,264.0,251.0,158.0,1.0,3,0.485
31,7,123.0,408.0,75.0,126.0,1.0,0,1.0
31,8,930.0,368.0,203.0,128.0,1.0,3,0.046
31,9,203.0,356.0,88.0,147.0,1.0,0,1.0
32,1,117.0,247.0,168.0,88.0,1.0,0,0.968
32,2,800.0,407.0,225.0,142.0,1.0,3,0.312
32,3,27.0,411.0,18.0,82.0,1.0,0,1.0
32,4,859.0,428.0,227.0,143.0,1.0,3,0.348
32,5,190.0,325.0,48.0,126.0,1.0,0,0.419
32,6,816.0,264.0,251.0,158.0,1.0,3,0.487
32,7,126.0,408.0,75.0,126.0,1.0,0,1.0
32,8,927.0,368.0,203.0,128.0,1.0,3,0.05
32,9,206.0,356.0,88.0,147.0,1.0,0,1.0
33,1,120.0,247.0,168.0,88.0,1.0,0,0.968
33,2,796.0,407.0,225.0,142.0,1.0,3,0.321
33,3,29.0,411.0,18.0,82.0,1.0,0,1.0
33,4,856.0,429.0,227.0,143.0,1.0,3,0.356
33,5,193.0,325.0,48.0,126.0,1.0,0,0.426
33,6,814.0,264.0,251.0,158.0,1.0,3,0.491
33,7,128.0,408.0,75.0,126.0,1.0,0,1.0
33,8,924.0,368.0,203.0,128.0,1.0,3,0.054
33,9,209.0,356.0,88.0,147.0,1.0,0,1.0
34,1,123.0,247.0,168.0,88.0,1.0,0,0.968
34,2,793.0,407.0,225.0,142.0,1.0,3,0.32
34,3,32.0,411.0,18.0,82.0,1.0,0,1.0
34,4,852.0,429.0,227.0,143.0,1.0,3,0.369
34,5,196.0,325.0,48.0,126.0,1.0,0,0.426
34,6,812.0,264.0,251.0,158.0,1.0,3,0.494
34,7,131.0,408.0,75.0,126.0,1.0,0,1.0
34,8,920.0,368.0,203.0,128.0,1.0,3,0.06
34,9,212.0,356.0,88.0,147.0,1.0,0,1.0
35,1,126.0,247.0,168.0,88.0,1.0,0,0.968
35,2,789.0,407.0,225.0,142.0,1.0,3,0.326
35,3,34.0,412.0,18.0,82.0,1.0,0,1.0
35,4,849.0,429.0,227.0,143.0,1.0,3,0.38
35,5,199.0,325.0,48.0,126.0,1.0,0,0.426
35,6,810.0,264.0,251.0,158.0,1.0,3,0.499
35,7,134.0,408.0,75.0,126.0,1.0,0,1.0
35,8,917.0,368.0,203.0,128.0,1.0,3,0.065
35,9,215.0,356.0,88.0,147.0,1.0,0,1.0
36,1,128.0,246.0,168.0,88.0,1.0,0,0.971
36,2,786.0,406.0,225.0,142.0,1.0,3,0.334
36,3,37.0,412.0,18.0,82.0,1.0,0,1.0
36,4,846.0,429.0,229.0,144.0,1.0,3,0.384
36,5,202.0,325.0,48.0,127.0,1.0,0,0.424
36,6,808.0,264.0,251.0,158.0,1.0,3,0.499
36,7,137.0,408.0,75.0,126.0,1.0,0,1.0
36,8,913.0,368.0,203.0,128.0,1.0,3,0.069
36,9,218.0,356.0,88.0,147.0,1.0,0,1.0
37,1,131.0,246.0,168.0,88.0,1.0,0,0.971
37,2,782.0,406.0,225.0,142.0,1.0,3,0.34
37,3,40.0,412.0,18.0,82.0,1.0,0,1.0
37,4,842.0,430.0,229.0,144.0,1.0,3,0.394
37,5,205.0,325.0,48.0,127.0,1.0,0,0.415
37,6,806.0,264.0,251.0,158.0,1.0,3,0.505
37,7,139.0,408.0,75.0,126.0,1.0,0,1.0
37,8,910.0,369.0,203.0,128.0,1.0,3,0.071
37,9,220.0,356.0,88.0,147.0,1.0,0,1.0
38,1,134.0,246.0,168.0,88.0,1.0,0,0.971
38,2,779.0,406.0,225.0,142.0,1.0,3,0.343
38,3,42.0,412.0,18.0,82.0,1.0,0,1.0
38,4,839.0,430.0,229.0,144.0,1.0,3,0.404
38,5,208.0,325.0,48.0,127.0,1.0,0,0.415
38,6,804.0,264.0,251.0,158.0,1.0,3,0.508
38,7,142.0,408.0,75.0,126.0,1.0,0,1.0
38,8,906.0,369.0,203.0,128.0,1.0,3,0.077
38,9,223.0,356.0,88.0,147.0,1.0,0,1.0
39,1,137.0,246.0,168.0,88.0,1.0,0,0.971
39,2,775.0,406.0,225.0,142.0,1.0,3,0.346
39,3,45.0,412.0,18.0,82.0,1.0,0,1.0
39,4,835.0,430.0,229.0,144.0,1.0,3,0.417
39,5,211.0,325.0,48.0,127.0,1.0,0,0.415
39,6,802.0,265.0,251.0,158.0,1.0,3,0.509
39,7,145.0,408.0,75.0,126.0,1.0,0,1.0
39,8,903.0,369.0,203.0,128.0,1.0,3,0.081
39,9,226.0,356.0,88.0,147.0,1.0,0,1.0
40,1,140.0,245.0,168.0,88.0,1.0,0,0.971
40,2,772.0,406.0,225.0,142.0,1.0,3,0.348
40,3,47.0,412.0,18.0,82.0,1.0,0,1.0
40,4,832.0,430.0,229.0,144.0,1.0,3,0.427
40,5,214.0,324.0,48.0,127.0,1.0,0,0.422
40,6,800.0,265.0,251.0,158.0,1.0,3,0.512
40,7,148.0,408.0,75.0,126.0,1.0,0,1.0
40,8,899.0,369.0,203.0,128.0,1.0,3,0.087
40,9,229.0,356.0,88.0,147.0,1.0,0,1.0
41,1,143.0,245.0,168.0,88.0,1.0,0,0.971
41,2,768.0,405.0,225.0,142.0,1.0,3,0.36
41,3,50.0,412.0,18.0,82.0,1.0,0,1.0
41,4,829.0,430.0,229.0,144.0,1.0,3,0.437
41,5,217.0,324.0,48.0,127.0,1.0,0,0.429
41,6,798.0,265.0,251.0,158.0,1.0,3,0.514
41,7,150.0,408.0,75.0,126.0,1.0,0,1.0
41,8,896.0,369.0,203.0,128.0,1.0,3,0.089
41,9,232.0,356.0,88.0,147.0,1.0,0,1.0
42,1,145.0,245.0,168.0,88.0,1.0,0,0.971
42,2,764.0,405.0,225.0,142.0,1.0,3,0.368
42,3,52.0,412.0,18.0,82.0,1.0,0,1.0
42,4,825.0,431.0,229.0,144.0,1.0,3,0.446
42,5,220.0,324.0,48.0,127.0,1.0,0,0.429
42,6,796.0,265.0,251.0,158.0,1.0,3,0.518
42,7,153.0,408.0,75.0,126.0,1.0,0,1.0
42,8,893.0,369.0,203.0,128.0,1.0,3,0.093
42,9,235.0,356.0,88.0,147.0,1.0,0,1.0
43,1,148.0,245.0,168.0,88.0,1.0,0,0.971
43,2,761.0,405.0,225.0,142.0,1.0,3,0.37
43,3,55.0,412.0,18.0,82.0,1.0,0,1.0
43,4,822.0,431.0,229.0,144.0,1.0,3,0.456
43,5,223.0,324.0,48.0,127.0,1.0,0,0.414
43,6,794.0,265.0,251.0,158.0,1.0,3,0.522
43,7,156.0,408.0,75.0,126.0,1.0,0,1.0
43,8,889.0,369.0,203.0,128.0,1.0,3,0.098
43,9,237.0,356.0,88.0,147.0,1.0,0,1.0
44,1,151.0,245.0,168.0,88.0,1.0,0,0.971
44,2,757.0,405.0,225.0,142.0,1.0,3,0.373
44,3,58.0,412.0,18.0,82.0,1.0,0,1.0
44,4,818.0,431.0,229.0,144.0,1.0,3,0.469
44,5,226.0,324.0,48.0,127.0,1.0,0,0.414
44,6,792.0,265.0,251.0,158.0,1.0,3,0.526
44,7,159.0,408.0,75.0,126.0,1.0,0,1.0
44,8,886.0,369.0,203.0,128.0,1.0,3,0.103
44,9,240.0,356.0,88.0,147.0,1.0,0,1.0
45,1,154.0,244.0,166.0,87.0,1.0,0,0.977
45,2,754.0,404.0,225.0,142.0,1.0,3,0.382
45,3,60.0,412.0,18.0,82.0,1.0,0,1.0
45,4,815.0,431.0,229.0,144.0,1.0,3,0.479
45,5,229.0,324.0,48.0,127.0,1.0,0,0.421
45,6,790.0,265.0,251.0,158.0,1.0,3,0.529
45,7,161.0,408.0,75.0,126.0,1.0,0,1.0
45,8,882.0,370.0,203.0,128.0,1.0,3,0.102
45,9,243.0,356.0,88.0,147.0,1.0,0,1.0
46,1,157.0,244.0,166.0,87.0,1.0,0,0.977
46,2,750.0,404.0,225.0,142.0,1.0,3,0.394
46,3,63.0,412.0,18.0,82.0,1.0,0,1.0
46,4,812.0,432.0,229.0,144.0,1.0,3,0.485
46,5,232.0,324.0,48.0,127.0,1.0,0,0.421
46,6,788.0,265.0,251.0,158.0,1.0,3,0.533
46,7,164.0,408.0,75.0,126.0,1.0,0,1.0
46,8,879.0,370.0,203.0,128.0,1.0,3,0.106
46,9,246.0,356.0,88.0,147.0,1.0,0,1.0
47,1,160.0,244.0,166.0,87.0,1.0,0,0.977
47,2,747.0,404.0,225.0,142.0,1.0,3,0.393
47,3,65.0,412.0,18.0,82.0,1.0,0,1.0
47,4,808.0,432.0,229.0,144.0,1.0,3,0.498
47,5,235.0,324.0,48.0,127.0,1.0,0,0.421
47,6,786.0,265.0,251.0,158.0,1.0,3,0.537
47,7,167.0,408.0,75.0,126.0,1.0,0,1.0
47,8,875.0,370.0,203.0,128.0,1.0,3,0.111
47,9,249.0,356.0,88.0,147.0,1.0,0,1.0
48,1,162.0,244.0,166.0,87.0,1.0,0,0.976
48,2,743.0,404.0,227.0,143.0,1.0,3,0.393
48,3,68.0,412.0,18.0,82.0,1.0,0,1.0
48,4,805.0,432.0,229.0,144.0,1.0,3,0.508
48,5,238.0,324.0,49.0,128.0,1.0,0,0.415
48,6,784.0,265.0,251.0,158.0,1.0,3,0.541
48,7,170.0,408.0,75.0,126.0,1.0,0,1.0
48,8,872.0,370.0,203.0,128.0,1.0,3,0.115
48,9,252.0,356.0,88.0,147.0,1.0,0,1.0
49,1,165.0,243.0,166.0,87.0,1.0,0,0.98
49,2,739.0,404.0,227.0,143.0,1.0,3,0.4
49,3,70.0,412.0,18.0,82.0,1.0,0,1.0
49,4,802.0,432.0,230.0,145.0,1.0,3,0.512
49,5,241.0,324.0,49.0,128.0,1.0,0,0.407
49,6,782.0,266.0,251.0,158.0,1.0,3,0.541
49,7,172.0,408.0,75.0,126.0,1.0,0,1.0
49,8,868.0,370.0,203.0,128.0,1.0,3,0.12
49,9,254.0,356.0,88.0,147.0,1.0,0,1.0
50,1,168.0,243.0,166.0,87.0,1.0,0,0.98
50,2,736.0,403.0,227.0,143.0,1.0,3,0.406
50,3,73.0,412.0,18.0,82.0,1.0,0,1.0
50,4,798.0,432.0,230.0,145.0,1.0,3,0.525
50,5,244.0,324.0,49.0,128.0,1.0,0,0.401
50,6,781.0,266.0,251.0,158.0,1.0,3,0.539
50,7,175.0,408.0,75.0,126.0,1.0,0,1.0
50,8,865.0,370.0,203.0,128.0,1.0,3,0.121
50,9,257.0,355.0,88.0,147.0,1.0,0,1.0
51,1,171.0,243.0,166.0,87.0,1.0,0,0.98
51,2,732.0,403.0,227.0,143.0,1.0,3,0.417
51,3,76.0,412.0,18.0,82.0,1.0,0,1.0
51,4,795.0,433.0,230.0,145.0,1.0,3,0.529
51,5,247.0,324.0,49.0,128.0,1.0,0,0.401
51,6,779.0,266.0,251.0,158.0,1.0,3,0.544
51,7,178.0,408.0,75.0,126.0,1.0,0,1.0
51,8,862.0,370.0,203.0,128.0,1.0,3,0.126
51,9,260.0,355.0,88.0,147.0,1.0,0,1.0
52,1,174.0,243.0,166.0,87.0,1.0,0,0.98
52,2,729.0,403.0,227.0,143.0,1.0,3,0.414
52,3,78.0,412.0,18.0,82.0,1.0,0,1.0
52,4,791.0,433.0,230.0,145.0,1.0,3,0.542
52,5,250.0,324.0,49.0,128.0,1.0,0,0.401
52,6,777.0,266.0,251.0,158.0,1.0,3,0.547
52,7,181.0,408.0,75.0,126.0,1.0,0,1.0
52,8,858.0,370.0,203.0,128.0,1.0,3,0.134
52,9,263.0,355.0,88.0,147.0,1.0,0,1.0
53,1,177.0,242.0,166.0,87.0,1.0,0,0.983
53,2,725.0,403.0,227.0,143.0,1.0,3,0.417
53,3,81.0,412.0,18.0,82.0,1.0,0,1.0
53,4,788.0,433.0,230.0,145.0,1.0,3,0.552
53,5,253.0,324.0,49.0,128.0,1.0,0,0.408
53,6,775.0,266.0,251.0,158.0,1.0,3,0.554
53,7,183.0,408.0,75.0,126.0,1.0,0,1.0
53,8,855.0,371.0,203.0,128.0,1.0,3,0.139
53,9,266.0,355.0,88.0,147.0,1.0,0,1.0
54,1,179.0,242.0,166.0,87.0,1.0,0,0.98
54,2,722.0,402.0,227.0,143.0,1.0,3,0.424
54,3,83.0,412.0,18.0,82.0,1.0,0,1.0
54,4,785.0,433.0,230.0,145.0,1.0,3,0.561
54,5,256.0,323.0,49.0,128.0,1.0,0,0.415
54,6,773.0,266.0,251.0,158.0,1.0,3,0.556
54,7,186.0,408.0,75.0,126.0,1.0,0,1.0
54,8,851.0,371.0,203.0,128.0,1.0,3,0.143
54,9,269.0,355.0,88.0,147.0,1.0,0,1.0
55,1,182.0,242.0,166.0,87.0,1.0,0,0.98
55,2,718.0,402.0,227.0,143.0,1.0,3,0.43
55,3,86.0,412.0,18.0,82.0,1.0,0,1.0
55,4,781.0,434.0,230.0,145.0,1.0,3,0.569
55,5,259.0,323.0,49.0,128.0,1.0,0,0.399
55,6,771.0,266.0,251.0,158.0,1.0,3,0.561
55,7,189.0,408.0,75.0,126.0,1.0,0,1.0
55,8,848.0,371.0,203.0,128.0,1.0,3,0.152
55,9,271.0,355.0,88.0,147.0,1.0,0,1.0
56,1,185.0,242.0,166.0,87.0,1.0,0,0.98
56,2,714.0,402.0,227.0,143.0,1.0,3,0.433
56,3,88.0,412.0,18.0,83.0,1.0,0,1.0
56,4,778.0,434.0,230.0,145.0,1.0,3,0.578
56,5,262.0,323.0,49.0,128.0,1.0,0,0.399
56,6,769.0,266.0,251.0,158.0,1.0,3,0.564
56,7,192.0,408.0,75.0,126.0,1.0,0,1.0
56,8,844.0,371.0,203.0,128.0,1.0,3,0.162
56,9,274.0,355.0,88.0,147.0,1.0,0,1.0
57,1,188.0,242.0,166.0,87.0,1.0,0,0.98
57,2,711.0,402.0,227.0,143.0,1.0,3,0.43
57,3,91.0,412.0,18.0,83.0,1.0,0,1.0
57,4,774.0,434.0,230.0,145.0,1.0,3,0.591
57,5,265.0,323.0,49.0,128.0,1.0,0,0.406
57,6,767.0,266.0,251.0,158.0,1.0,3,0.569
57,7,194.0,408.0,75.0,126.0,1.0,0,1.0
57,8,841.0,371.0,203.0,128.0,1.0,3,0.169
57,9,277.0,355.0,88.0,147.0,1.0,0,1.0
58,1,191.0,241.0,166.0,87.0,1.0,0,0.983
58,2,707.0,402.0,227.0,143.0,1.0,3,0.433
58,3,94.0,412.0,18.0,83.0,1.0,0,1.0
58,4,771.0,434.0,230.0,145.0,1.0,3,0.601
58,5,268.0,323.0,49.0,128.0,1.0,0,0.406
58,6,765.0,266.0,251.0,158.0,1.0,3,0.573
58,7,197.0,408.0,75.0,126.0,1.0,0,1.0
58,8,837.0,371.0,203.0,128.0,1.0,3,0.179
58,9,280.0,355.0,88.0,147.0,1.0,0,1.0
59,1,193.0,241.0,166.0,87.0,1.0,0,0.983
59,2,704.0,401.0,227.0,143.0,1.0,3,0.44
59,3,96.0,412.0,18.0,83.0,1.0,0,1.0
59,4,768.0,434.0,230.0,145.0,1.0,3,0.61
59,5,271.0,323.0,49.0,128.0,1.0,0,0.406
59,6,763.0,267.0,252.0,159.0,1.0,3,0.564
59,7,200.0,408.0,75.0,126.0,1.0,0,1.0
59,8,834.0,371.0,203.0,128.0,1.0,3,0.182
59,9,283.0,355.0,88.0,147.0,1.0,0,1.0
60,1,196.0,241.0,166.0,87.0,1.0,0,0.983
60,2,700.0,401.0,227.0,143.0,1.0,3,0.445
60,3,99.0,412.0,18.0,83.0,1.0,0,1.0
60,4,764.0,435.0,230.0,145.0,1.0,3,0.617
60,5,274.0,323.0,49.0,128.0,1.0,0,0.406
60,6,761.0,267.0,252.0,159.0,1.0,3,0.569
60,7,203.0,408.0,75.0,126.0,1.0,0,1.0
60,8,831.0,371.0,203.0,128.0,1.0,3,0.192
60,9,286.0,355.0,88.0,147.0,1.0,0,1.0
61,1,199.0,241.0,166.0,87.0,1.0,0,0.983
61,2,697.0,401.0,227.0,143.0,1.0,3,0.445
61,3,101.0,412.0,18.0,83.0,1.0,0,1.0
61,4,761.0,435.0,232.0,146.0,1.0,3,0.617
61,5,277.0,323.0,49.0,129.0,1.0,0,0.396
61,6,759.0,267.0,252.0,159.0,1.0,3,0.573
61,7,205.0,407.0,75.0,126.0,1.0,0,1.0
61,8,827.0,371.0,203.0,128.0,1.0,3,0.201
61,9,288.0,355.0,88.0,147.0,1.0,0,1.0
62,1,202.0,240.0,166.0,87.0,1.0,0,0.986
62,2,693.0,401.0,227.0,143.0,1.0,3,0.448
62,3,104.0,412.0,18.0,83.0,1.0,0,1.0
62,4,758.0,435.0,232.0,146.0,1.0,3,0.626
62,5,280.0,323.0,49.0,129.0,1.0,0,0.396
62,6,757.0,267.0,252.0,159.0,1.0,3,0.58
62,7,208.0,407.0,75.0,126.0,1.0,0,1.0
62,8,824.0,372.0,203.0,128.0,1.0,3,0.204
62,9,291.0,355.0,88.0,147.0,1.0,0,1.0
63,1,205.0,240.0,166.0,87.0,1.0,0,0.986
63,2,689.0,400.0,227.0,143.0,1.0,3,0.455
63,3,106.0,412.0,18.0,83.0,1.0,0,1.0
63,4,754.0,435.0,232.0,146.0,1.0,3,0.639
63,5,283.0,323.0,49.0,129.0,1.0,0,0.396
63,6,755.0,267.0,252.0,159.0,1.0,3,0.583
63,7,211.0,407.0,75.0,126.0,1.0,0,1.0
63,8,820.0,372.0,203.0,128.0,1.0,3,0.21
63,9,294.0,355.0,88.0,147.0,1.0,0,1.0
64,1,208.0,240.0,166.0,87.0,1.0,0,0.986
64,2,686.0,400.0,229.0,144.0,1.0,3,0.455
64,3,109.0,412.0,18.0,83.0,1.0,0,1.0
64,4,751.0,436.0,232.0,146.0,1.0,3,0.642
64,5,286.0,323.0,49.0,129.0,1.0,0,0.396
64,6,753.0,267.0,252.0,159.0,1.0,3,0.587
64,7,214.0,407.0,75.0,126.0,1.0,0,1.0
64,8,817.0,372.0,203.0,128.0,1.0,3,0.216
64,9,297.0,355.0,88.0,147.0,1.0,0,1.0
65,1,210.0,240.0,166.0,87.0,1.0,0,0.986
65,2,682.0,400.0,229.0,144.0,1.0,3,0.455
65,3,112.0,412.0,18.0,83.0,1.0,0,1.0
65,4,747.0,436.0,232.0,146.0,1.0,3,0.654
65,5,289.0,323.0,49.0,129.0,1.0,0,0.403
65,6,751.0,267.0,252.0,159.0,1.0,3,0.591
65,7,216.0,407.0,75.0,126.0,1.0,0,1.0
65,8,813.0,372.0,203.0,128.0,1.0,3,0.226
65,9,300.0,355.0,88.0,147.0,1.0,0,1.0
66,1,213.0,240.0,164.0,86.0,1.0,0,0.99
66,2,679.0,400.0,229.0,144.0,1.0,3,0.455
66,3,114.0,412.0,18.0,83.0,1.0,0,1.0
66,4,744.0,436.0,232.0,146.0,1.0,3,0.663
66,5,292.0,323.0,49.0,129.0,1.0,0,0.403
66,6,749.0,267.0,252.0,159.0,1.0,3,0.596
66,7,219.0,407.0,75.0,126.0,1.0,0,1.0
66,8,810.0,372.0,203.0,128.0,1.0,3,0.234
66,9,303.0,355.0,88.0,147.0,1.0,0,1.0
67,1,216.0,239.0,164.0,86.0,1.0,0,0.993
67,2,675.0,400.0,229.0,144.0,1.0,3,0.458
67,3,117.0,412.0,18.0,83.0,1.0,0,1.0
67,4,741.0,436.0,232.0,146.0,1.0,3,0.672
67,5,295.0,323.0,49.0,129.0,1.0,0,0.387
67,6,747.0,267.0,252.0,159.0,1.0,3,0.599
67,7,222.0,407.0,75.0,126.0,1.0,0,1.0
67,8,806.0,372.0,203.0,128.0,1.0,3,0.244
67,9,305.0,355.0,88.0,147.0,1.0,0,1.0
68,1,219.0,239.0,164.0,86.0,1.0,0,0.99
68,2,672.0,399.0,229.0,144.0,1.0,3,0.462
68,3,119.0,412.0,18.0,83.0,1.0,0,1.0
68,4,737.0,436.0,232.0,146.0,1.0,3,0.685
68,5,298.0,322.0,49.0,129.0,1.0,0,0.394
68,6,745.0,267.0,252.0,159.0,1.0,3,0.603
68,7,225.0,407.0,75.0,126.0,1.0,0,1.0
68,8,803.0,372.0,203.0,128.0,1.0,3,0.247
68,9,308.0,355.0,88.0,147.0,1.0,0,1.0
69,1,222.0,239.0,164.0,86.0,1.0,0,0.99
69,2,668.0,399.0,229.0,144.0,1.0,3,0.47
69,3,122.0,412.0,18.0,83.0,1.0,0,1.0
69,4,734.0,437.0,232.0,146.0,1.0,3,0.687
69,5,301.0,322.0,49.0,129.0,1.0,0,0.395
69,6,743.0,268.0,252.0,159.0,1.0,3,0.602
69,7,227.0,407.0,75.0,126.0,1.0,0,1.0
69,8,800.0,372.0,202.0,127.0,1.0,3,0.262
69,9,311.0,354.0,88.0,147.0,1.0,0,1.0
70,1,225.0,239.0,164.0,86.0,1.0,0,0.99
70,2,664.0,399.0,229.0,144.0,1.0,3,0.47
70,3,125.0,412.0,18.0,83.0,1.0,0,1.0
70,4,730.0,437.0,232.0,146.0,1.0,3,0.699
70,5,304.0,322.0,49.0,129.0,1.0,0,0.395
70,6,741.0,268.0,252.0,159.0,1.0,3,0.61
70,7,230.0,407.0,75.0,126.0,1.0,0,1.0
70,8,796.0,373.0,202.0,127.0,1.0,3,0.265
70,9,314.0,354.0,88.0,147.0,1.0,0,1.0
71,1,227.0,238.0,164.0,86.0,1.0,0,0.993
71,2,661.0,399.0,229.0,144.0,1.0,3,0.47
71,3,127.0,412.0,18.0,83.0,1.0,0,1.0
71,4,727.0,437.0,232.0,146.0,1.0,3,0.705
71,5,307.0,322.0,49.0,129.0,1.0,0,0.395
71,6,739.0,268.0,252.0,159.0,1.0,3,0.614
71,7,233.0,407.0,75.0,126.0,1.0,0,1.0
71,8,793.0,373.0,202.0,127.0,1.0,3,0.275
71,9,317.0,354.0,88.0,147.0,1.0,0,1.0
72,1,230.0,238.0,164.0,86.0,1.0,0,0.993
72,2,657.0,398.0,229.0,144.0,1.0,3,0.48
72,3,130.0,412.0,18.0,83.0,1.0,0,1.0
72,4,724.0,437.0,232.0,146.0,1.0,3,0.705
72,5,310.0,322.0,49.0,129.0,1.0,0,0.395
72,6,737.0,268.0,252.0,159.0,1.0,3,0.617
72,7,236.0,407.0,75.0,126.0,1.0,0,1.0
72,8,789.0,373.0,202.0,127.0,1.0,3,0.289
72,9,320.0,354.0,88.0,147.0,1.0,0,1.0
73,1,233.0,238.0,164.0,86.0,1.0,0,0.993
73,2,654.0,398.0,229.0,144.0,1.0,3,0.477
73,3,132.0,412.0,18.0,83.0,1.0,0,1.0
73,4,720.0,437.0,233.0,147.0,1.0,3,0.701
73,5,313.0,322.0,50.0,130.0,1.0,0,0.382
73,6,735.0,268.0,252.0,159.0,1.0,3,0.621
73,7,238.0,407.0,75.0,126.0,1.0,0,1.0
73,8,786.0,373.0,202.0,127.0,1.0,3,0.304
73,9,322.0,354.0,88.0,147.0,1.0,0,1.0
74,1,236.0,238.0,164.0,86.0,1.0,0,0.993
74,2,650.0,398.0,229.0,144.0,1.0,3,0.485
74,3,135.0,412.0,18.0,83.0,1.0,0,1.0
74,4,717.0,438.0,233.0,147.0,1.0,3,0.694
74,5,316.0,322.0,50.0,130.0,1.0,0,0.382
74,6,733.0,268.0,252.0,159.0,1.0,3,0.625
74,7,241.0,407.0,75.0,126.0,1.0,0,1.0
74,8,782.0,373.0,202.0,127.0,1.0,3,0.324
74,9,325.0,354.0,88.0,147.0,1.0,0,1.0
75,1,239.0,237.0,164.0,86.0,1.0,0,0.996
75,2,647.0,398.0,229.0,144.0,1.0,3,0.485
75,3,137.0,413.0,18.0,83.0,1.0,0,1.0
75,4,714.0,438.0,233.0,147.0,1.0,3,0.694
75,5,319.0,322.0,50.0,130.0,1.0,0,0.382
75,6,731.0,268.0,252.0,159.0,1.0,3,0.63
75,7,244.0,407.0,75.0,126.0,1.0,0,1.0
75,8,779.0,373.0,202.0,127.0,1.0,3,0.339
75,9,328.0,354.0,88.0,147.0,1.0,0,1.0
76,1,241.0,237.0,164.0,86.0,1.0,0,0.996
76,2,643.0,398.0,229.0,144.0,1.0,3,0.485
76,3,140.0,413.0,18.0,83.0,1.0,0,1.0
76,4,710.0,438.0,233.0,147.0,1.0,3,0.694
76,5,322.0,322.0,50.0,130.0,1.0,0,0.382
76,6,729.0,268.0,252.0,159.0,1.0,3,0.635
76,7,247.0,407.0,75.0,126.0,1.0,0,1.0
76,8,776.0,373.0,202.0,127.0,1.0,3,0.358
76,9,331.0,354.0,88.0,147.0,1.0,0,1.0
77,1,244.0,237.0,164.0,86.0,1.0,0,0.996
77,2,639.0,397.0,229.0,144.0,1.0,3,0.495
77,3,143.0,413.0,18.0,83.0,1.0,0,1.0
77,4,707.0,438.0,233.0,147.0,1.0,3,0.694
77,5,325.0,322.0,50.0,130.0,1.0,0,0.382
77,6,727.0,268.0,252.0,159.0,1.0,3,0.638
77,7,249.0,407.0,75.0,126.0,1.0,0,1.0
77,8,772.0,373.0,202.0,127.0,1.0,3,0.371
77,9,334.0,354.0,88.0,147.0,1.0,0,1.0
78,1,247.0,237.0,164.0,86.0,1.0,0,0.996
78,2,636.0,397.0,229.0,144.0,1.0,3,0.497
78,3,145.0,413.0,18.0,83.0,1.0,0,1.0
78,4,703.0,439.0,233.0,147.0,1.0,3,0.687
78,5,328.0,322.0,50.0,130.0,1.0,0,0.382
78,6,725.0,268.0,252.0,159.0,1.0,3,0.642
78,7,252.0,407.0,75.0,126.0,1.0,0,1.0
78,8,769.0,373.0,202.0,127.0,1.0,3,0.391
78,9,337.0,354.0,88.0,147.0,1.0,0,1.0
79,1,250.0,237.0,164.0,86.0,1.0,0,0.996
79,2,632.0,397.0,229.0,144.0,1.0,3,0.5
79,3,148.0,413.0,18.0,83.0,1.0,0,1.0
79,4,700.0,439.0,233.0,147.0,1.0,3,0.687
79,5,331.0,322.0,50.0,130.0,1.0,0,0.367
79,6,723.0,269.0,252.0,159.0,1.0,3,0.645
79,7,255.0,407.0,75.0,126.0,1.0,0,1.0
79,8,765.0,374.0,202.0,127.0,1.0,3,0.402
79,9,339.0,354.0,88.0,147.0,1.0,0,1.0
80,1,253.0,236.0,164.0,86.0,1.0,0,1.0
80,2,629.0,397.0,230.0,145.0,1.0,3,0.496
80,3,150.0,413.0,18.0,83.0,1.0,0,1.0
80,4,697.0,439.0,233.0,147.0,1.0,3,0.687
80,5,334.0,322.0,50.0,130.0,1.0,0,0.367
80,6,721.0,269.0,252.0,159.0,1.0,3,0.65
80,7,258.0,407.0,75.0,126.0,1.0,0,1.0
80,8,762.0,374.0,202.0,127.0,1.0,3,0.415
80,9,342.0,354.0,88.0,147.0,1.0,0,1.0
81,1,256.0,236.0,164.0,86.0,1.0,0,1.0
81,2,625.0,396.0,230.0,145.0,1.0,3,0.502
81,3,153.0,413.0,18.0,84.0,1.0,0,1.0
81,4,693.0,439.0,233.0,147.0,1.0,3,0.687
81,5,337.0,322.0,50.0,130.0,1.0,0,0.367
81,6,719.0,269.0,252.0,159.0,1.0,3,0.653
81,7,260.0,407.0,75.0,126.0,1.0,0,1.0
81,8,758.0,374.0,202.0,127.0,1.0,3,0.431
81,9,345.0,354.0,88.0,147.0,1.0,0,1.0
82,1,258.0,236.0,164.0,86.0,1.0,0,1.0
82,2,622.0,396.0,230.0,145.0,1.0,3,0.502
82,3,155.0,413.0,18.0,84.0,1.0,0,1.0
82,4,690.0,439.0,233.0,147.0,1.0,3,0.687
82,5,340.0,322.0,50.0,130.0,1.0,0,0.367
82,6,717.0,269.0,252.0,159.0,1.0,3,0.662
82,7,263.0,407.0,75.0,126.0,1.0,0,1.0
82,8,755.0,374.0,202.0,127.0,1.0,3,0.431
82,9,348.0,354.0,88.0,147.0,1.0,0,1.0
83,1,261.0,236.0,164.0,86.0,1.0,0,0.996
83,2,618.0,396.0,230.0,145.0,1.0,3,0.507
83,3,158.0,413.0,18.0,84.0,1.0,0,1.0
83,4,686.0,440.0,233.0,147.0,1.0,3,0.68
83,5,343.0,321.0,50.0,130.0,1.0,0,0.373
83,6,715.0,269.0,252.0,159.0,1.0,3,0.671
83,7,266.0,407.0,75.0,126.0,1.0,0,1.0
83,8,751.0,374.0,202.0,127.0,1.0,3,0.434
83,9,351.0,354.0,88.0,148.0,1.0,0,0.966
84,1,264.0,235.0,164.0,86.0,1.0,0,1.0
84,2,614.0,396.0,230.0,145.0,1.0,3,0.51
84,3,161.0,413.0,18.0,84.0,1.0,0,1.0
84,4,683.0,440.0,233.0,147.0,1.0,3,0.68
84,5,346.0,321.0,50.0,130.0,1.0,0,0.373
84,6,713.0,269.0,252.0,159.0,1.0,3,0.68
84,7,269.0,407.0,75.0,126.0,1.0,0,1.0
84,8,748.0,374.0,202.0,127.0,1.0,3,0.436
84,9,354.0,354.0,88.0,148.0,1.0,0,0.932
85,1,267.0,235.0,164.0,86.0,1.0,0,1.0
85,2,611.0,396.0,230.0,145.0,1.0,3,0.51
85,3,163.0,413.0,18.0,84.0,1.0,0,1.0
85,4,680.0,440.0,233.0,147.0,1.0,3,0.68
85,5,349.0,321.0,50.0,131.0,1.0,0,0.357
85,6,711.0,269.0,252.0,159.0,1.0,3,0.689
85,7,271.0,407.0,75.0,126.0,1.0,0,1.0
85,8,745.0,374.0,202.0,127.0,1.0,3,0.436
85,9,356.0,354.0,88.0,148.0,1.0,0,0.909
86,1,270.0,235.0,164.0,86.0,1.0,0,1.0
86,2,607.0,395.0,230.0,145.0,1.0,3,0.517
86,3,166.0,413.0,18.0,84.0,1.0,0,1.0
86,4,676.0,440.0,235.0,148.0,1.0,3,0.676
86,5,352.0,321.0,50.0,131.0,1.0,0,0.357
86,6,709.0,269.0,252.0,159.0,1.0,3,0.697
86,7,274.0,407.0,75.0,126.0,1.0,0,1.0
86,8,741.0,374.0,202.0,127.0,1.0,3,0.427
86,9,359.0,354.0,88.0,148.0,1.0,0,0.875
87,1,273.0,235.0,162.0,85.0,1.0,0,1.0
87,2,604.0,395.0,230.0,145.0,1.0,3,0.522
87,3,168.0,413.0,18.0,84.0,1.0,0,1.0
87,4,673.0,441.0,235.0,148.0,1.0,3,0.669
87,5,355.0,321.0,50.0,131.0,1.0,0,0.357
87,6,707.0,269.0,252.0,159.0,1.0,3,0.707
87,7,277.0,407.0,75.0,126.0,1.0,0,1.0
87,8,738.0,375.0,202.0,127.0,1.0,3,0.424
87,9,362.0,354.0,88.0,148.0,1.0,0,0.841
88,1,275.0,234.0,162.0,85.0,1.0,0,0.994
88,2,600.0,395.0,230.0,145.0,1.0,3,0.525
88,3,171.0,413.0,18.0,84.0,1.0,0,1.0
88,4,670.0,441.0,235.0,148.0,1.0,3,0.669
88,5,358.0,321.0,50.0,131.0,1.0,0,0.35
88,6,705.0,269.0,252.0,159.0,1.0,3,0.709
88,7,280.0,407.0,75.0,126.0,1.0,0,1.0
88,8,734.0,375.0,202.0,127.0,1.0,3,0.421
88,9,365.0,353.0,88.0,148.0,1.0,0,0.807
89,1,278.0,234.0,162.0,85.0,1.0,0,0.975
89,2,597.0,395.0,230.0,145.0,1.0,3,0.522
89,3,173.0,413.0,18.0,84.0,1.0,0,1.0
89,4,666.0,441.0,235.0,148.0,1.0,3,0.669
89,5,361.0,321.0,50.0,131.0,1.0,0,0.35
89,6,703.0,270.0,252.0,159.0,1.0,3,0.704
89,7,282.0,407.0,75.0,126.0,1.0,0,1.0
89,8,731.0,375.0,202.0,127.0,1.0,3,0.424
89,9,368.0,353.0,88.0,148.0,1.0,0,0.773
90,1,281.0,234.0,162.0,85.0,1.0,0,0.957
90,2,593.0,394.0,230.0,145.0,1.0,3,0.53
90,3,176.0,413.0,18.0,84.0,1.0,0,1.0
90,4,663.0,441.0,235.0,148.0,1.0,3,0.669
90,5,364.0,321.0,50.0,131.0,1.0,0,0.35
90,6,701.0,270.0,252.0,159.0,1.0,3,0.705
90,7,285.0,407.0,75.0,126.0,1.0,0,1.0
90,8,727.0,375.0,202.0,127.0,1.0,3,0.418
90,9,371.0,353.0,88.0,148.0,1.0,0,0.739
91,1,284.0,234.0,162.0,85.0,1.0,0,0.938
91,2,589.0,394.0,230.0,145.0,1.0,3,0.53
91,3,179.0,413.0,18.0,84.0,1.0,0,1.0
91,4,659.0,441.0,235.0,148.0,1.0,3,0.669
91,5,367.0,321.0,50.0,131.0,1.0,0,0.335
91,6,699.0,270.0,252.0,159.0,1.0,3,0.706
91,7,288.0,407.0,75.0,126.0,1.0,0,1.0
91,8,724.0,375.0,202.0,127.0,1.0,3,0.422
91,9,373.0,353.0,88.0,148.0,1.0,0,0.716
92,1,287.0,234.0,162.0,85.0,1.0,0,0.92
92,2,586.0,394.0,230.0,145.0,1.0,3,0.535
92,3,181.0,413.0,18.0,84.0,1.0,0,1.0
92,4,656.0,442.0,235.0,148.0,1.0,3,0.662
92,5,370.0,321.0,50.0,131.0,1.0,0,0.335
92,6,697.0,270.0,252.0,159.0,1.0,3,0.708
92,7,291.0,407.0,75.0,126.0,1.0,0,1.0
92,8,720.0,375.0,202.0,127.0,1.0,3,0.42
92,9,376.0,353.0,88.0,148.0,1.0,0,0.682
93,1,290.0,233.0,162.0,85.0,1.0,0,0.901
93,2,582.0,394.0,230.0,145.0,1.0,3,0.538
93,3,184.0,413.0,18.0,84.0,1.0,0,1.0
93,4,653.0,442.0,235.0,148.0,1.0,3,0.662
93,5,373.0,321.0,50.0,131.0,1.0,0,0.335
93,6,696.0,270.0,252.0,159.0,1.0,3,0.709
93,7,293.0,407.0,75.0,126.0,1.0,0,1.0
93,8,717.0,375.0,202.0,127.0,1.0,3,0.422
93,9,379.0,353.0,88.0,148.0,1.0,0,0.648
94,1,292.0,233.0,162.0,85.0,1.0,0,0.889
94,2,579.0,394.0,230.0,145.0,1.0,3,0.535
94,3,186.0,413.0,18.0,84.0,1.0,0,1.0
94,4,649.0,442.0,235.0,148.0,1.0,3,0.662
94,5,376.0,321.0,50.0,131.0,1.0,0,0.335
94,6,694.0,270.0,252.0,159.0,1.0,3,0.71
94,7,296.0,407.0,75.0,126.0,1.0,0,1.0
94,8,714.0,375.0,202.0,127.0,1.0,3,0.425
94,9,382.0,353.0,88.0,148.0,1.0,0,0.614
95,1,295.0,233.0,162.0,85.0,1.0,0,0.87
95,2,575.0,393.0,230.0,145.0,1.0,3,0.542
95,3,189.0,413.0,18.0,84.0,1.0,0,1.0
95,4,646.0,442.0,235.0,148.0,1.0,3,0.662
95,5,379.0,321.0,50.0,131.0,1.0,0,0.335
95,6,692.0,270.0,252.0,159.0,1.0,3,0.717
95,7,299.0,407.0,75.0,126.0,1.0,0,1.0
95,8,710.0,376.0,202.0,127.0,1.0,3,0.412
95,9,385.0,353.0,88.0,148.0,1.0,0,0.58
96,1,298.0,233.0,162.0,85.0,1.0,0,0.852
96,2,572.0,393.0,232.0,146.0,1.0,3,0.541
96,3,191.0,413.0,18.0,84.0,1.0,0,1.0
96,4,642.0,443.0,235.0,148.0,1.0,3,0.655
96,5,382.0,321.0,50.0,131.0,1.0,0,0.335
96,6,690.0,270.0,252.0,159.0,1.0,3,0.718
96,7,302.0,407.0,75.0,126.0,1.0,0,1.0
96,8,707.0,376.0,202.0,127.0,1.0,3,0.413
96,9,388.0,353.0,88.0,148.0,1.0,0,0.545
97,1,301.0,232.0,162.0,85.0,1.0,0,0.833
97,2,568.0,393.0,232.0,146.0,1.0,3,0.544
97,3,194.0,413.0,18.0,84.0,1.0,0,1.0
97,4,639.0,443.0,235.0,148.0,1.0,3,0.655
97,5,385.0,320.0,50.0,132.0,1.0,0,0.325
97,6,688.0,270.0,252.0,159.0,1.0,3,0.719
97,7,304.0,407.0,75.0,126.0,1.0,0,1.0
97,8,703.0,376.0,202.0,127.0,1.0,3,0.411
97,9,390.0,353.0,88.0,148.0,1.0,0,0.523
98,1,304.0,232.0,162.0,85.0,1.0,0,0.815
98,2,565.0,393.0,232.0,146.0,1.0,3,0.544
98,3,197.0,413.0,18.0,84.0,1.0,0,1.0
98,4,636.0,443.0,236.0,149.0,1.0,3,0.651
98,5,388.0,320.0,50.0,132.0,1.0,0,0.315
98,6,686.0,270.0,252.0,159.0,1.0,3,0.72
98,7,307.0,407.0,75.0,126.0,1.0,0,1.0
98,8,700.0,376.0,202.0,127.0,1.0,3,0.409
98,9,393.0,353.0,88.0,148.0,1.0,0,0.489
99,1,306.0,232.0,162.0,85.0,1.0,0,0.802
99,2,561.0,392.0,232.0,146.0,1.0,3,0.548
99,3,199.0,413.0,18.0,84.0,1.0,0,1.0
99,4,632.0,443.0,236.0,149.0,1.0,3,0.651
99,5,391.0,320.0,50.0,132.0,1.0,0,0.3
99,6,684.0,271.0,252.0,159.0,1.0,3,0.716
99,7,310.0,407.0,75.0,126.0,1.0,0,1.0
99,8,696.0,376.0,202.0,127.0,1.0,3,0.405
99,9,396.0,353.0,88.0,148.0,1.0,0,0.455
100,1,309.0,232.0,162.0,85.0,1.0,0,0.784
100,2,557.0,392.0,232.0,146.0,1.0,3,0.551
100,3,202.0,413.0,18.0,84.0,1.0,0,1.0
100,4,629.0,443.0,236.0,149.0,1.0,3,0.651
100,5,394.0,320.0,50.0,132.0,1.0,0,0.285
100,6,682.0,271.0,252.0,159.0,1.0,3,0.717
100,7,313.0,407.0,75.0,126.0,1.0,0,1.0
100,8,693.0,376.0,202.0,127.0,1.0,3,0.407
100,9,399.0,353.0,88.0,148.0,1.0,0,0.42
101,1,312.0,231.0,162.0,85.0,1.0,0,0.765
101,2,554.0,392.0,232.0,146.0,1.0,3,0.556
101,3,204.0,413.0,18.0,84.0,1.0,0,1.0
101,4,626.0,444.0,236.0,149.0,1.0,3,0.644
101,5,397.0,320.0,50.0,132.0,1.0,0,0.27
101,6,680.0,271.0,252.0,159.0,1.0,3,0.719
101,7,315.0,406.0,75.0,126.0,1.0,0,1.0
101,8,689.0,376.0,202.0,127.0,1.0,3,0.406
101,9,402.0,353.0,88.0,148.0,1.0,0,0.386
102,1,315.0,231.0,162.0,85.0,1.0,0,0.747
102,2,550.0,392.0,232.0,146.0,1.0,3,0.556
102,3,207.0,413.0,18.0,84.0,1.0,0,1.0
102,4,622.0,444.0,236.0,149.0,1.0,3,0.644
102,5,400.0,320.0,50.0,132.0,1.0,0,0.255
102,6,678.0,271.0,252.0,159.0,1.0,3,0.72
102,7,318.0,406.0,75.0,126.0,1.0,0,1.0
102,8,686.0,376.0,202.0,127.0,1.0,3,0.41
102,9,405.0,353.0,88.0,148.0,1.0,0,0.352
103,1,318.0,231.0,162.0,85.0,1.0,0,0.728
103,2,547.0,392.0,232.0,146.0,1.0,3,0.556
103,3,210.0,413.0,18.0,84.0,1.0,0,1.0
103,4,619.0,444.0,236.0,149.0,1.0,3,0.644
103,5,403.0,320.0,50.0,132.0,1.0,0,0.225
103,6,676.0,271.0,252.0,159.0,1.0,3,0.721
103,7,321.0,406.0,75.0,126.0,1.0,0,1.0
103,8,683.0,376.0,202.0,127.0,1.0,3,0.41
103,9,407.0,353.0,88.0,148.0,1.0,0,0.33
104,1,321.0,231.0,162.0,85.0,1.0,0,0.71
104,2,543.0,391.0,232.0,146.0,1.0,3,0.561
104,3,212.0,413.0,18.0,84.0,1.0,0,1.0
104,4,615.0,444.0,236.0,149.0,1.0,3,0.644
104,5,406.0,320.0,50.0,132.0,1.0,0,0.21
104,6,674.0,271.0,252.0,159.0,1.0,3,0.728
104,7,324.0,406.0,75.0,126.0,1.0,0,1.0
104,8,679.0,377.0,202.0,127.0,1.0,3,0.399
104,9,410.0,353.0,88.0,148.0,1.0,0,0.295
105,1,323.0,231.0,162.0,85.0,1.0,0,0.698
105,2,540.0,391.0,232.0,146.0,1.0,3,0.565
105,3,215.0,413.0,18.0,84.0,1.0,0,1.0
105,4,612.0,445.0,236.0,149.0,1.0,3,0.638
105,5,409.0,320.0,50.0,132.0,1.0,0,0.195
105,6,672.0,271.0,252.0,159.0,1.0,3,0.729
105,7,326.0,406.0,75.0,126.0,1.0,0,1.0
105,8,676.0,377.0,202.0,127.0,1.0,3,0.402
105,9,413.0,353.0,88.0,148.0,1.0,0,0.261
106,1,326.0,230.0,162.0,85.0,1.0,0,0.679
106,2,536.0,391.0,232.0,146.0,1.0,3,0.568
106,3,217.0,413.0,19.0,85.0,1.0,0,1.0
106,4,609.0,445.0,236.0,149.0,1.0,3,0.638
106,5,412.0,320.0,50.0,132.0,1.0,0,0.18
106,6,670.0,271.0,252.0,159.0,1.0,3,0.731
106,7,329.0,406.0,75.0,126.0,1.0,0,1.0
106,8,672.0,377.0,202.0,127.0,1.0,3,0.4
106,9,416.0,353.0,88.0,148.0,1.0,0,0.227
107,1,329.0,230.0,162.0,85.0,1.0,0,0.66
107,2,532.0,391.0,232.0,146.0,1.0,3,0.568
107,3,220.0,413.0,19.0,85.0,1.0,0,1.0
107,4,605.0,445.0,236.0,149.0,1.0,3,0.638
107,5,415.0,320.0,50.0,132.0,1.0,0,0.165
107,6,668.0,271.0,252.0,159.0,1.0,3,0.732
107,7,332.0,406.0,75.0,126.0,1.0,0,1.0
107,8,669.0,377.0,202.0,127.0,1.0,3,0.404
107,9,419.0,353.0,88.0,148.0,1.0,0,0.193
108,1,332.0,230.0,162.0,85.0,1.0,0,0.642
108,2,529.0,390.0,232.0,146.0,1.0,3,0.573
108,3,222.0,413.0,19.0,85.0,1.0,0,1.0
108,4,602.0,445.0,236.0,149.0,1.0,3,0.638
108,5,418.0,320.0,50.0,132.0,1.0,0,0.148
108,6,666.0,271.0,252.0,159.0,1.0,3,0.734
108,7,335.0,406.0,75.0,126.0,1.0,0,1.0
108,8,665.0,377.0,202.0,127.0,1.0,3,0.396
108,9,422.0,352.0,88.0,148.0,1.0,0,0.159
109,1,335.0,230.0,160.0,84.0,1.0,0,0.631
109,2,525.0,390.0,232.0,146.0,1.0,3,0.573
109,3,225.0,413.0,19.0,85.0,1.0,0,1.0
109,4,598.0,445.0,236.0,149.0,1.0,3,0.638
109,5,421.0,320.0,51.0,133.0,1.0,0,0.115
109,6,664.0,272.0,252.0,159.0,1.0,3,0.73
109,7,337.0,406.0,75.0,126.0,1.0,0,1.0
109,8,662.0,377.0,202.0,127.0,1.0,3,0.401
109,9,424.0,352.0,88.0,148.0,1.0,0,0.136
110,1,338.0,229.0,160.0,84.0,1.0,0,0.613
110,2,522.0,390.0,232.0,146.0,1.0,3,0.569
110,3,228.0,413.0,19.0,85.0,1.0,0,1.0
110,4,595.0,446.0,238.0,150.0,1.0,3,0.627
110,5,424.0,320.0,51.0,133.0,1.0,0,0.101
110,6,662.0,272.0,252.0,159.0,1.0,3,0.733
110,7,340.0,406.0,75.0,126.0,1.0,0,1.0
110,8,658.0,377.0,202.0,127.0,1.0,3,0.395
110,9,427.0,352.0,88.0,148.0,1.0,0,0.102
111,1,340.0,229.0,160.0,84.0,1.0,0,0.6
111,2,518.0,390.0,232.0,146.0,1.0,3,0.554
111,3,230.0,413.0,19.0,85.0,1.0,0,1.0
111,4,592.0,446.0,238.0,150.0,1.0,3,0.627
111,5,427.0,319.0,51.0,133.0,1.0,0,0.088
111,6,660.0,272.0,252.0,159.0,1.0,3,0.735
111,7,343.0,406.0,75.0,126.0,1.0,0,1.0
111,8,655.0,377.0,202.0,127.0,1.0,3,0.397
111,9,430.0,352.0,88.0,148.0,1.0,0,0.068
112,1,343.0,229.0,160.0,84.0,1.0,0,0.581
112,2,515.0,390.0,232.0,146.0,1.0,3,0.539
112,3,233.0,413.0,19.0,85.0,1.0,0,1.0
112,4,588.0,446.0,238.0,150.0,1.0,3,0.627
112,5,430.0,319.0,51.0,133.0,1.0,0,0.073
112,6,658.0,272.0,252.0,159.0,1.0,3,0.741
112,7,346.0,406.0,75.0,126.0,1.0,0,1.0
112,8,652.0,378.0,202.0,127.0,1.0,3,0.392
112,9,433.0,352.0,88.0,148.0,1.0,0,0.034
113,1,346.0,229.0,160.0,84.0,1.0,0,0.562
113,2,511.0,389.0,233.0,147.0,1.0,3,0.526
113,3,235.0,413.0,19.0,85.0,1.0,0,1.0
113,4,585.0,446.0,238.0,150.0,1.0,3,0.627
113,5,433.0,319.0,51.0,133.0,1.0,0,0.059
113,6,656.0,272.0,252.0,159.0,1.0,3,0.743
113,7,348.0,406.0,75.0,126.0,1.0,0,1.0
113,8,648.0,378.0,202.0,127.0,1.0,3,0.384
113,9,436.0,352.0,88.0,148.0,1.0,0,0.0
114,1,349.0,228.0,160.0,84.0,1.0,0,0.544
114,2,507.0,389.0,233.0,147.0,1.0,3,0.509
114,3,238.0,413.0,19.0,85.0,1.0,0,1.0
114,4,581.0,446.0,238.0,150.0,1.0,3,0.627
114,5,436.0,319.0,51.0,133.0,1.0,0,0.0
114,6,654.0,272.0,252.0,159.0,1.0,3,0.745
114,7,351.0,406.0,75.0,126.0,1.0,0,1.0
114,8,645.0,378.0,202.0,127.0,1.0,3,0.389
114,9,439.0,352.0,88.0,148.0,1.0,0,0.009
115,1,352.0,228.0,160.0,84.0,1.0,0,0.525
115,2,504.0,389.0,233.0,147.0,1.0,3,0.501
115,3,240.0,413.0,19.0,85.0,1.0,0,1.0
115,4,578.0,447.0,238.0,150.0,1.0,3,0.62
115,5,439.0,319.0,51.0,133.0,1.0,0,0.0
115,6,652.0,272.0,252.0,159.0,1.0,3,0.747
115,7,354.0,406.0,75.0,126.0,1.0,0,1.0
115,8,641.0,378.0,202.0,127.0,1.0,3,0.387
115,9,441.0,352.0,88.0,148.0,1.0,0,0.014
116,1,355.0,228.0,160.0,84.0,1.0,0,0.506
116,2,500.0,389.0,233.0,147.0,1.0,3,0.486
116,3,243.0,414.0,19.0,85.0,1.0,0,1.0
116,4,575.0,447.0,238.0,150.0,1.0,3,0.62
116,5,442.0,319.0,51.0,133.0,1.0,0,0.0
116,6,650.0,272.0,252.0,159.0,1.0,3,0.749
116,7,357.0,406.0,75.0,126.0,1.0,0,1.0
116,8,638.0,378.0,202.0,127.0,1.0,3,0.39
116,9,444.0,352.0,88.0,148.0,1.0,0,0.023
117,1,357.0,228.0,160.0,84.0,1.0,0,0.494
117,2,497.0,388.0,233.0,147.0,1.0,3,0.476
117,3,246.0,414.0,19.0,85.0,1.0,0,1.0
117,4,571.0,447.0,238.0,150.0,1.0,3,0.62
117,5,445.0,319.0,51.0,133.0,1.0,0,0.0
117,6,648.0,272.0,252.0,159.0,1.0,3,0.751
117,7,359.0,406.0,75.0,126.0,1.0,0,1.0
117,8,634.0,378.0,202.0,127.0,1.0,3,0.384
117,9,447.0,352.0,88.0,148.0,1.0,0,0.03
118,1,360.0,228.0,160.0,84.0,1.0,0,0.475
118,2,493.0,388.0,233.0,147.0,1.0,3,0.461
118,3,248.0,414.0,19.0,85.0,1.0,0,1.0
118,4,568.0,447.0,238.0,150.0,1.0,3,0.62
118,5,448.0,319.0,51.0,133.0,1.0,0,0.0
118,6,646.0,272.0,252.0,159.0,1.0,3,0.753
118,7,362.0,406.0,75.0,126.0,1.0,0,0.987
118,8,631.0,378.0,202.0,127.0,1.0,3,0.386
118,9,450.0,352.0,88.0,148.0,1.0,0,0.039
119,1,363.0,227.0,160.0,84.0,1.0,0,0.456
119,2,490.0,388.0,233.0,147.0,1.0,3,0.453
119,3,251.0,414.0,19.0,85.0,1.0,0,1.0
119,4,565.0,448.0,238.0,150.0,1.0,3,0.613
119,5,451.0,319.0,51.0,133.0,1.0,0,0.0
119,6,644.0,272.0,252.0,159.0,1.0,3,0.755
119,7,365.0,406.0,75.0,126.0,1.0,0,0.947
119,8,627.0,378.0,202.0,127.0,1.0,3,0.384
119,9,453.0,352.0,88.0,148.0,1.0,0,0.047
120,1,366.0,227.0,160.0,84.0,1.0,0,0.45
120,2,486.0,388.0,233.0,147.0,1.0,3,0.436
120,3,253.0,414.0,19.0,85.0,1.0,0,1.0
120,4,561.0,448.0,238.0,150.0,1.0,3,0.613
120,5,454.0,319.0,51.0,133.0,1.0,0,0.0
120,6,642.0,273.0,252.0,159.0,1.0,3,0.752
120,7,368.0,406.0,75.0,126.0,1.0,0,0.907
120,8,624.0,378.0,202.0,127.0,1.0,3,0.389
120,9,456.0,352.0,88.0,148.0,1.0,0,0.055
121,1,369.0,227.0,160.0,84.0,1.0,0,0.45
121,2,482.0,388.0,233.0,147.0,1.0,3,0.421
121,3,256.0,414.0,19.0,85.0,1.0,0,1.0
121,4,558.0,448.0,238.0,150.0,1.0,3,0.613
121,5,457.0,319.0,51.0,134.0,1.0,0,0.0
121,6,640.0,273.0,252.0,159.0,1.0,3,0.758
121,7,370.0,406.0,75.0,126.0,1.0,0,0.88
121,8,621.0,379.0,202.0,127.0,1.0,3,0.385
121,9,458.0,352.0,88.0,148.0,1.0,0,0.061
122,1,371.0,227.0,160.0,84.0,1.0,0,0.45
122,2,479.0,387.0,233.0,147.0,1.0,3,0.41
122,3,258.0,414.0,19.0,85.0,1.0,0,1.0
122,4,554.0,448.0,240.0,151.0,1.0,3,0.609
122,5,460.0,319.0,51.0,134.0,1.0,0,0.0
122,6,638.0,273.0,252.0,159.0,1.0,3,0.761
122,7,373.0,406.0,75.0,126.0,1.0,0,0.84
122,8,617.0,379.0,202.0,127.0,1.0,3,0.374
122,9,461.0,352.0,88.0,148.0,1.0,0,0.067
123,1,374.0,226.0,160.0,84.0,1.0,0,0.45
123,2,475.0,387.0,233.0,147.0,1.0,3,0.395
123,3,261.0,414.0,19.0,85.0,1.0,0,1.0
123,4,551.0,448.0,240.0,151.0,1.0,3,0.609
123,5,463.0,319.0,51.0,134.0,1.0,0,0.0
123,6,636.0,273.0,252.0,159.0,1.0,3,0.762
123,7,376.0,406.0,75.0,126.0,1.0,0,0.8
123,8,614.0,379.0,202.0,127.0,1.0,3,0.376
123,9,464.0,352.0,88.0,148.0,1.0,0,0.075
124,1,377.0,226.0,160.0,84.0,1.0,0,0.45
124,2,472.0,387.0,233.0,147.0,1.0,3,0.387
124,3,264.0,414.0,19.0,85.0,1.0,0,1.0
124,4,548.0,449.0,240.0,151.0,1.0,3,0.603
124,5,466.0,319.0,51.0,134.0,1.0,0,0.0
124,6,634.0,273.0,252.0,159.0,1.0,3,0.765
124,7,379.0,406.0,75.0,126.0,1.0,0,0.76
124,8,610.0,379.0,202.0,127.0,1.0,3,0.375
124,9,467.0,352.0,88.0,148.0,1.0,0,0.083
125,1,380.0,226.0,160.0,84.0,1.0,0,0.45
125,2,468.0,387.0,233.0,147.0,1.0,3,0.37
125,3,266.0,414.0,19.0,85.0,1.0,0,1.0
125,4,544.0,449.0,240.0,151.0,1.0,3,0.603
125,5,469.0,319.0,51.0,134.0,1.0,0,0.0
125,6,632.0,273.0,252.0,159.0,1.0,3,0.766
125,7,381.0,406.0,75.0,126.0,1.0,0,0.733
125,8,607.0,379.0,202.0,127.0,1.0,3,0.38
125,9,470.0,352.0,88.0,148.0,1.0,0,0.091
126,1,383.0,226.0,160.0,84.0,1.0,0,0.45
126,2,465.0,386.0,233.0,147.0,1.0,3,0.362
126,3,269.0,414.0,19.0,85.0,1.0,0,1.0
126,4,541.0,449.0,240.0,151.0,1.0,3,0.603
126,5,472.0,318.0,51.0,134.0,1.0,0,0.0
126,6,630.0,273.0,252.0,159.0,1.0,3,0.771
126,7,384.0,406.0,75.0,126.0,1.0,0,0.693
126,8,603.0,379.0,200.0,126.0,1.0,3,0.367
126,9,473.0,352.0,88.0,148.0,1.0,0,0.097
127,1,386.0,225.0,160.0,84.0,1.0,0,0.45
127,2,461.0,386.0,233.0,147.0,1.0,3,0.345
127,3,271.0,414.0,19.0,85.0,1.0,0,1.0
127,4,537.0,449.0,240.0,151.0,1.0,3,0.603
127,5,475.0,318.0,51.0,134.0,1.0,0,0.01
127,6,628.0,273.0,252.0,159.0,1.0,3,0.772
127,7,387.0,406.0,75.0,126.0,1.0,0,0.653
127,8,600.0,379.0,200.0,126.0,1.0,3,0.372
127,9,475.0,351.0,88.0,148.0,1.0,0,0.105
128,1,388.0,225.0,160.0,84.0,1.0,0,0.45
128,2,457.0,386.0,233.0,147.0,1.0,3,0.334
128,3,274.0,414.0,19.0,85.0,1.0,0,1.0
128,4,534.0,450.0,240.0,151.0,1.0,3,0.596
128,5,478.0,318.0,51.0,134.0,1.0,0,0.024
128,6,626.0,273.0,252.0,159.0,1.0,3,0.775
128,7,390.0,406.0,75.0,126.0,1.0,0,0.613
128,8,596.0,379.0,200.0,126.0,1.0,3,0.373
128,9,478.0,351.0,88.0,148.0,1.0,0,0.113
129,1,391.0,225.0,160.0,84.0,1.0,0,0.45
129,2,454.0,386.0,235.0,148.0,1.0,3,0.321
129,3,276.0,414.0,19.0,85.0,1.0,0,1.0
129,4,531.0,450.0,240.0,151.0,1.0,3,0.596
129,5,481.0,318.0,51.0,134.0,1.0,0,0.039
129,6,624.0,273.0,252.0,159.0,1.0,3,0.781
129,7,392.0,406.0,75.0,126.0,1.0,0,0.587
129,8,593.0,380.0,200.0,126.0,1.0,3,0.361
129,9,481.0,351.0,88.0,148.0,1.0,0,0.121
130,1,394.0,225.0,158.0,83.0,1.0,0,0.443
130,2,450.0,386.0,235.0,148.0,1.0,3,0.304
130,3,279.0,414.0,19.0,86.0,1.0,0,1.0
130,4,527.0,450.0,240.0,151.0,1.0,3,0.596
130,5,484.0,318.0,51.0,134.0,1.0,0,0.053
130,6,622.0,274.0,252.0,159.0,1.0,3,0.778
130,7,395.0,406.0,75.0,126.0,1.0,0,0.547
130,8,590.0,380.0,200.0,126.0,1.0,3,0.365
130,9,484.0,351.0,88.0,148.0,1.0,0,0.129
131,1,397.0,225.0,158.0,83.0,1.0,0,0.443
131,2,447.0,385.0,235.0,148.0,1.0,3,0.295
131,3,282.0,414.0,19.0,86.0,1.0,0,1.0
131,4,524.0,450.0,240.0,151.0,1.0,3,0.596
131,5,487.0,318.0,51.0,134.0,1.0,0,0.068
131,6,620.0,274.0,252.0,159.0,1.0,3,0.78
131,7,398.0,406.0,75.0,126.0,1.0,0,0.507
131,8,586.0,380.0,200.0,126.0,1.0,3,0.357
131,9,487.0,351.0,88.0,148.0,1.0,0,0.133
132,1,400.0,224.0,158.0,83.0,1.0,0,0.443
132,2,443.0,385.0,235.0,148.0,1.0,3,0.288
132,3,284.0,414.0,19.0,86.0,1.0,0,1.0
132,4,521.0,450.0,240.0,151.0,1.0,3,0.589
132,5,490.0,318.0,51.0,134.0,1.0,0,0.082
132,6,618.0,274.0,252.0,159.0,1.0,3,0.782
132,7,401.0,406.0,75.0,126.0,1.0,0,0.467
132,8,583.0,380.0,200.0,126.0,1.0,3,0.359
132,9,490.0,351.0,88.0,148.0,1.0,0,0.141
133,1,403.0,224.0,158.0,83.0,1.0,0,0.443
133,2,440.0,385.0,235.0,148.0,1.0,3,0.287
133,3,287.0,414.0,19.0,86.0,1.0,0,1.0
133,4,517.0,451.0,240.0,151.0,1.0,3,0.572
133,5,493.0,318.0,51.0,135.0,1.0,0,0.096
133,6,616.0,274.0,252.0,159.0,1.0,3,0.784
133,7,403.0,406.0,75.0,126.0,1.0,0,0.44
133,8,579.0,380.0,200.0,126.0,1.0,3,0.36
133,9,492.0,351.0,88.0,148.0,1.0,0,0.146
134,1,405.0,224.0,158.0,83.0,1.0,0,0.443
134,2,436.0,385.0,235.0,148.0,1.0,3,0.279
134,3,289.0,414.0,19.0,86.0,1.0,0,1.0
134,4,514.0,451.0,240.0,151.0,1.0,3,0.565
134,5,496.0,318.0,51.0,135.0,1.0,0,0.11
134,6,614.0,274.0,252.0,159.0,1.0,3,0.786
134,7,406.0,406.0,75.0,126.0,1.0,0,0.4
134,8,576.0,380.0,200.0,126.0,1.0,3,0.363
134,9,495.0,351.0,88.0,148.0,1.0,0,0.151
135,1,408.0,224.0,158.0,83.0,1.0,0,0.443
135,2,432.0,384.0,235.0,148.0,1.0,3,0.278
135,3,292.0,414.0,19.0,86.0,1.0,0,1.0
135,4,510.0,451.0,241.0,152.0,1.0,3,0.552
135,5,499.0,318.0,51.0,135.0,1.0,0,0.125
135,6,613.0,274.0,252.0,159.0,1.0,3,0.79
135,7,409.0,406.0,75.0,126.0,1.0,0,0.36
135,8,572.0,380.0,200.0,126.0,1.0,3,0.357
135,9,498.0,351.0,88.0,148.0,1.0,0,0.153
136,1,411.0,223.0,158.0,83.0,1.0,0,0.443
136,2,429.0,384.0,235.0,148.0,1.0,3,0.274
136,3,295.0,414.0,19.0,86.0,1.0,0,1.0
136,4,507.0,451.0,241.0,152.0,1.0,3,0.544
136,5,502.0,318.0,51.0,135.0,1.0,0,0.139
136,6,611.0,274.0,252.0,159.0,1.0,3,0.791
136,7,412.0,406.0,75.0,126.0,1.0,0,0.32
136,8,569.0,380.0,200.0,126.0,1.0,3,0.357
136,9,501.0,351.0,88.0,148.0,1.0,0,0.159
137,1,414.0,223.0,158.0,83.0,1.0,0,0.443
137,2,425.0,384.0,235.0,148.0,1.0,3,0.273
137,3,297.0,414.0,19.0,86.0,1.0,0,1.0
137,4,504.0,452.0,241.0,152.0,1.0,3,0.531
137,5,505.0,318.0,51.0,135.0,1.0,0,0.153
137,6,609.0,274.0,252.0,159.0,1.0,3,0.798
137,7,414.0,406.0,75.0,126.0,1.0,0,0.293
137,8,565.0,381.0,200.0,126.0,1.0,3,0.351
137,9,504.0,351.0,88.0,148.0,1.0,0,0.166
138,1,417.0,223.0,158.0,83.0,1.0,0,0.443
138,2,422.0,384.0,235.0,148.0,1.0,3,0.269
138,3,300.0,414.0,19.0,86.0,1.0,0,1.0
138,4,500.0,452.0,241.0,152.0,1.0,3,0.521
138,5,508.0,318.0,51.0,135.0,1.0,0,0.168
138,6,607.0,274.0,252.0,159.0,1.0,3,0.799
138,7,417.0,406.0,75.0,126.0,1.0,0,0.253
138,8,562.0,381.0,200.0,126.0,1.0,3,0.353
138,9,507.0,351.0,88.0,148.0,1.0,0,0.172
139,1,420.0,223.0,158.0,83.0,1.0,0,0.443
139,2,418.0,384.0,235.0,148.0,1.0,3,0.271
139,3,302.0,414.0,19.0,86.0,1.0,0,1.0
139,4,497.0,452.0,241.0,152.0,1.0,3,0.514
139,5,511.0,318.0,51.0,135.0,1.0,0,0.182
139,6,605.0,274.0,252.0,159.0,1.0,3,0.8
139,7,420.0,406.0,75.0,126.0,1.0,0,0.213
139,8,559.0,381.0,200.0,126.0,1.0,3,0.356
139,9,509.0,351.0,88.0,148.0,1.0,0,0.176
140,1,422.0,223.0,158.0,83.0,1.0,0,0.443
140,2,415.0,383.0,235.0,148.0,1.0,3,0.293
140,3,305.0,414.0,19.0,86.0,1.0,0,1.0
140,4,493.0,452.0,241.0,152.0,1.0,3,0.504
140,5,514.0,317.0,51.0,135.0,1.0,0,0.202
140,6,603.0,275.0,252.0,159.0,1.0,3,0.799
140,7,423.0,406.0,75.0,126.0,1.0,0,0.173
140,8,555.0,381.0,200.0,126.0,1.0,3,0.349
140,9,512.0,351.0,88.0,148.0,1.0,0,0.18
141,1,425.0,222.0,158.0,83.0,1.0,0,0.443
141,2,411.0,383.0,235.0,148.0,1.0,3,0.309
141,3,307.0,414.0,19.0,86.0,1.0,0,1.0
141,4,490.0,452.0,241.0,152.0,1.0,3,0.497
141,5,517.0,317.0,51.0,135.0,1.0,0,0.217
141,6,601.0,275.0,252.0,159.0,1.0,3,0.799
141,7,425.0,405.0,75.0,126.0,1.0,0,0.147
141,8,552.0,381.0,200.0,126.0,1.0,3,0.352
141,9,515.0,351.0,88.0,148.0,1.0,0,0.186
142,1,428.0,222.0,158.0,83.0,1.0,0,0.443
142,2,407.0,383.0,235.0,148.0,1.0,3,0.332
142,3,310.0,414.0,19.0,86.0,1.0,0,1.0
142,4,487.0,453.0,241.0,152.0,1.0,3,0.484
142,5,520.0,317.0,51.0,135.0,1.0,0,0.232
142,6,599.0,275.0,252.0,159.0,1.0,3,0.798
142,7,428.0,405.0,75.0,126.0,1.0,0,0.107
142,8,548.0,381.0,200.0,126.0,1.0,3,0.353
142,9,518.0,351.0,88.0,148.0,1.0,0,0.193
143,1,431.0,222.0,158.0,83.0,1.0,0,0.443
143,2,404.0,383.0,235.0,148.0,1.0,3,0.35
143,3,313.0,414.0,19.0,86.0,1.0,0,1.0
143,4,483.0,453.0,241.0,152.0,1.0,3,0.475
143,5,523.0,317.0,51.0,135.0,1.0,0,0.247
143,6,597.0,275.0,252.0,159.0,1.0,3,0.795
143,7,431.0,405.0,75.0,126.0,1.0,0,0.067
143,8,545.0,381.0,200.0,126.0,1.0,3,0.355
143,9,521.0,351.0,88.0,148.0,1.0,0,0.199
144,1,434.0,222.0,158.0,83.0,1.0,0,0.443
144,2,400.0,382.0,235.0,148.0,1.0,3,0.373
144,3,315.0,414.0,19.0,86.0,1.0,0,1.0
144,4,480.0,453.0,241.0,152.0,1.0,3,0.468
144,5,526.0,317.0,51.0,135.0,1.0,0,0.252
144,6,595.0,275.0,252.0,159.0,1.0,3,0.794
144,7,434.0,405.0,75.0,126.0,1.0,0,0.027
144,8,541.0,381.0,200.0,126.0,1.0,3,0.349
144,9,524.0,351.0,88.0,148.0,1.0,0,0.204
145,1,436.0,221.0,158.0,83.0,1.0,0,0.441
145,2,397.0,382.0,236.0,149.0,1.0,3,0.385
145,3,318.0,414.0,19.0,86.0,1.0,0,1.0
145,4,477.0,453.0,241.0,152.0,1.0,3,0.461
145,5,529.0,317.0,51.0,135.0,1.0,0,0.252
145,6,593.0,275.0,252.0,159.0,1.0,3,0.792
145,7,436.0,405.0,75.0,126.0,1.0,0,0.0
145,8,538.0,381.0,200.0,126.0,1.0,3,0.347
145,9,526.0,351.0,89.0,149.0,1.0,0,0.202
146,1,439.0,221.0,158.0,83.0,1.0,0,0.449
146,2,393.0,382.0,236.0,149.0,1.0,3,0.397
146,3,320.0,414.0,19.0,86.0,1.0,0,1.0
146,4,473.0,454.0,241.0,152.0,1.0,3,0.446
146,5,532.0,317.0,52.0,136.0,1.0,0,0.243
146,6,591.0,275.0,252.0,159.0,1.0,3,0.793
146,7,439.0,405.0,75.0,126.0,1.0,0,0.0
146,8,534.0,382.0,200.0,126.0,1.0,3,0.343
146,9,529.0,350.0,89.0,149.0,1.0,0,0.215
147,1,442.0,221.0,158.0,83.0,1.0,0,0.457
147,2,390.0,382.0,236.0,149.0,1.0,3,0.404
147,3,323.0,414.0,19.0,86.0,1.0,0,1.0
147,4,470.0,454.0,243.0,153.0,1.0,3,0.437
147,5,535.0,317.0,52.0,136.0,1.0,0,0.243
147,6,589.0,275.0,252.0,159.0,1.0,3,0.79
147,7,442.0,405.0,75.0,126.0,1.0,0,0.0
147,8,531.0,382.0,200.0,126.0,1.0,3,0.339
147,9,532.0,350.0,89.0,149.0,1.0,0,0.215
148,1,445.0,221.0,158.0,83.0,1.0,0,0.465
148,2,386.0,382.0,236.0,149.0,1.0,3,0.22
148,3,325.0,414.0,19.0,86.0,1.0,0,1.0
148,4,466.0,454.0,243.0,153.0,1.0,3,0.428
148,5,538.0,317.0,52.0,136.0,1.0,0,0.243
148,6,587.0,275.0,252.0,159.0,1.0,3,0.785
148,7,445.0,405.0,75.0,126.0,1.0,0,0.0
148,8,528.0,382.0,200.0,126.0,1.0,3,0.612
148,9,535.0,350.0,89.0,149.0,1.0,0,0.215
149,1,448.0,220.0,158.0,83.0,1.0,0,0.474
149,2,383.0,381.0,236.0,149.0,1.0,3,0.227
149,3,328.0,414.0,19.0,86.0,1.0,0,1.0
149,4,463.0,454.0,243.0,153.0,1.0,3,0.421
149,5,541.0,317.0,52.0,136.0,1.0,0,0.243
149,6,585.0,275.0,252.0,159.0,1.0,3,0.779
149,7,447.0,405.0,75.0,126.0,1.0,0,0.0
149,8,524.0,382.0,200.0,126.0,1.0,3,0.61
149,9,538.0,350.0,89.0,149.0,1.0,0,0.209
150,1,451.0,220.0,158.0,83.0,1.0,0,0.484
150,2,379.0,381.0,236.0,149.0,1.0,3,0.244
150,3,331.0,414.0,19.0,86.0,1.0,0,1.0
150,4,460.0,454.0,243.0,153.0,1.0,3,0.414
150,5,544.0,317.0,52.0,136.0,1.0,0,0.243
150,6,583.0,276.0,252.0,159.0,1.0,3,0.769
150,7,450.0,405.0,75.0,126.0,1.0,0,0.005
150,8,521.0,382.0,200.0,126.0,1.0,3,0.599
150,9,541.0,350.0,89.0,149.0,1.0,0,0.209
151,1,453.0,220.0,156.0,82.0,1.0,0,0.488
151,2,375.0,381.0,236.0,149.0,1.0,3,0.261
151,3,333.0,414.0,19.0,86.0,1.0,0,1.0
151,4,456.0,455.0,243.0,153.0,1.0,3,0.4
151,5,547.0,317.0,52.0,136.0,1.0,0,0.243
151,6,581.0,276.0,252.0,159.0,1.0,3,0.765
151,7,453.0,405.0,75.0,126.0,1.0,0,0.021
151,8,517.0,382.0,200.0,126.0,1.0,3,0.589
151,9,543.0,350.0,89.0,149.0,1.0,0,0.21
152,1,456.0,220.0,156.0,82.0,1.0,0,0.497
152,2,372.0,381.0,236.0,149.0,1.0,3,0.274
152,3,336.0,414.0,19.0,86.0,1.0,0,1.0
152,4,453.0,455.0,243.0,153.0,1.0,3,0.393
152,5,550.0,317.0,52.0,136.0,1.0,0,0.243
152,6,579.0,276.0,252.0,159.0,1.0,3,0.758
152,7,456.0,405.0,75.0,126.0,1.0,0,0.037
152,8,514.0,382.0,200.0,126.0,1.0,3,0.574
152,9,546.0,350.0,89.0,149.0,1.0,0,0.21
153,1,459.0,220.0,156.0,82.0,1.0,0,0.506
153,2,368.0,380.0,236.0,149.0,1.0,3,0.293
153,3,338.0,414.0,19.0,86.0,1.0,0,1.0
153,4,449.0,455.0,243.0,153.0,1.0,3,0.384
153,5,553.0,317.0,52.0,136.0,1.0,0,0.243
153,6,577.0,276.0,252.0,159.0,1.0,3,0.752
153,7,458.0,405.0,75.0,126.0,1.0,0,0.048
153,8,510.0,382.0,200.0,126.0,1.0,3,0.559
153,9,549.0,350.0,89.0,149.0,1.0,0,0.206
154,1,462.0,219.0,156.0,82.0,1.0,0,0.519
154,2,365.0,380.0,236.0,149.0,1.0,3,0.307
154,3,341.0,414.0,19.0,86.0,1.0,0,1.0
154,4,446.0,455.0,243.0,153.0,1.0,3,0.377
154,5,556.0,316.0,52.0,136.0,1.0,0,0.25
154,6,575.0,276.0,252.0,159.0,1.0,3,0.746
154,7,461.0,405.0,75.0,126.0,1.0,0,0.063
154,8,507.0,383.0,200.0,126.0,1.0,3,0.538
154,9,552.0,350.0,89.0,149.0,1.0,0,0.21
155,1,465.0,219.0,156.0,82.0,1.0,0,0.528
155,2,361.0,380.0,236.0,149.0,1.0,3,0.322
155,3,343.0,414.0,19.0,87.0,1.0,0,1.0
155,4,443.0,455.0,243.0,153.0,1.0,3,0.37
155,5,559.0,316.0,52.0,136.0,1.0,0,0.25
155,6,573.0,276.0,252.0,159.0,1.0,3,0.739
155,7,464.0,405.0,75.0,126.0,1.0,0,0.079
155,8,504.0,383.0,200.0,126.0,1.0,3,0.523
155,9,555.0,350.0,89.0,149.0,1.0,0,0.212
156,1,468.0,219.0,156.0,82.0,1.0,0,0.537
156,2,358.0,380.0,236.0,149.0,1.0,3,0.319
156,3,346.0,415.0,19.0,87.0,1.0,0,1.0
156,4,439.0,456.0,243.0,153.0,1.0,3,0.357
156,5,562.0,316.0,52.0,136.0,1.0,0,0.25
156,6,571.0,276.0,252.0,159.0,1.0,3,0.734
156,7,467.0,405.0,75.0,126.0,1.0,0,0.097
156,8,500.0,383.0,200.0,126.0,1.0,3,0.511
156,9,558.0,350.0,89.0,149.0,1.0,0,0.213
157,1,470.0,219.0,156.0,82.0,1.0,0,0.542
157,2,354.0,380.0,236.0,149.0,1.0,3,0.318
157,3,349.0,415.0,19.0,87.0,1.0,0,1.0
157,4,436.0,456.0,243.0,153.0,1.0,3,0.35
157,5,565.0,316.0,52.0,136.0,1.0,0,0.25
157,6,569.0,276.0,252.0,159.0,1.0,3,0.727
157,7,469.0,405.0,75.0,126.0,1.0,0,0.108
157,8,497.0,383.0,200.0,126.0,1.0,3,0.499
157,9,560.0,350.0,89.0,149.0,1.0,0,0.215
158,1,473.0,218.0,156.0,82.0,1.0,0,0.557
158,2,350.0,379.0,236.0,149.0,1.0,3,0.318
158,3,351.0,415.0,19.0,87.0,1.0,0,1.0
158,4,433.0,456.0,243.0,153.0,1.0,3,0.35
158,5,568.0,316.0,52.0,137.0,1.0,0,0.248
158,6,567.0,276.0,252.0,159.0,1.0,3,0.722
158,7,472.0,405.0,75.0,126.0,1.0,0,0.124
158,8,493.0,383.0,200.0,126.0,1.0,3,0.479
158,9,563.0,350.0,89.0,149.0,1.0,0,0.215
159,1,476.0,218.0,156.0,82.0,1.0,0,0.567
159,2,347.0,379.0,236.0,149.0,1.0,3,0.322
159,3,354.0,415.0,19.0,87.0,1.0,0,1.0
159,4,429.0,456.0,244.0,154.0,1.0,3,0.349
159,5,571.0,316.0,52.0,137.0,1.0,0,0.248
159,6,565.0,276.0,252.0,159.0,1.0,3,0.72
159,7,475.0,405.0,75.0,126.0,1.0,0,0.14
159,8,490.0,383.0,200.0,126.0,1.0,3,0.464
159,9,566.0,350.0,89.0,149.0,1.0,0,0.216
160,1,479.0,218.0,156.0,82.0,1.0,0,0.582
160,2,343.0,379.0,236.0,149.0,1.0,3,0.333
160,3,356.0,415.0,19.0,87.0,1.0,0,1.0
160,4,426.0,457.0,244.0,154.0,1.0,3,0.345
160,5,574.0,316.0,52.0,137.0,1.0,0,0.248
160,6,563.0,277.0,252.0,159.0,1.0,3,0.719
160,7,478.0,405.0,75.0,126.0,1.0,0,0.16
160,8,486.0,383.0,200.0,126.0,1.0,3,0.449
160,9,569.0,350.0,89.0,149.0,1.0,0,0.218
161,1,482.0,218.0,156.0,82.0,1.0,0,0.592
161,2,340.0,379.0,238.0,150.0,1.0,3,0.335
161,3,359.0,415.0,19.0,87.0,1.0,0,1.0
161,4,422.0,457.0,244.0,154.0,1.0,3,0.345
161,5,577.0,316.0,52.0,137.0,1.0,0,0.248
161,6,561.0,277.0,252.0,159.0,1.0,3,0.72
161,7,480.0,405.0,75.0,126.0,1.0,0,0.171
161,8,483.0,383.0,200.0,126.0,1.0,3,0.438
161,9,572.0,350.0,89.0,149.0,1.0,0,0.22
162,1,485.0,217.0,156.0,82.0,1.0,0,0.609
162,2,336.0,378.0,238.0,150.0,1.0,3,0.347
162,3,361.0,415.0,19.0,87.0,1.0,0,1.0
162,4,419.0,457.0,244.0,154.0,1.0,3,0.345
162,5,580.0,316.0,52.0,137.0,1.0,0,0.248
162,6,559.0,277.0,252.0,159.0,1.0,3,0.722
162,7,483.0,405.0,75.0,126.0,1.0,0,0.187
162,8,479.0,383.0,200.0,126.0,1.0,3,0.418
162,9,575.0,350.0,89.0,149.0,1.0,0,0.221
163,1,487.0,217.0,156.0,82.0,1.0,0,0.615
163,2,333.0,378.0,238.0,150.0,1.0,3,0.355
163,3,364.0,415.0,19.0,87.0,1.0,0,1.0
163,4,416.0,457.0,244.0,154.0,1.0,3,0.345
163,5,583.0,316.0,52.0,137.0,1.0,0,0.248
163,6,557.0,277.0,252.0,159.0,1.0,3,0.724
163,7,486.0,405.0,75.0,126.0,1.0,0,0.204
163,8,476.0,384.0,200.0,126.0,1.0,3,0.398
163,9,577.0,350.0,89.0,149.0,1.0,0,0.228
164,1,490.0,217.0,156.0,82.0,1.0,0,0.626
164,2,329.0,378.0,238.0,150.0,1.0,3,0.363
164,3,367.0,415.0,19.0,87.0,1.0,0,1.0
164,4,412.0,457.0,244.0,154.0,1.0,3,0.345
164,5,586.0,316.0,52.0,137.0,1.0,0,0.248
164,6,555.0,277.0,252.0,159.0,1.0,3,0.725
164,7,489.0,405.0,75.0,126.0,1.0,0,0.22
164,8,473.0,384.0,200.0,126.0,1.0,3,0.385
164,9,580.0,350.0,89.0,149.0,1.0,0,0.228
165,1,493.0,217.0,156.0,82.0,1.0,0,0.636
165,2,325.0,378.0,238.0,150.0,1.0,3,0.374
165,3,369.0,415.0,19.0,87.0,1.0,0,1.0
165,4,409.0,458.0,244.0,154.0,1.0,3,0.34
165,5,589.0,316.0,52.0,137.0,1.0,0,0.241
165,6,553.0,277.0,252.0,159.0,1.0,3,0.723
165,7,491.0,405.0,75.0,126.0,1.0,0,0.236
165,8,469.0,384.0,200.0,126.0,1.0,3,0.37
165,9,583.0,349.0,89.0,149.0,1.0,0,0.261
166,1,496.0,217.0,156.0,82.0,1.0,0,0.647
166,2,322.0,378.0,238.0,150.0,1.0,3,0.378
166,3,372.0,415.0,19.0,87.0,1.0,0,1.0
166,4,405.0,458.0,244.0,154.0,1.0,3,0.34
166,5,592.0,316.0,52.0,137.0,1.0,0,0.241
166,6,551.0,277.0,252.0,159.0,1.0,3,0.717
166,7,494.0,405.0,75.0,126.0,1.0,0,0.252
166,8,466.0,384.0,200.0,126.0,1.0,3,0.357
166,9,586.0,349.0,89.0,149.0,1.0,0,0.312
167,1,499.0,216.0,156.0,82.0,1.0,0,0.666
167,2,318.0,377.0,238.0,150.0,1.0,3,0.39
167,3,374.0,415.0,19.0,87.0,1.0,0,1.0
167,4,402.0,458.0,244.0,154.0,1.0,3,0.34
167,5,595.0,316.0,52.0,137.0,1.0,0,0.241
167,6,549.0,277.0,252.0,159.0,1.0,3,0.711
167,7,497.0,405.0,75.0,126.0,1.0,0,0.269
167,8,462.0,384.0,200.0,126.0,1.0,3,0.337
167,9,589.0,349.0,89.0,149.0,1.0,0,0.372
168,1,501.0,216.0,156.0,82.0,1.0,0,0.672
168,2,315.0,377.0,238.0,150.0,1.0,3,0.396
168,3,377.0,415.0,19.0,87.0,1.0,0,1.0
168,4,399.0,458.0,244.0,154.0,1.0,3,0.34
168,5,598.0,315.0,52.0,137.0,1.0,0,0.248
168,6,547.0,277.0,252.0,159.0,1.0,3,0.703
168,7,500.0,405.0,75.0,126.0,1.0,0,0.286
168,8,459.0,384.0,200.0,126.0,1.0,3,0.322
168,9,592.0,349.0,89.0,149.0,1.0,0,0.424
169,1,504.0,216.0,156.0,82.0,1.0,0,0.683
169,2,311.0,377.0,238.0,150.0,1.0,3,0.409
169,3,379.0,415.0,19.0,87.0,1.0,0,0.922
169,4,395.0,459.0,244.0,154.0,1.0,3,0.336
169,5,601.0,315.0,52.0,137.0,1.0,0,0.248
169,6,545.0,277.0,252.0,159.0,1.0,3,0.698
169,7,502.0,405.0,75.0,126.0,1.0,0,0.303
169,8,455.0,384.0,200.0,126.0,1.0,3,0.309
169,9,594.0,349.0,89.0,149.0,1.0,0,0.476
170,1,507.0,216.0,156.0,82.0,1.0,0,0.703
170,2,308.0,377.0,238.0,150.0,1.0,3,0.423
170,3,382.0,415.0,19.0,87.0,1.0,0,0.766
170,4,392.0,459.0,244.0,154.0,1.0,3,0.336
170,5,604.0,315.0,53.0,138.0,1.0,0,0.246
170,6,543.0,278.0,252.0,159.0,1.0,3,0.688
170,7,505.0,405.0,75.0,126.0,1.0,0,0.32
170,8,452.0,384.0,200.0,126.0,1.0,3,0.293
170,9,597.0,349.0,89.0,149.0,1.0,0,0.527
171,1,510.0,215.0,156.0,82.0,1.0,0,0.725
171,2,304.0,376.0,238.0,150.0,1.0,3,0.443
171,3,385.0,415.0,19.0,87.0,1.0,0,0.61
171,4,389.0,459.0,246.0,155.0,1.0,3,0.336
171,5,607.0,315.0,53.0,138.0,1.0,0,0.246
171,6,541.0,278.0,252.0,159.0,1.0,3,0.683
171,7,508.0,405.0,75.0,126.0,1.0,0,0.337
171,8,448.0,385.0,200.0,126.0,1.0,3,0.265
171,9,600.0,349.0,89.0,149.0,1.0,0,0.591
172,1,513.0,215.0,156.0,82.0,1.0,0,0.736
172,2,300.0,376.0,238.0,150.0,1.0,3,0.456
172,3,387.0,415.0,19.0,87.0,1.0,0,0.506
172,4,385.0,459.0,246.0,155.0,1.0,3,0.336
172,5,610.0,315.0,53.0,138.0,1.0,0,0.246
172,6,539.0,278.0,252.0,159.0,1.0,3,0.676
172,7,511.0,405.0,75.0,126.0,1.0,0,0.354
172,8,445.0,385.0,200.0,126.0,1.0,3,0.251
172,9,603.0,349.0,89.0,149.0,1.0,0,0.642
173,1,516.0,215.0,154.0,81.0,1.0,0,0.756
173,2,297.0,376.0,238.0,150.0,1.0,3,0.462
173,3,390.0,415.0,19.0,87.0,1.0,0,0.506
173,4,382.0,459.0,246.0,155.0,1.0,3,0.336
173,5,613.0,315.0,53.0,138.0,1.0,0,0.246
173,6,537.0,278.0,252.0,159.0,1.0,3,0.67
173,7,513.0,405.0,75.0,126.0,1.0,0,0.366
173,8,442.0,385.0,200.0,126.0,1.0,3,0.238
173,9,606.0,349.0,89.0,149.0,1.0,0,0.693
174,1,518.0,215.0,154.0,81.0,1.0,0,0.763
174,2,293.0,376.0,238.0,150.0,1.0,3,0.471
174,3,392.0,415.0,19.0,87.0,1.0,0,0.517
174,4,378.0,460.0,246.0,155.0,1.0,3,0.331
174,5,616.0,315.0,53.0,138.0,1.0,0,0.246
174,6,535.0,278.0,252.0,159.0,1.0,3,0.664
174,7,516.0,405.0,75.0,126.0,1.0,0,0.39
174,8,438.0,385.0,200.0,126.0,1.0,3,0.221
174,9,609.0,349.0,89.0,149.0,1.0,0,0.753
175,1,521.0,214.0,154.0,81.0,1.0,0,0.787
175,2,290.0,376.0,238.0,150.0,1.0,3,0.476
175,3,395.0,415.0,19.0,87.0,1.0,0,0.517
175,4,375.0,460.0,246.0,155.0,1.0,3,0.331
175,5,619.0,315.0,53.0,138.0,1.0,0,0.246
175,6,533.0,278.0,252.0,159.0,1.0,3,0.658
175,7,519.0,405.0,75.0,126.0,1.0,0,0.407
175,8,435.0,385.0,200.0,126.0,1.0,3,0.209
175,9,611.0,349.0,89.0,149.0,1.0,0,0.795
176,1,524.0,214.0,154.0,81.0,1.0,0,0.8
176,2,286.0,375.0,238.0,150.0,1.0,3,0.479
176,3,398.0,415.0,19.0,87.0,1.0,0,0.517
176,4,372.0,460.0,246.0,155.0,1.0,3,0.331
176,5,622.0,315.0,53.0,138.0,1.0,0,0.246
176,6,531.0,278.0,252.0,159.0,1.0,3,0.652
176,7,522.0,405.0,75.0,126.0,1.0,0,0.425
176,8,431.0,385.0,200.0,126.0,1.0,3,0.2
176,9,614.0,349.0,89.0,149.0,1.0,0,0.855
177,1,527.0,214.0,154.0,81.0,1.0,0,0.794
177,2,283.0,375.0,238.0,150.0,1.0,3,0.478
177,3,400.0,415.0,19.0,87.0,1.0,0,0.517
177,4,368.0,460.0,246.0,155.0,1.0,3,0.331
177,5,625.0,315.0,53.0,138.0,1.0,0,0.246
177,6,530.0,278.0,252.0,159.0,1.0,3,0.647
177,7,524.0,405.0,75.0,126.0,1.0,0,0.437
177,8,428.0,385.0,200.0,126.0,1.0,3,0.198
177,9,617.0,349.0,89.0,149.0,1.0,0,0.906
178,1,530.0,214.0,154.0,81.0,1.0,0,0.79
178,2,279.0,375.0,240.0,151.0,1.0,3,0.478
178,3,403.0,415.0,19.0,87.0,1.0,0,0.529
178,4,365.0,461.0,246.0,155.0,1.0,3,0.327
178,5,628.0,315.0,53.0,138.0,1.0,0,0.246
178,6,528.0,278.0,252.0,159.0,1.0,3,0.64
178,7,527.0,405.0,75.0,126.0,1.0,0,0.444
178,8,424.0,385.0,200.0,126.0,1.0,3,0.197
178,9,620.0,349.0,89.0,149.0,1.0,0,0.966
179,1,533.0,214.0,154.0,81.0,1.0,0,0.79
179,2,275.0,375.0,240.0,151.0,1.0,3,0.485
179,3,405.0,415.0,19.0,87.0,1.0,0,0.529
179,4,361.0,461.0,246.0,155.0,1.0,3,0.327
179,5,631.0,315.0,53.0,138.0,1.0,0,0.246
179,6,526.0,278.0,252.0,159.0,1.0,3,0.639
179,7,530.0,405.0,75.0,126.0,1.0,0,0.444
179,8,421.0,386.0,200.0,126.0,1.0,3,0.19
179,9,623.0,349.0,89.0,149.0,1.0,0,1.0
180,1,535.0,213.0,154.0,81.0,1.0,0,0.815
180,2,272.0,374.0,240.0,151.0,1.0,3,0.495
180,3,408.0,415.0,19.0,88.0,1.0,0,0.523
180,4,358.0,461.0,246.0,155.0,1.0,3,0.327
180,5,634.0,315.0,53.0,138.0,1.0,0,0.246
180,6,524.0,279.0,252.0,159.0,1.0,3,0.637
180,7,533.0,405.0,75.0,126.0,1.0,0,0.474
180,8,417.0,386.0,200.0,126.0,1.0,3,0.167
180,9,626.0,349.0,89.0,149.0,1.0,0,1.0
181,1,538.0,213.0,154.0,81.0,1.0,0,0.815
181,2,268.0,374.0,240.0,151.0,1.0,3,0.506
181,3,410.0,415.0,19.0,88.0,1.0,0,0.523
181,4,355.0,461.0,246.0,155.0,1.0,3,0.327
181,5,637.0,315.0,53.0,138.0,1.0,0,0.246
181,6,522.0,279.0,252.0,159.0,1.0,3,0.633
181,7,535.0,404.0,75.0,126.0,1.0,0,0.518
181,8,414.0,386.0,200.0,126.0,1.0,3,0.144
181,9,628.0,349.0,89.0,149.0,1.0,0,1.0
182,1,541.0,213.0,154.0,81.0,1.0,0,0.815
182,2,265.0,374.0,240.0,151.0,1.0,3,0.511
182,3,413.0,415.0,19.0,88.0,1.0,0,0.523
182,4,351.0,461.0,246.0,155.0,1.0,3,0.327
182,5,640.0,315.0,53.0,139.0,1.0,0,0.245
182,6,520.0,279.0,252.0,159.0,1.0,3,0.628
182,7,538.0,404.0,75.0,126.0,1.0,0,0.569
182,8,411.0,386.0,198.0,125.0,1.0,3,0.135
182,9,631.0,349.0,89.0,149.0,1.0,0,1.0
183,1,544.0,213.0,154.0,81.0,1.0,0,0.815
183,2,261.0,374.0,240.0,151.0,1.0,3,0.515
183,3,416.0,415.0,19.0,88.0,1.0,0,0.534
183,4,348.0,462.0,246.0,155.0,1.0,3,0.323
183,5,643.0,314.0,53.0,139.0,1.0,0,0.252
183,6,518.0,279.0,252.0,159.0,1.0,3,0.618
183,7,541.0,404.0,75.0,126.0,1.0,0,0.619
183,8,407.0,386.0,198.0,125.0,1.0,3,0.152
183,9,634.0,349.0,89.0,149.0,1.0,0,1.0
184,1,547.0,212.0,154.0,81.0,1.0,0,0.827
184,2,258.0,374.0,240.0,151.0,1.0,3,0.515
184,3,418.0,415.0,19.0,88.0,1.0,0,0.506
184,4,344.0,462.0,248.0,156.0,1.0,3,0.323
184,5,646.0,314.0,53.0,139.0,1.0,0,0.252
184,6,516.0,279.0,252.0,159.0,1.0,3,0.609
184,7,544.0,404.0,75.0,126.0,1.0,0,0.655
184,8,404.0,386.0,198.0,125.0,1.0,3,0.168
184,9,637.0,349.0,89.0,149.0,1.0,0,1.0
185,1,550.0,212.0,154.0,81.0,1.0,0,0.827
185,2,254.0,373.0,240.0,151.0,1.0,3,0.52
185,3,421.0,415.0,19.0,88.0,1.0,0,0.422
185,4,341.0,462.0,248.0,156.0,1.0,3,0.323
185,5,649.0,314.0,53.0,139.0,1.0,0,0.245
185,6,514.0,279.0,252.0,159.0,1.0,3,0.6
185,7,546.0,404.0,75.0,126.0,1.0,0,0.691
185,8,400.0,386.0,198.0,125.0,1.0,3,0.187
185,9,640.0,348.0,89.0,149.0,1.0,0,1.0
186,1,552.0,212.0,154.0,81.0,1.0,0,0.827
186,2,250.0,373.0,240.0,151.0,1.0,3,0.526
186,3,423.0,415.0,19.0,88.0,1.0,0,0.365
186,4,338.0,462.0,248.0,156.0,1.0,3,0.323
186,5,652.0,314.0,53.0,139.0,1.0,0,0.245
186,6,512.0,279.0,252.0,159.0,1.0,3,0.59
186,7,549.0,404.0,76.0,127.0,1.0,0,0.735
186,8,397.0,386.0,198.0,125.0,1.0,3,0.205
186,9,643.0,348.0,89.0,149.0,1.0,0,1.0
187,1,555.0,212.0,154.0,81.0,1.0,0,0.827
187,2,247.0,373.0,240.0,151.0,1.0,3,0.524
187,3,426.0,415.0,19.0,88.0,1.0,0,0.287
187,4,334.0,463.0,248.0,156.0,1.0,3,0.318
187,5,655.0,314.0,53.0,139.0,1.0,0,0.245
187,6,510.0,279.0,252.0,159.0,1.0,3,0.581
187,7,552.0,404.0,76.0,127.0,1.0,0,0.789
187,8,393.0,386.0,198.0,125.0,1.0,3,0.23
187,9,645.0,348.0,89.0,149.0,1.0,0,1.0
188,1,558.0,211.0,154.0,81.0,1.0,0,0.84
188,2,243.0,373.0,240.0,151.0,1.0,3,0.531
188,3,428.0,415.0,19.0,88.0,1.0,0,0.23
188,4,331.0,463.0,248.0,156.0,1.0,3,0.318
188,5,658.0,314.0,53.0,139.0,1.0,0,0.245
188,6,508.0,279.0,252.0,159.0,1.0,3,0.574
188,7,555.0,404.0,76.0,127.0,1.0,0,0.831
188,8,390.0,387.0,198.0,125.0,1.0,3,0.244
188,9,648.0,348.0,89.0,149.0,1.0,0,1.0
189,1,561.0,211.0,154.0,81.0,1.0,0,0.84
189,2,240.0,372.0,240.0,151.0,1.0,3,0.533
189,3,431.0,415.0,19.0,88.0,1.0,0,0.144
189,4,328.0,463.0,248.0,156.0,1.0,3,0.318
189,5,661.0,314.0,53.0,139.0,1.0,0,0.245
189,6,506.0,279.0,252.0,159.0,1.0,3,0.566
189,7,557.0,404.0,76.0,127.0,1.0,0,0.866
189,8,386.0,387.0,198.0,125.0,1.0,3,0.264
189,9,651.0,348.0,89.0,149.0,1.0,0,1.0
190,1,564.0,211.0,154.0,81.0,1.0,0,0.852
190,2,236.0,372.0,240.0,151.0,1.0,3,0.537
190,3,434.0,415.0,19.0,88.0,1.0,0,0.057
190,4,324.0,463.0,248.0,156.0,1.0,3,0.318
190,5,664.0,314.0,53.0,139.0,1.0,0,0.245
190,6,504.0,280.0,252.0,159.0,1.0,3,0.552
190,7,560.0,404.0,76.0,127.0,1.0,0,0.915
190,8,383.0,387.0,198.0,125.0,1.0,3,0.284
190,9,654.0,348.0,89.0,149.0,1.0,0,1.0
191,1,566.0,211.0,154.0,81.0,1.0,0,0.852
191,2,233.0,372.0,240.0,151.0,1.0,3,0.538
191,3,436.0,415.0,19.0,88.0,1.0,0,0.0
191,4,321.0,463.0,248.0,156.0,1.0,3,0.318
191,5,667.0,314.0,53.0,139.0,1.0,0,0.245
191,6,502.0,280.0,252.0,159.0,1.0,3,0.542
191,7,563.0,404.0,76.0,127.0,1.0,0,0.958
191,8,380.0,387.0,198.0,125.0,1.0,3,0.302
191,9,657.0,348.0,89.0,149.0,1.0,0,1.0
192,1,569.0,211.0,154.0,81.0,1.0,0,0.852
192,2,229.0,372.0,240.0,151.0,1.0,3,0.541
192,3,439.0,415.0,19.0,88.0,1.0,0,0.0
192,4,317.0,464.0,248.0,156.0,1.0,3,0.314
192,5,670.0,314.0,53.0,139.0,1.0,0,0.245
192,6,500.0,280.0,252.0,159.0,1.0,3,0.533
192,7,566.0,404.0,76.0,127.0,1.0,0,1.0
192,8,376.0,387.0,198.0,125.0,1.0,3,0.325
192,9,660.0,348.0,89.0,149.0,1.0,0,1.0
193,1,572.0,210.0,154.0,81.0,1.0,0,0.864
193,2,225.0,372.0,240.0,151.0,1.0,3,0.547
193,3,441.0,415.0,19.0,88.0,1.0,0,0.0
193,4,314.0,464.0,248.0,156.0,1.0,3,0.314
193,5,673.0,314.0,53.0,139.0,1.0,0,0.245
193,6,498.0,280.0,252.0,159.0,1.0,3,0.527
193,7,568.0,404.0,76.0,127.0,1.0,0,1.0
193,8,373.0,387.0,198.0,125.0,1.0,3,0.347
193,9,662.0,348.0,89.0,149.0,1.0,0,1.0
194,1,575.0,210.0,152.0,80.0,1.0,0,0.875
194,2,222.0,371.0,241.0,152.0,1.0,3,0.546
194,3,444.0,415.0,19.0,88.0,1.0,0,0.0
194,4,311.0,464.0,248.0,156.0,1.0,3,0.314
194,5,676.0,314.0,53.0,140.0,1.0,0,0.243
194,6,496.0,280.0,252.0,159.0,1.0,3,0.533
194,7,571.0,404.0,76.0,127.0,1.0,0,1.0
194,8,369.0,387.0,198.0,125.0,1.0,3,0.358
194,9,665.0,348.0,89.0,149.0,1.0,0,1.0
195,1,578.0,210.0,152.0,80.0,1.0,0,0.875
195,2,218.0,371.0,241.0,152.0,1.0,3,0.55
195,3,446.0,415.0,19.0,88.0,1.0,0,0.0
195,4,307.0,464.0,248.0,156.0,1.0,3,0.314
195,5,679.0,314.0,53.0,140.0,1.0,0,0.243
195,6,494.0,280.0,252.0,159.0,1.0,3,0.541
195,7,574.0,404.0,76.0,127.0,1.0,0,1.0
195,8,366.0,387.0,198.0,125.0,1.0,3,0.36
195,9,668.0,348.0,89.0,149.0,1.0,0,1.0
196,1,581.0,210.0,152.0,80.0,1.0,0,0.875
196,2,215.0,371.0,241.0,152.0,1.0,3,0.551
196,3,449.0,415.0,19.0,88.0,1.0,0,0.0
196,4,304.0,464.0,249.0,157.0,1.0,3,0.313
196,5,682.0,314.0,53.0,140.0,1.0,0,0.243
196,6,492.0,280.0,252.0,159.0,1.0,3,0.55
196,7,577.0,404.0,76.0,127.0,1.0,0,1.0
196,8,362.0,388.0,198.0,125.0,1.0,3,0.352
196,9,671.0,348.0,89.0,149.0,1.0,0,1.0
197,1,583.0,209.0,152.0,80.0,1.0,0,0.887
197,2,211.0,371.0,241.0,152.0,1.0,3,0.556
197,3,452.0,416.0,19.0,88.0,1.0,0,0.0
197,4,300.0,465.0,249.0,157.0,1.0,3,0.309
197,5,685.0,313.0,53.0,140.0,1.0,0,0.25
197,6,490.0,280.0,252.0,159.0,1.0,3,0.556
197,7,579.0,404.0,76.0,127.0,1.0,0,1.0
197,8,359.0,388.0,198.0,125.0,1.0,3,0.358
197,9,674.0,348.0,89.0,149.0,1.0,0,1.0
198,1,586.0,209.0,152.0,80.0,1.0,0,0.887
198,2,208.0,370.0,241.0,152.0,1.0,3,0.56
198,3,454.0,416.0,19.0,88.0,1.0,0,0.0
198,4,297.0,465.0,249.0,157.0,1.0,3,0.309
198,5,688.0,313.0,53.0,140.0,1.0,0,0.25
198,6,488.0,280.0,252.0,159.0,1.0,3,0.565
198,7,582.0,404.0,76.0,127.0,1.0,0,1.0
198,8,355.0,388.0,198.0,125.0,1.0,3,0.356
198,9,677.0,348.0,89.0,149.0,1.0,0,1.0
199,1,589.0,209.0,152.0,80.0,1.0,0,0.89
199,2,204.0,370.0,241.0,152.0,1.0,3,0.565
199,3,457.0,416.0,19.0,88.0,1.0,0,0.0
199,4,294.0,465.0,249.0,157.0,1.0,3,0.309
199,5,691.0,313.0,53.0,140.0,1.0,0,0.25
199,6,486.0,280.0,252.0,159.0,1.0,3,0.575
199,7,585.0,404.0,76.0,127.0,1.0,0,1.0
199,8,352.0,388.0,198.0,125.0,1.0,3,0.356
199,9,679.0,348.0,89.0,149.0,1.0,0,1.0
200,1,592.0,209.0,152.0,80.0,1.0,0,0.905
200,2,200.0,370.0,241.0,152.0,1.0,3,0.569
200,3,459.0,416.0,19.0,88.0,1.0,0,0.0
200,4,290.0,465.0,249.0,157.0,1.0,3,0.309
200,5,694.0,313.0,53.0,140.0,1.0,0,0.25
200,6,484.0,281.0,252.0,159.0,1.0,3,0.582
200,7,588.0,404.0,76.0,127.0,1.0,0,1.0
200,8,349.0,388.0,198.0,125.0,1.0,3,0.358
200,9,682.0,348.0,89.0,149.0,1.0,0,1.0
201,1,595.0,208.0,152.0,80.0,1.0,0,0.92
201,2,197.0,370.0,241.0,152.0,1.0,3,0.57
201,3,462.0,416.0,19.0,88.0,1.0,0,0.0
201,4,287.0,466.0,249.0,157.0,1.0,3,0.305
201,5,697.0,313.0,53.0,140.0,1.0,0,0.25
201,6,482.0,281.0,252.0,159.0,1.0,3,0.596
201,7,590.0,404.0,76.0,127.0,1.0,0,1.0
201,8,345.0,388.0,198.0,125.0,1.0,3,0.36
201,9,685.0,348.0,89.0,149.0,1.0,0,1.0
202,1,598.0,208.0,152.0,80.0,1.0,0,0.923
202,2,193.0,370.0,241.0,152.0,1.0,3,0.575
202,3,464.0,416.0,19.0,88.0,1.0,0,0.0
202,4,284.0,466.0,249.0,157.0,1.0,3,0.305
202,5,700.0,313.0,53.0,140.0,1.0,0,0.25
202,6,480.0,281.0,252.0,159.0,1.0,3,0.607
202,7,593.0,404.0,76.0,127.0,1.0,0,1.0
202,8,342.0,388.0,198.0,125.0,1.0,3,0.36
202,9,688.0,348.0,89.0,149.0,1.0,0,1.0
203,1,600.0,208.0,152.0,80.0,1.0,0,0.925
203,2,190.0,369.0,241.0,152.0,1.0,3,0.575
203,3,467.0,416.0,19.0,88.0,1.0,0,0.0
203,4,280.0,466.0,249.0,157.0,1.0,3,0.305
203,5,703.0,313.0,53.0,140.0,1.0,0,0.25
203,6,478.0,281.0,252.0,159.0,1.0,3,0.62
203,7,596.0,404.0,76.0,127.0,1.0,0,1.0
203,8,338.0,388.0,198.0,125.0,1.0,3,0.36
203,9,691.0,348.0,89.0,149.0,1.0,0,1.0
204,1,603.0,208.0,152.0,80.0,1.0,0,0.928
204,2,186.0,369.0,241.0,152.0,1.0,3,0.579
204,3,470.0,416.0,19.0,88.0,1.0,0,0.0
204,4,277.0,466.0,249.0,157.0,1.0,3,0.305
204,5,706.0,313.0,53.0,140.0,1.0,0,0.243
204,6,476.0,281.0,252.0,159.0,1.0,3,0.632
204,7,599.0,404.0,76.0,127.0,1.0,0,1.0
204,8,335.0,388.0,198.0,125.0,1.0,3,0.36
204,9,694.0,347.0,89.0,149.0,1.0,0,1.0
205,1,606.0,208.0,152.0,80.0,1.0,0,0.931
205,2,183.0,369.0,241.0,152.0,1.0,3,0.578
205,3,472.0,416.0,19.0,89.0,1.0,0,0.0
205,4,273.0,466.0,249.0,157.0,1.0,3,0.309
205,5,709.0,313.0,53.0,140.0,1.0,0,0.243
205,6,474.0,281.0,252.0,159.0,1.0,3,0.643
205,7,601.0,404.0,76.0,127.0,1.0,0,1.0
205,8,331.0,389.0,198.0,125.0,1.0,3,0.352
205,9,696.0,347.0,89.0,149.0,1.0,0,1.0
206,1,609.0,207.0,152.0,80.0,1.0,0,0.943
206,2,179.0,369.0,241.0,152.0,1.0,3,0.583
206,3,475.0,416.0,19.0,89.0,1.0,0,0.0
206,4,270.0,467.0,249.0,157.0,1.0,3,0.31
206,5,712.0,313.0,54.0,141.0,1.0,0,0.241
206,6,472.0,281.0,252.0,159.0,1.0,3,0.655
206,7,604.0,404.0,76.0,127.0,1.0,0,1.0
206,8,328.0,389.0,198.0,125.0,1.0,3,0.35
206,9,699.0,347.0,89.0,149.0,1.0,0,1.0
207,1,612.0,207.0,152.0,80.0,1.0,0,0.946
207,2,176.0,368.0,241.0,152.0,1.0,3,0.585
207,3,477.0,416.0,19.0,89.0,1.0,0,0.0
207,4,267.0,467.0,249.0,157.0,1.0,3,0.316
207,5,715.0,313.0,54.0,141.0,1.0,0,0.241
207,6,470.0,281.0,252.0,159.0,1.0,3,0.665
207,7,607.0,404.0,76.0,127.0,1.0,0,1.0
207,8,324.0,389.0,198.0,125.0,1.0,3,0.353
207,9,702.0,347.0,89.0,149.0,1.0,0,1.0
208,1,614.0,207.0,152.0,80.0,1.0,0,0.948
208,2,172.0,368.0,241.0,152.0,1.0,3,0.587
208,3,480.0,416.0,19.0,89.0,1.0,0,0.0
208,4,263.0,467.0,251.0,158.0,1.0,3,0.318
208,5,718.0,313.0,54.0,141.0,1.0,0,0.241
208,6,468.0,281.0,252.0,159.0,1.0,3,0.673
208,7,610.0,404.0,76.0,127.0,1.0,0,1.0
208,8,321.0,389.0,198.0,125.0,1.0,3,0.362
208,9,705.0,347.0,89.0,150.0,1.0,0,1.0
209,1,617.0,207.0,152.0,80.0,1.0,0,0.95
209,2,168.0,368.0,241.0,152.0,1.0,3,0.591
209,3,483.0,416.0,19.0,89.0,1.0,0,0.0
209,4,260.0,467.0,251.0,158.0,1.0,3,0.324
209,5,721.0,313.0,54.0,141.0,1.0,0,0.241
209,6,466.0,281.0,252.0,159.0,1.0,3,0.678
209,7,612.0,404.0,76.0,127.0,1.0,0,1.0
209,8,318.0,389.0,198.0,125.0,1.0,3,0.372
209,9,708.0,347.0,89.0,150.0,1.0,0,1.0
210,1,620.0,206.0,152.0,80.0,1.0,0,0.961
210,2,165.0,368.0,243.0,153.0,1.0,3,0.584
210,3,485.0,416.0,19.0,89.0,1.0,0,0.0
210,4,256.0,468.0,251.0,158.0,1.0,3,0.327
210,5,724.0,313.0,54.0,141.0,1.0,0,0.241
210,6,464.0,281.0,252.0,159.0,1.0,3,0.682
210,7,615.0,404.0,76.0,127.0,1.0,0,1.0
210,8,314.0,389.0,198.0,125.0,1.0,3,0.389
210,9,711.0,347.0,89.0,150.0,1.0,0,1.0
211,1,623.0,206.0,152.0,80.0,1.0,0,0.97
211,2,161.0,368.0,243.0,153.0,1.0,3,0.587
211,3,488.0,416.0,19.0,89.0,1.0,0,0.0
211,4,253.0,468.0,251.0,158.0,1.0,3,0.332
211,5,727.0,312.0,54.0,141.0,1.0,0,0.248
211,6,462.0,282.0,252.0,159.0,1.0,3,0.681
211,7,618.0,404.0,76.0,127.0,1.0,0,1.0
211,8,311.0,389.0,198.0,125.0,1.0,3,0.399
211,9,713.0,347.0,89.0,150.0,1.0,0,1.0
212,1,626.0,206.0,152.0,80.0,1.0,0,0.972
212,2,158.0,367.0,243.0,153.0,1.0,3,0.589
212,3,490.0,416.0,19.0,89.0,1.0,0,0.0
212,4,250.0,468.0,251.0,158.0,1.0,3,0.338
212,5,730.0,312.0,54.0,141.0,1.0,0,0.248
212,6,460.0,282.0,252.0,159.0,1.0,3,0.676
212,7,621.0,404.0,76.0,127.0,1.0,0,1.0
212,8,307.0,389.0,198.0,125.0,1.0,3,0.412
212,9,716.0,347.0,89.0,150.0,1.0,0,1.0
213,1,629.0,206.0,152.0,80.0,1.0,0,0.973
213,2,154.0,367.0,243.0,153.0,1.0,3,0.594
213,3,493.0,416.0,19.0,89.0,1.0,0,0.0
213,4,246.0,468.0,251.0,158.0,1.0,3,0.345
213,5,733.0,312.0,54.0,141.0,1.0,0,0.248
213,6,458.0,282.0,252.0,159.0,1.0,3,0.668
213,7,623.0,404.0,76.0,127.0,1.0,0,1.0
213,8,304.0,390.0,198.0,125.0,1.0,3,0.416
213,9,719.0,347.0,89.0,150.0,1.0,0,1.0
214,1,631.0,206.0,152.0,80.0,1.0,0,0.975
214,2,151.0,367.0,243.0,153.0,1.0,3,0.592
214,3,495.0,416.0,19.0,89.0,1.0,0,0.0
214,4,243.0,468.0,251.0,158.0,1.0,3,0.35
214,5,736.0,312.0,54.0,141.0,1.0,0,0.248
214,6,456.0,282.0,252.0,159.0,1.0,3,0.66
214,7,626.0,404.0,76.0,127.0,1.0,0,1.0
214,8,300.0,390.0,198.0,125.0,1.0,3,0.429
214,9,722.0,347.0,89.0,150.0,1.0,0,1.0
215,1,634.0,205.0,151.0,79.0,1.0,0,0.988
215,2,147.0,367.0,243.0,153.0,1.0,3,0.597
215,3,498.0,416.0,19.0,89.0,1.0,0,0.0
215,4,240.0,469.0,251.0,158.0,1.0,3,0.351
215,5,739.0,312.0,54.0,141.0,1.0,0,0.248
215,6,454.0,282.0,252.0,159.0,1.0,3,0.652
215,7,629.0,404.0,76.0,127.0,1.0,0,1.0
215,8,297.0,390.0,198.0,125.0,1.0,3,0.444
215,9,725.0,347.0,89.0,150.0,1.0,0,1.0
216,1,637.0,205.0,151.0,79.0,1.0,0,0.989
216,2,143.0,366.0,243.0,153.0,1.0,3,0.601
216,3,501.0,416.0,19.0,89.0,1.0,0,0.0
216,4,236.0,469.0,251.0,158.0,1.0,3,0.358
216,5,742.0,312.0,54.0,141.0,1.0,0,0.248
216,6,452.0,282.0,252.0,159.0,1.0,3,0.648
216,7,632.0,404.0,76.0,127.0,1.0,0,1.0
216,8,293.0,390.0,198.0,125.0,1.0,3,0.456
216,9,728.0,347.0,89.0,150.0,1.0,0,1.0
217,1,640.0,205.0,151.0,79.0,1.0,0,0.99
217,2,140.0,366.0,243.0,153.0,1.0,3,0.601
217,3,503.0,416.0,19.0,89.0,1.0,0,0.0
217,4,233.0,469.0,251.0,158.0,1.0,3,0.363
217,5,745.0,312.0,54.0,141.0,1.0,0,0.248
217,6,450.0,282.0,252.0,159.0,1.0,3,0.644
217,7,634.0,404.0,76.0,127.0,1.0,0,1.0
217,8,290.0,390.0,198.0,125.0,1.0,3,0.466
217,9,730.0,347.0,89.0,150.0,1.0,0,1.0
218,1,643.0,205.0,151.0,79.0,1.0,0,0.99
218,2,136.0,366.0,243.0,153.0,1.0,3,0.603
218,3,506.0,416.0,19.0,89.0,1.0,0,0.053
218,4,229.0,469.0,251.0,158.0,1.0,3,0.371
218,5,748.0,312.0,54.0,142.0,1.0,0,0.246
218,6,448.0,282.0,252.0,159.0,1.0,3,0.64
218,7,637.0,404.0,76.0,127.0,1.0,0,1.0
218,8,287.0,390.0,198.0,125.0,1.0,3,0.476
218,9,733.0,347.0,89.0,150.0,1.0,0,1.0
219,1,646.0,204.0,151.0,79.0,1.0,0,0.996
219,2,133.0,366.0,243.0,153.0,1.0,3,0.602
219,3,508.0,416.0,19.0,89.0,1.0,0,0.158
219,4,226.0,470.0,251.0,158.0,1.0,3,0.371
219,5,751.0,312.0,54.0,142.0,1.0,0,0.246
219,6,446.0,282.0,252.0,159.0,1.0,3,0.635
219,7,640.0,404.0,76.0,127.0,1.0,0,1.0
219,8,283.0,390.0,198.0,125.0,1.0,3,0.495
219,9,736.0,347.0,89.0,150.0,1.0,0,1.0
220,1,648.0,204.0,151.0,79.0,1.0,0,0.996
220,2,129.0,366.0,243.0,153.0,1.0,3,0.606
220,3,511.0,416.0,19.0,89.0,1.0,0,0.316
220,4,223.0,470.0,251.0,158.0,1.0,3,0.376
220,5,754.0,312.0,54.0,142.0,1.0,0,0.246
220,6,445.0,282.0,252.0,159.0,1.0,3,0.632
220,7,643.0,403.0,76.0,127.0,1.0,0,1.0
220,8,280.0,390.0,198.0,125.0,1.0,3,0.504
220,9,739.0,347.0,89.0,150.0,1.0,0,1.0
221,1,651.0,204.0,151.0,79.0,1.0,0,1.0
221,2,126.0,365.0,243.0,153.0,1.0,3,0.609
221,3,513.0,416.0,19.0,89.0,1.0,0,0.421
221,4,219.0,470.0,252.0,159.0,1.0,3,0.379
221,5,757.0,312.0,54.0,142.0,1.0,0,0.246
221,6,443.0,283.0,252.0,159.0,1.0,3,0.625
221,7,645.0,403.0,76.0,127.0,1.0,0,1.0
221,8,276.0,391.0,198.0,125.0,1.0,3,0.511
221,9,742.0,347.0,89.0,150.0,1.0,0,1.0
222,1,654.0,204.0,151.0,79.0,1.0,0,1.0
222,2,122.0,365.0,243.0,153.0,1.0,3,0.612
222,3,516.0,416.0,19.0,89.0,1.0,0,0.579
222,4,216.0,470.0,252.0,159.0,1.0,3,0.384
222,5,760.0,312.0,54.0,142.0,1.0,0,0.246
222,6,441.0,283.0,252.0,159.0,1.0,3,0.62
222,7,648.0,403.0,76.0,127.0,1.0,0,1.0
222,8,273.0,391.0,198.0,125.0,1.0,3,0.52
222,9,745.0,347.0,89.0,150.0,1.0,0,1.0
223,1,657.0,203.0,151.0,79.0,1.0,0,1.0
223,2,118.0,365.0,243.0,153.0,1.0,3,0.612
223,3,519.0,416.0,19.0,89.0,1.0,0,0.737
223,4,212.0,470.0,252.0,159.0,1.0,3,0.391
223,5,763.0,312.0,54.0,142.0,1.0,0,0.239
223,6,439.0,283.0,252.0,159.0,1.0,3,0.615
223,7,651.0,403.0,76.0,127.0,1.0,0,1.0
223,8,269.0,391.0,198.0,125.0,1.0,3,0.533
223,9,747.0,346.0,89.0,150.0,1.0,0,1.0
224,1,660.0,203.0,151.0,79.0,1.0,0,1.0
224,2,115.0,365.0,243.0,153.0,1.0,3,0.614
224,3,521.0,416.0,19.0,89.0,1.0,0,0.842
224,4,209.0,471.0,252.0,159.0,1.0,3,0.391
224,5,766.0,312.0,54.0,142.0,1.0,0,0.239
224,6,437.0,283.0,252.0,159.0,1.0,3,0.61
224,7,654.0,403.0,76.0,127.0,1.0,0,1.0
224,8,266.0,391.0,198.0,125.0,1.0,3,0.549
224,9,750.0,346.0,89.0,150.0,1.0,0,1.0
225,1,663.0,203.0,151.0,79.0,1.0,0,1.0
225,2,111.0,364.0,243.0,153.0,1.0,3,0.621
225,3,524.0,416.0,19.0,89.0,1.0,0,1.0
225,4,206.0,471.0,252.0,159.0,1.0,3,0.396
225,5,769.0,312.0,54.0,142.0,1.0,0,0.239
225,6,435.0,283.0,252.0,159.0,1.0,3,0.607
225,7,656.0,403.0,76.0,127.0,1.0,0,1.0
225,8,263.0,391.0,198.0,125.0,1.0,3,0.559
225,9,753.0,346.0,89.0,150.0,1.0,0,1.0
226,1,665.0,203.0,151.0,79.0,1.0,0,1.0
226,2,108.0,364.0,244.0,154.0,1.0,3,0.614
226,3,526.0,416.0,19.0,89.0,1.0,0,1.0
226,4,202.0,471.0,252.0,159.0,1.0,3,0.403
226,5,772.0,311.0,54.0,142.0,1.0,0,0.246
226,6,433.0,283.0,252.0,159.0,1.0,3,0.609
226,7,659.0,403.0,76.0,127.0,1.0,0,1.0
226,8,259.0,391.0,198.0,125.0,1.0,3,0.572
226,9,756.0,346.0,89.0,150.0,1.0,0,1.0
227,1,668.0,203.0,151.0,79.0,1.0,0,1.0
227,2,104.0,364.0,244.0,154.0,1.0,3,0.618
227,3,529.0,416.0,19.0,89.0,1.0,0,1.0
227,4,199.0,471.0,252.0,159.0,1.0,3,0.408
227,5,775.0,311.0,54.0,142.0,1.0,0,0.246
227,6,431.0,283.0,252.0,159.0,1.0,3,0.612
227,7,662.0,403.0,76.0,127.0,1.0,0,1.0
227,8,256.0,391.0,198.0,125.0,1.0,3,0.582
227,9,759.0,346.0,89.0,150.0,1.0,0,1.0
228,1,671.0,202.0,151.0,79.0,1.0,0,1.0
228,2,101.0,364.0,244.0,154.0,1.0,3,0.617
228,3,531.0,416.0,19.0,89.0,1.0,0,1.0
228,4,196.0,472.0,252.0,159.0,1.0,3,0.407
228,5,778.0,311.0,54.0,142.0,1.0,0,0.246
228,6,429.0,283.0,252.0,159.0,1.0,3,0.614
228,7,665.0,403.0,76.0,127.0,1.0,0,1.0
228,8,252.0,391.0,198.0,125.0,1.0,3,0.602
228,9,762.0,346.0,89.0,150.0,1.0,0,1.0
229,1,674.0,202.0,151.0,79.0,1.0,0,1.0
229,2,97.0,364.0,244.0,154.0,1.0,3,0.619
229,3,534.0,416.0,19.0,89.0,1.0,0,1.0
229,4,192.0,472.0,252.0,159.0,1.0,3,0.414
229,5,781.0,311.0,54.0,142.0,1.0,0,0.246
229,6,427.0,283.0,252.0,159.0,1.0,3,0.615
229,7,667.0,403.0,76.0,127.0,1.0,0,1.0
229,8,249.0,391.0,198.0,125.0,1.0,3,0.612
229,9,764.0,346.0,89.0,150.0,1.0,0,1.0
230,1,677.0,202.0,151.0,79.0,1.0,0,1.0
230,2,93.0,363.0,244.0,154.0,1.0,3,0.627
230,3,537.0,416.0,20.0,90.0,1.0,0,1.0
230,4,189.0,472.0,252.0,159.0,1.0,3,0.419
230,5,784.0,311.0,54.0,143.0,1.0,0,0.245
230,6,425.0,283.0,252.0,159.0,1.0,3,0.617
230,7,670.0,403.0,76.0,127.0,1.0,0,1.0
230,8,245.0,392.0,198.0,125.0,1.0,3,0.617
230,9,767.0,346.0,89.0,150.0,1.0,0,1.0
231,1,679.0,202.0,151.0,79.0,1.0,0,1.0
231,2,90.0,363.0,244.0,154.0,1.0,3,0.626
231,3,539.0,416.0,20.0,90.0,1.0,0,1.0
231,4,185.0,472.0,252.0,159.0,1.0,3,0.426
231,5,787.0,311.0,54.0,143.0,1.0,0,0.245
231,6,423.0,284.0,252.0,159.0,1.0,3,0.619
231,7,673.0,403.0,76.0,127.0,1.0,0,1.0
231,8,242.0,392.0,198.0,125.0,1.0,3,0.627
231,9,770.0,346.0,89.0,150.0,1.0,0,1.0
232,1,682.0,201.0,151.0,79.0,1.0,0,1.0
232,2,86.0,363.0,244.0,154.0,1.0,3,0.627
232,3,542.0,416.0,20.0,90.0,1.0,0,1.0
232,4,182.0,472.0,252.0,159.0,1.0,3,0.428
232,5,790.0,311.0,54.0,143.0,1.0,0,0.245
232,6,421.0,284.0,252.0,159.0,1.0,3,0.618
232,7,676.0,403.0,76.0,127.0,1.0,0,1.0
232,8,238.0,392.0,198.0,125.0,1.0,3,0.644
232,9,773.0,346.0,89.0,150.0,1.0,0,1.0
233,1,685.0,201.0,151.0,79.0,1.0,0,1.0
233,2,83.0,363.0,244.0,154.0,1.0,3,0.628
233,3,544.0,416.0,20.0,90.0,1.0,0,1.0
233,4,179.0,473.0,254.0,160.0,1.0,3,0.419
233,5,793.0,311.0,54.0,143.0,1.0,0,0.245
233,6,419.0,284.0,252.0,159.0,1.0,3,0.619
233,7,678.0,403.0,76.0,127.0,1.0,0,1.0
233,8,235.0,392.0,198.0,125.0,1.0,3,0.648
233,9,776.0,346.0,89.0,150.0,1.0,0,1.0
234,1,688.0,201.0,151.0,79.0,1.0,0,1.0
234,2,79.0,362.0,244.0,154.0,1.0,3,0.634
234,3,547.0,416.0,20.0,90.0,1.0,0,1.0
234,4,175.0,473.0,254.0,160.0,1.0,3,0.419
234,5,796.0,311.0,54.0,143.0,1.0,0,0.245
234,6,417.0,284.0,252.0,159.0,1.0,3,0.621
234,7,681.0,403.0,76.0,127.0,1.0,0,1.0
234,8,232.0,392.0,198.0,125.0,1.0,3,0.65
234,9,779.0,346.0,89.0,150.0,1.0,0,1.0
235,1,691.0,201.0,151.0,79.0,1.0,0,1.0
235,2,76.0,362.0,244.0,154.0,1.0,3,0.632
235,3,549.0,416.0,20.0,90.0,1.0,0,1.0
235,4,172.0,473.0,254.0,160.0,1.0,3,0.419
235,5,799.0,311.0,54.0,143.0,1.0,0,0.245
235,6,415.0,284.0,252.0,159.0,1.0,3,0.623
235,7,684.0,403.0,76.0,127.0,1.0,0,1.0
235,8,228.0,392.0,198.0,125.0,1.0,3,0.648
235,9,781.0,346.0,89.0,150.0,1.0,0,1.0
236,1,694.0,200.0,151.0,79.0,1.0,0,1.0
236,2,72.0,362.0,244.0,154.0,1.0,3,0.634
236,3,552.0,416.0,20.0,90.0,1.0,0,1.0
236,4,168.0,473.0,254.0,160.0,1.0,3,0.419
236,5,802.0,311.0,54.0,143.0,1.0,0,0.245
236,6,413.0,284.0,252.0,159.0,1.0,3,0.625
236,7,687.0,403.0,76.0,127.0,1.0,0,1.0
236,8,225.0,392.0,198.0,125.0,1.0,3,0.65
236,9,784.0,346.0,89.0,150.0,1.0,0,1.0
237,1,696.0,200.0,149.0,78.0,1.0,0,1.0
237,2,68.0,362.0,244.0,154.0,1.0,3,0.637
237,3,555.0,417.0,20.0,90.0,1.0,0,1.0
237,4,165.0,474.0,254.0,160.0,1.0,3,0.412
237,5,805.0,311.0,54.0,143.0,1.0,0,0.245
237,6,411.0,284.0,252.0,159.0,1.0,3,0.628
237,7,689.0,403.0,76.0,127.0,1.0,0,1.0
237,8,221.0,392.0,198.0,125.0,1.0,3,0.656
237,9,787.0,346.0,89.0,150.0,1.0,0,1.0
238,1,699.0,200.0,149.0,78.0,1.0,0,1.0
238,2,65.0,362.0,244.0,154.0,1.0,3,0.64
238,3,557.0,417.0,20.0,90.0,1.0,0,1.0
238,4,162.0,474.0,254.0,160.0,1.0,3,0.412
238,5,808.0,311.0,54.0,143.0,1.0,0,0.245
238,6,409.0,284.0,252.0,159.0,1.0,3,0.629
238,7,692.0,403.0,76.0,127.0,1.0,0,1.0
238,8,218.0,393.0,198.0,125.0,1.0,3,0.648
238,9,790.0,346.0,89.0,150.0,1.0,0,1.0
239,1,702.0,200.0,149.0,78.0,1.0,0,1.0
239,2,61.0,361.0,244.0,154.0,1.0,3,0.643
239,3,560.0,417.0,20.0,90.0,1.0,0,1.0
239,4,158.0,474.0,254.0,160.0,1.0,3,0.412
239,5,811.0,311.0,54.0,143.0,1.0,0,0.245
239,6,407.0,284.0,252.0,159.0,1.0,3,0.633
239,7,695.0,403.0,76.0,127.0,1.0,0,1.0
239,8,214.0,393.0,197.0,124.0,1.0,3,0.653
239,9,793.0,346.0,89.0,150.0,1.0,0,1.0
240,1,705.0,200.0,149.0,78.0,1.0,0,1.0
240,2,58.0,361.0,244.0,154.0,1.0,3,0.643
240,3,562.0,417.0,20.0,90.0,1.0,0,1.0
240,4,155.0,474.0,254.0,160.0,1.0,3,0.412
240,5,814.0,310.0,54.0,143.0,1.0,0,0.252
240,6,405.0,284.0,252.0,159.0,1.0,3,0.634
240,7,698.0,403.0,76.0,127.0,1.0,0,1.0
240,8,211.0,393.0,197.0,124.0,1.0,3,0.653
240,9,796.0,346.0,89.0,150.0,1.0,0,1.0
241,1,708.0,199.0,149.0,78.0,1.0,0,1.0
241,2,54.0,361.0,244.0,154.0,1.0,3,0.645
241,3,565.0,417.0,20.0,90.0,1.0,0,1.0
241,4,152.0,474.0,254.0,160.0,1.0,3,0.412
241,5,817.0,310.0,54.0,143.0,1.0,0,0.252
241,6,403.0,285.0,252.0,159.0,1.0,3,0.636
241,7,700.0,403.0,76.0,127.0,1.0,0,1.0
241,8,207.0,393.0,197.0,124.0,1.0,3,0.653
241,9,798.0,346.0,89.0,150.0,1.0,0,1.0
242,1,711.0,199.0,149.0,78.0,1.0,0,1.0
242,2,51.0,361.0,246.0,155.0,1.0,3,0.64
242,3,568.0,417.0,20.0,90.0,1.0,0,1.0
242,4,148.0,475.0,254.0,160.0,1.0,3,0.406
242,5,820.0,310.0,54.0,143.0,1.0,0,0.245
242,6,401.0,285.0,252.0,159.0,1.0,3,0.637
242,7,703.0,403.0,76.0,127.0,1.0,0,1.0
242,8,204.0,393.0,197.0,124.0,1.0,3,0.661
242,9,801.0,345.0,89.0,150.0,1.0,0,1.0
243,1,713.0,199.0,149.0,78.0,1.0,0,1.0
243,2,47.0,360.0,246.0,155.0,1.0,3,0.647
243,3,570.0,417.0,20.0,90.0,1.0,0,1.0
243,4,145.0,475.0,254.0,160.0,1.0,3,0.406
243,5,823.0,310.0,55.0,144.0,1.0,0,0.243
243,6,399.0,285.0,252.0,159.0,1.0,3,0.637
243,7,706.0,403.0,76.0,127.0,1.0,0,1.0
243,8,201.0,393.0,197.0,124.0,1.0,3,0.661
243,9,804.0,345.0,89.0,150.0,1.0,0,1.0
244,1,716.0,199.0,149.0,78.0,1.0,0,1.0
244,2,43.0,360.0,246.0,155.0,1.0,3,0.647
244,3,573.0,417.0,20.0,90.0,1.0,0,1.0
244,4,141.0,475.0,254.0,160.0,1.0,3,0.406
244,5,826.0,310.0,55.0,144.0,1.0,0,0.243
244,6,397.0,285.0,252.0,159.0,1.0,3,0.637
244,7,709.0,403.0,76.0,127.0,1.0,0,1.0
244,8,197.0,393.0,197.0,124.0,1.0,3,0.661
244,9,807.0,345.0,89.0,150.0,1.0,0,1.0
245,1,719.0,198.0,149.0,78.0,1.0,0,1.0
245,2,40.0,360.0,246.0,155.0,1.0,3,0.647
245,3,575.0,417.0,20.0,90.0,1.0,0,1.0
245,4,138.0,475.0,256.0,161.0,1.0,3,0.404
245,5,829.0,310.0,55.0,144.0,1.0,0,0.243
245,6,395.0,285.0,252.0,159.0,1.0,3,0.637
245,7,711.0,403.0,76.0,127.0,1.0,0,1.0
245,8,194.0,393.0,197.0,124.0,1.0,3,0.661
245,9,810.0,345.0,89.0,150.0,1.0,0,1.0
246,1,722.0,198.0,149.0,78.0,1.0,0,1.0
246,2,36.0,360.0,246.0,155.0,1.0,3,0.648
246,3,578.0,417.0,20.0,90.0,1.0,0,1.0
246,4,135.0,475.0,256.0,161.0,1.0,3,0.404
246,5,832.0,310.0,55.0,144.0,1.0,0,0.243
246,6,393.0,285.0,252.0,159.0,1.0,3,0.637
246,7,714.0,403.0,76.0,127.0,1.0,0,1.0
246,8,190.0,393.0,197.0,124.0,1.0,3,0.661
246,9,813.0,345.0,89.0,150.0,1.0,0,1.0
247,1,725.0,198.0,149.0,78.0,1.0,0,1.0
247,2,33.0,360.0,246.0,155.0,1.0,3,0.651
247,3,580.0,417.0,20.0,90.0,1.0,0,1.0
247,4,131.0,476.0,256.0,161.0,1.0,3,0.398
247,5,835.0,310.0,55.0,144.0,1.0,0,0.243
247,6,391.0,285.0,252.0,159.0,1.0,3,0.637
247,7,717.0,403.0,76.0,127.0,1.0,0,1.0
247,8,187.0,394.0,197.0,124.0,1.0,3,0.661
247,9,816.0,345.0,89.0,150.0,1.0,0,1.0
248,1,728.0,198.0,149.0,78.0,1.0,0,1.0
248,2,29.0,359.0,246.0,155.0,1.0,3,0.656
248,3,583.0,417.0,20.0,90.0,1.0,0,1.0
248,4,128.0,476.0,256.0,161.0,1.0,3,0.398
248,5,838.0,310.0,55.0,144.0,1.0,0,0.243
248,6,389.0,285.0,252.0,159.0,1.0,3,0.637
248,7,720.0,403.0,76.0,127.0,1.0,0,1.0
248,8,183.0,394.0,197.0,124.0,1.0,3,0.661
248,9,818.0,345.0,89.0,150.0,1.0,0,1.0
249,1,730.0,197.0,149.0,78.0,1.0,0,1.0
249,2,26.0,359.0,246.0,155.0,1.0,3,0.655
249,3,586.0,417.0,20.0,90.0,1.0,0,1.0
249,4,124.0,476.0,256.0,161.0,1.0,3,0.398
249,5,841.0,310.0,55.0,144.0,1.0,0,0.243
249,6,387.0,285.0,252.0,159.0,1.0,3,0.637
249,7,722.0,403.0,76.0,127.0,1.0,0,1.0
249,8,180.0,394.0,197.0,124.0,1.0,3,0.661
249,9,821.0,345.0,89.0,150.0,1.0,0,1.0
250,1,733.0,197.0,149.0,78.0,1.0,0,1.0
250,2,22.0,359.0,246.0,155.0,1.0,3,0.656
250,3,588.0,417.0,20.0,90.0,1.0,0,1.0
250,4,121.0,476.0,256.0,161.0,1.0,3,0.398
250,5,844.0,310.0,55.0,144.0,1.0,0,0.243
250,6,385.0,285.0,252.0,159.0,1.0,3,0.637
250,7,725.0,403.0,76.0,127.0,1.0,0,1.0
250,8,176.0,394.0,197.0,124.0,1.0,3,0.661
250,9,824.0,345.0,89.0,150.0,1.0,0,1.0
251,1,736.0,197.0,149.0,78.0,1.0,0,1.0
251,2,18.0,359.0,246.0,155.0,1.0,3,0.66
251,3,591.0,417.0,20.0,90.0,1.0,0,1.0
251,4,118.0,477.0,256.0,161.0,1.0,3,0.391
251,5,847.0,310.0,55.0,144.0,1.0,0,0.243
251,6,383.0,286.0,252.0,159.0,1.0,3,0.637
251,7,728.0,403.0,76.0,127.0,1.0,0,1.0
251,8,173.0,394.0,197.0,124.0,1.0,3,0.669
251,9,827.0,345.0,89.0,150.0,1.0,0,1.0
252,1,739.0,197.0,149.0,78.0,1.0,0,1.0
252,2,15.0,358.0,246.0,155.0,1.0,3,0.663
252,3,593.0,417.0,20.0,90.0,1.0,0,1.0
252,4,114.0,477.0,256.0,161.0,1.0,3,0.391
252,5,850.0,310.0,55.0,144.0,1.0,0,0.243
252,6,381.0,286.0,252.0,159.0,1.0,3,0.637
252,7,731.0,403.0,76.0,127.0,1.0,0,1.0
252,8,170.0,394.0,197.0,124.0,1.0,3,0.669
252,9,830.0,345.0,89.0,150.0,1.0,0,1.0
253,1,742.0,197.0,149.0,78.0,1.0,0,1.0
253,2,11.0,358.0,246.0,155.0,1.0,3,0.664
253,3,596.0,417.0,20.0,90.0,1.0,0,1.0
253,4,111.0,477.0,256.0,161.0,1.0,3,0.391
253,5,853.0,310.0,55.0,144.0,1.0,0,0.243
253,6,379.0,286.0,252.0,159.0,1.0,3,0.637
253,7,733.0,403.0,76.0,127.0,1.0,0,1.0
253,8,166.0,394.0,197.0,124.0,1.0,3,0.669
253,9,833.0,345.0,89.0,150.0,1.0,0,1.0
254,1,744.0,196.0,149.0,78.0,1.0,0,1.0
254,2,8.0,358.0,246.0,155.0,1.0,3,0.663
254,3,598.0,417.0,20.0,90.0,1.0,0,1.0
254,4,107.0,477.0,256.0,161.0,1.0,3,0.391
254,5,856.0,309.0,55.0,144.0,1.0,0,0.25
254,6,377.0,286.0,252.0,159.0,1.0,3,0.637
254,7,736.0,403.0,76.0,127.0,1.0,0,1.0
254,8,163.0,394.0,197.0,124.0,1.0,3,0.669
254,9,835.0,345.0,89.0,150.0,1.0,0,1.0
255,1,747.0,196.0,149.0,78.0,1.0,0,1.0
255,2,4.0,358.0,246.0,155.0,1.0,3,0.666
255,3,601.0,417.0,20.0,91.0,1.0,0,1.0
255,4,104.0,477.0,256.0,161.0,1.0,3,0.391
255,5,859.0,309.0,55.0,145.0,1.0,0,0.248
255,6,375.0,286.0,252.0,159.0,1.0,3,0.637
255,7,739.0,403.0,76.0,127.0,1.0,0,1.0
255,8,159.0,395.0,197.0,124.0,1.0,3,0.661
255,9,838.0,345.0,89.0,150.0,1.0,0,1.0
256,1,750.0,196.0,149.0,78.0,1.0,0,1.0
256,2,1.0,358.0,246.0,155.0,1.0,3,0.668
256,3,604.0,417.0,20.0,91.0,1.0,0,1.0
256,4,101.0,478.0,256.0,161.0,1.0,3,0.385
256,5,862.0,309.0,55.0,145.0,1.0,0,0.248
256,6,373.0,286.0,252.0,159.0,1.0,3,0.637
256,7,742.0,403.0,76.0,127.0,1.0,0,1.0
256,8,156.0,395.0,197.0,124.0,1.0,3,0.669
256,9,841.0,345.0,89.0,150.0,1.0,0,1.0
257,1,753.0,196.0,149.0,78.0,1.0,0,1.0
257,2,-3.0,357.0,246.0,155.0,1.0,3,0.66
257,3,606.0,417.0,20.0,91.0,1.0,0,1.0
257,4,97.0,478.0,257.0,162.0,1.0,3,0.383
257,5,865.0,309.0,55.0,145.0,1.0,0,0.248
257,6,371.0,286.0,252.0,159.0,1.0,3,0.639
257,7,744.0,403.0,76.0,127.0,1.0,0,1.0
257,8,152.0,395.0,197.0,124.0,1.0,3,0.669
257,9,844.0,345.0,89.0,150.0,1.0,0,1.0
258,1,756.0,195.0,147.0,77.0,1.0,0,1.0
258,2,-6.0,357.0,246.0,155.0,1.0,3,0.647
258,3,609.0,417.0,20.0,91.0,1.0,0,1.0
258,4,94.0,478.0,257.0,162.0,1.0,3,0.383
258,5,868.0,309.0,55.0,145.0,1.0,0,0.248
258,6,369.0,286.0,252.0,159.0,1.0,3,0.642
258,7,747.0,403.0,76.0,127.0,1.0,0,1.0
258,8,149.0,395.0,197.0,124.0,1.0,3,0.669
258,9,847.0,345.0,89.0,150.0,1.0,0,1.0
259,1,759.0,195.0,147.0,77.0,1.0,0,1.0
259,2,-10.0,357.0,248.0,156.0,1.0,3,0.627
259,3,611.0,417.0,20.0,91.0,1.0,0,1.0
259,4,91.0,478.0,257.0,162.0,1.0,3,0.383
259,5,871.0,309.0,55.0,145.0,1.0,0,0.248
259,6,367.0,286.0,252.0,159.0,1.0,3,0.645
259,7,750.0,403.0,76.0,127.0,1.0,0,1.0
259,8,145.0,395.0,197.0,124.0,1.0,3,0.669
259,9,850.0,345.0,89.0,150.0,1.0,0,1.0
260,1,761.0,195.0,147.0,77.0,1.0,0,1.0
260,2,-14.0,357.0,248.0,156.0,1.0,3,0.615
260,3,614.0,417.0,20.0,91.0,1.0,0,1.0
260,4,87.0,479.0,257.0,162.0,1.0,3,0.377
260,5,874.0,309.0,55.0,145.0,1.0,0,0.248
260,6,365.0,286.0,252.0,159.0,1.0,3,0.649
260,7,753.0,402.0,76.0,127.0,1.0,0,1.0
260,8,142.0,395.0,197.0,124.0,1.0,3,0.677
260,9,852.0,345.0,89.0,150.0,1.0,0,1.0
261,1,764.0,195.0,147.0,77.0,1.0,0,1.0
261,2,-17.0,356.0,248.0,156.0,1.0,3,0.606
261,3,616.0,417.0,20.0,91.0,1.0,0,1.0
261,4,84.0,479.0,257.0,162.0,1.0,3,0.377
261,5,877.0,309.0,55.0,145.0,1.0,0,0.248
261,6,363.0,287.0,252.0,159.0,1.0,3,0.651
261,7,755.0,402.0,76.0,127.0,1.0,0,1.0
261,8,139.0,395.0,197.0,124.0,1.0,3,0.677
261,9,855.0,345.0,89.0,150.0,1.0,0,1.0
262,1,767.0,194.0,147.0,77.0,1.0,0,1.0
262,2,-21.0,356.0,248.0,156.0,1.0,3,0.59
262,3,619.0,417.0,20.0,91.0,1.0,0,1.0
262,4,80.0,479.0,257.0,162.0,1.0,3,0.377
262,5,880.0,309.0,55.0,145.0,1.0,0,0.241
262,6,362.0,287.0,252.0,159.0,1.0,3,0.651
262,7,758.0,402.0,76.0,127.0,1.0,0,1.0
262,8,135.0,395.0,197.0,124.0,1.0,3,0.677
262,9,858.0,344.0,89.0,150.0,1.0,0,1.0
263,1,770.0,194.0,147.0,77.0,1.0,0,1.0
263,2,-24.0,356.0,248.0,156.0,1.0,3,0.58
263,3,622.0,417.0,20.0,91.0,1.0,0,1.0
263,4,77.0,479.0,257.0,162.0,1.0,3,0.377
263,5,883.0,309.0,55.0,145.0,1.0,0,0.241
263,6,360.0,287.0,252.0,159.0,1.0,3,0.651
263,7,761.0,402.0,76.0,127.0,1.0,0,1.0
263,8,132.0,396.0,197.0,124.0,1.0,3,0.669
263,9,861.0,344.0,89.0,150.0,1.0,0,1.0
264,1,773.0,194.0,147.0,77.0,1.0,0,1.0
264,2,-28.0,356.0,248.0,156.0,1.0,3,0.565
264,3,624.0,417.0,20.0,91.0,1.0,0,1.0
264,4,74.0,479.0,257.0,162.0,1.0,3,0.377
264,5,886.0,309.0,55.0,145.0,1.0,0,0.241
264,6,358.0,287.0,252.0,159.0,1.0,3,0.651
264,7,764.0,402.0,76.0,127.0,1.0,0,1.0
264,8,128.0,396.0,197.0,124.0,1.0,3,0.669
264,9,864.0,344.0,89.0,150.0,1.0,0,1.0
265,1,776.0,194.0,147.0,77.0,1.0,0,1.0
265,2,-31.0,356.0,248.0,156.0,1.0,3,0.554
265,3,627.0,417.0,20.0,91.0,1.0,0,1.0
265,4,70.0,480.0,257.0,162.0,1.0,3,0.37
265,5,889.0,309.0,55.0,145.0,1.0,0,0.241
265,6,356.0,287.0,252.0,159.0,1.0,3,0.651
265,7,766.0,402.0,76.0,127.0,1.0,0,1.0
265,8,125.0,396.0,197.0,124.0,1.0,3,0.677
265,9,867.0,344.0,89.0,150.0,1.0,0,1.0
266,1,778.0,194.0,147.0,77.0,1.0,0,1.0
266,2,-35.0,355.0,248.0,156.0,1.0,3,0.542
266,3,629.0,417.0,20.0,91.0,1.0,0,1.0
266,4,67.0,480.0,257.0,162.0,1.0,3,0.37
266,5,892.0,309.0,55.0,145.0,1.0,0,0.241
266,6,354.0,287.0,252.0,159.0,1.0,3,0.651
266,7,769.0,402.0,76.0,127.0,1.0,0,1.0
266,8,121.0,396.0,197.0,124.0,1.0,3,0.677
266,9,869.0,344.0,89.0,150.0,1.0,0,1.0
267,1,781.0,193.0,147.0,77.0,1.0,0,1.0
267,2,-39.0,355.0,248.0,156.0,1.0,3,0.528
267,3,632.0,417.0,20.0,91.0,1.0,0,1.0
267,4,63.0,480.0,257.0,162.0,1.0,3,0.37
267,5,895.0,309.0,56.0,146.0,1.0,0,0.24
267,6,352.0,287.0,252.0,159.0,1.0,3,0.651
267,7,772.0,402.0,76.0,127.0,1.0,0,1.0
267,8,118.0,396.0,197.0,124.0,1.0,3,0.677
267,9,872.0,344.0,89.0,150.0,1.0,0,0.989
268,1,784.0,193.0,147.0,77.0,1.0,0,1.0
268,2,-42.0,355.0,248.0,156.0,1.0,3,0.514
268,3,634.0,417.0,20.0,91.0,1.0,0,1.0
268,4,60.0,480.0,257.0,162.0,1.0,3,0.37
268,5,898.0,309.0,56.0,146.0,1.0,0,0.24
268,6,350.0,287.0,252.0,159.0,1.0,3,0.651
268,7,775.0,402.0,76.0,127.0,1.0,0,1.0
268,8,114.0,396.0,197.0,124.0,1.0,3,0.677
268,9,875.0,344.0,89.0,150.0,1.0,0,0.955
269,1,787.0,193.0,147.0,77.0,1.0,0,1.0
269,2,-46.0,355.0,248.0,156.0,1.0,3,0.502
269,3,637.0,417.0,20.0,91.0,1.0,0,1.0
269,4,57.0,481.0,257.0,162.0,1.0,3,0.364
269,5,901.0,308.0,56.0,146.0,1.0,0,0.247
269,6,348.0,287.0,252.0,159.0,1.0,3,0.651
269,7,777.0,402.0,76.0,127.0,1.0,0,1.0
269,8,111.0,396.0,197.0,124.0,1.0,3,0.685
269,9,878.0,344.0,89.0,150.0,1.0,0,0.921
270,1,790.0,193.0,147.0,77.0,1.0,0,1.0
270,2,-49.0,355.0,248.0,156.0,1.0,3,0.489
270,3,640.0,417.0,20.0,91.0,1.0,0,1.0
270,4,53.0,481.0,259.0,163.0,1.0,3,0.362
270,5,904.0,308.0,56.0,146.0,1.0,0,0.247
270,6,346.0,287.0,252.0,159.0,1.0,3,0.651
270,7,780.0,402.0,76.0,127.0,1.0,0,1.0
270,8,108.0,396.0,197.0,124.0,1.0,3,0.685
270,9,881.0,344.0,89.0,150.0,1.0,0,0.888
271,1,793.0,192.0,147.0,77.0,1.0,0,1.0
271,2,-53.0,354.0,248.0,156.0,1.0,3,0.478
271,3,642.0,417.0,20.0,91.0,1.0,0,1.0
271,4,50.0,481.0,259.0,163.0,1.0,3,0.362
271,5,907.0,308.0,56.0,146.0,1.0,0,0.233
271,6,344.0,288.0,252.0,159.0,1.0,3,0.651
271,7,783.0,402.0,76.0,127.0,1.0,0,1.0
271,8,104.0,396.0,197.0,124.0,1.0,3,0.685
271,9,884.0,344.0,90.0,151.0,1.0,0,0.844
272,1,795.0,192.0,147.0,77.0,1.0,0,1.0
272,2,-56.0,354.0,248.0,156.0,1.0,3,0.468
272,3,645.0,417.0,20.0,91.0,1.0,0,1.0
272,4,47.0,481.0,259.0,163.0,1.0,3,0.362
272,5,910.0,308.0,56.0,146.0,1.0,0,0.22
272,6,342.0,288.0,252.0,159.0,1.0,3,0.651
272,7,786.0,402.0,76.0,127.0,1.0,0,1.0
272,8,101.0,397.0,197.0,124.0,1.0,3,0.677
272,9,886.0,344.0,90.0,151.0,1.0,0,0.822
273,1,798.0,192.0,147.0,77.0,1.0,0,1.0
273,2,-60.0,354.0,248.0,156.0,1.0,3,0.452
273,3,647.0,417.0,20.0,91.0,1.0,0,1.0
273,4,43.0,481.0,259.0,163.0,1.0,3,0.362
273,5,913.0,308.0,56.0,146.0,1.0,0,0.207
273,6,340.0,288.0,252.0,159.0,1.0,3,0.651
273,7,788.0,402.0,76.0,127.0,1.0,0,1.0
273,8,97.0,397.0,197.0,124.0,1.0,3,0.677
273,9,889.0,344.0,90.0,151.0,1.0,0,0.789
274,1,801.0,192.0,147.0,77.0,1.0,0,1.0
274,2,-64.0,354.0,248.0,156.0,1.0,3,0.44
274,3,650.0,417.0,20.0,91.0,1.0,0,1.0
274,4,40.0,482.0,259.0,163.0,1.0,3,0.356
274,5,916.0,308.0,56.0,146.0,1.0,0,0.194
274,6,338.0,288.0,252.0,159.0,1.0,3,0.651
274,7,791.0,402.0,76.0,127.0,1.0,0,1.0
274,8,94.0,397.0,197.0,124.0,1.0,3,0.685
274,9,892.0,344.0,90.0,151.0,1.0,0,0.756
275,1,804.0,191.0,147.0,77.0,1.0,0,1.0
275,2,-67.0,353.0,249.0,157.0,1.0,3,0.426
275,3,653.0,417.0,20.0,91.0,1.0,0,1.0
275,4,36.0,482.0,259.0,163.0,1.0,3,0.356
275,5,919.0,308.0,56.0,146.0,1.0,0,0.181
275,6,336.0,288.0,252.0,159.0,1.0,3,0.651
275,7,794.0,402.0,76.0,127.0,1.0,0,1.0
275,8,90.0,397.0,197.0,124.0,1.0,3,0.685
275,9,895.0,344.0,90.0,151.0,1.0,0,0.722
276,1,807.0,191.0,147.0,77.0,1.0,0,1.0
276,2,-71.0,353.0,249.0,157.0,1.0,3,0.413
276,3,655.0,417.0,20.0,91.0,1.0,0,1.0
276,4,33.0,482.0,259.0,163.0,1.0,3,0.356
276,5,922.0,308.0,56.0,146.0,1.0,0,0.167
276,6,334.0,288.0,252.0,159.0,1.0,3,0.651
276,7,797.0,402.0,76.0,127.0,1.0,0,1.0
276,8,87.0,397.0,197.0,124.0,1.0,3,0.685
276,9,898.0,344.0,90.0,151.0,1.0,0,0.689
277,1,809.0,191.0,147.0,77.0,1.0,0,1.0
277,2,-74.0,353.0,249.0,157.0,1.0,3,0.399
277,3,658.0,417.0,20.0,91.0,1.0,0,1.0
277,4,30.0,482.0,259.0,163.0,1.0,3,0.356
277,5,925.0,308.0,56.0,146.0,1.0,0,0.154
277,6,332.0,288.0,252.0,159.0,1.0,3,0.651
277,7,799.0,402.0,76.0,127.0,1.0,0,1.0
277,8,83.0,397.0,197.0,124.0,1.0,3,0.685
277,9,901.0,344.0,90.0,151.0,1.0,0,0.656
278,1,812.0,191.0,147.0,77.0,1.0,0,1.0
278,2,-78.0,353.0,249.0,157.0,1.0,3,0.386
278,3,660.0,418.0,20.0,91.0,1.0,0,1.0
278,4,26.0,483.0,259.0,163.0,1.0,3,0.35
278,5,928.0,308.0,56.0,146.0,1.0,0,0.141
278,6,330.0,288.0,252.0,159.0,1.0,3,0.651
278,7,802.0,402.0,76.0,127.0,1.0,0,1.0
278,8,80.0,397.0,197.0,124.0,1.0,3,0.694
278,9,903.0,344.0,90.0,151.0,1.0,0,0.633
279,1,815.0,191.0,147.0,77.0,1.0,0,0.986
279,2,-81.0,353.0,249.0,157.0,1.0,3,0.374
279,3,663.0,418.0,20.0,91.0,1.0,0,1.0
279,4,23.0,483.0,259.0,163.0,1.0,3,0.35
279,5,931.0,308.0,56.0,147.0,1.0,0,0.127
279,6,328.0,288.0,252.0,159.0,1.0,3,0.651
279,7,805.0,402.0,76.0,127.0,1.0,0,1.0
279,8,77.0,397.0,197.0,124.0,1.0,3,0.694
279,9,906.0,344.0,90.0,151.0,1.0,0,0.6
280,1,818.0,190.0,145.0,76.0,1.0,0,0.979
280,2,-85.0,352.0,249.0,157.0,1.0,3,0.364
280,3,665.0,418.0,20.0,92.0,1.0,0,1.0
280,4,19.0,483.0,259.0,163.0,1.0,3,0.35
280,5,934.0,308.0,56.0,147.0,1.0,0,0.114
280,6,326.0,288.0,252.0,159.0,1.0,3,0.651
280,7,808.0,402.0,76.0,127.0,1.0,0,1.0
280,8,73.0,398.0,197.0,124.0,1.0,3,0.685
280,9,909.0,344.0,90.0,151.0,1.0,0,0.567
281,1,821.0,190.0,145.0,76.0,1.0,0,0.959
281,2,-89.0,352.0,249.0,157.0,1.0,3,0.351
281,3,668.0,418.0,20.0,92.0,1.0,0,1.0
281,4,16.0,483.0,259.0,163.0,1.0,3,0.35
281,5,937.0,308.0,56.0,147.0,1.0,0,0.098
281,6,324.0,289.0,252.0,159.0,1.0,3,0.651
281,7,810.0,402.0,76.0,127.0,1.0,0,1.0
281,8,70.0,398.0,197.0,124.0,1.0,3,0.685
281,9,912.0,343.0,90.0,151.0,1.0,0,0.533
282,1,824.0,190.0,145.0,76.0,1.0,0,0.938
282,2,-92.0,352.0,249.0,157.0,1.0,3,0.337
282,3,671.0,418.0,20.0,92.0,1.0,0,1.0
282,4,13.0,483.0,260.0,164.0,1.0,3,0.348
282,5,940.0,308.0,56.0,147.0,1.0,0,0.085
282,6,322.0,289.0,252.0,159.0,1.0,3,0.651
282,7,813.0,402.0,76.0,127.0,1.0,0,1.0
282,8,66.0,398.0,197.0,124.0,1.0,3,0.685
282,9,915.0,343.0,90.0,151.0,1.0,0,0.5
283,1,826.0,190.0,145.0,76.0,1.0,0,0.924
283,2,-96.0,352.0,249.0,157.0,1.0,3,0.324
283,3,673.0,418.0,20.0,92.0,1.0,0,1.0
283,4,9.0,484.0,260.0,164.0,1.0,3,0.341
283,5,943.0,307.0,56.0,147.0,1.0,0,0.074
283,6,320.0,289.0,252.0,159.0,1.0,3,0.651
283,7,816.0,402.0,76.0,127.0,1.0,0,1.0
283,8,63.0,398.0,197.0,124.0,1.0,3,0.694
283,9,918.0,343.0,90.0,151.0,1.0,0,0.467
284,1,829.0,189.0,145.0,76.0,1.0,0,0.903
284,2,-99.0,351.0,249.0,157.0,1.0,3,0.314
284,3,676.0,418.0,20.0,92.0,1.0,0,1.0
284,4,6.0,484.0,260.0,164.0,1.0,3,0.341
284,5,946.0,307.0,56.0,147.0,1.0,0,0.061
284,6,318.0,289.0,252.0,159.0,1.0,3,0.651
284,7,819.0,402.0,76.0,127.0,1.0,0,1.0
284,8,59.0,398.0,197.0,124.0,1.0,3,0.694
284,9,920.0,343.0,90.0,151.0,1.0,0,0.444
285,1,832.0,189.0,145.0,76.0,1.0,0,0.883
285,2,-103.0,351.0,249.0,157.0,1.0,3,0.301
285,3,678.0,418.0,20.0,92.0,1.0,0,1.0
285,4,3.0,484.0,260.0,164.0,1.0,3,0.341
285,5,949.0,307.0,56.0,147.0,1.0,0,0.048
285,6,316.0,289.0,252.0,159.0,1.0,3,0.651
285,7,821.0,402.0,76.0,127.0,1.0,0,1.0
285,8,56.0,398.0,197.0,124.0,1.0,3,0.694
285,9,923.0,343.0,90.0,151.0,1.0,0,0.411
286,1,835.0,189.0,145.0,76.0,1.0,0,0.862
286,2,-106.0,351.0,249.0,157.0,1.0,3,0.286
286,3,681.0,418.0,20.0,92.0,1.0,0,1.0
286,4,-1.0,484.0,260.0,164.0,1.0,3,0.34
286,5,952.0,307.0,56.0,147.0,1.0,0,0.035
286,6,314.0,289.0,252.0,159.0,1.0,3,0.651
286,7,824.0,402.0,76.0,127.0,1.0,0,1.0
286,8,52.0,398.0,197.0,124.0,1.0,3,0.694
286,9,926.0,343.0,90.0,151.0,1.0,0,0.378
287,1,838.0,189.0,145.0,76.0,1.0,0,0.841
287,2,-110.0,351.0,249.0,157.0,1.0,3,0.275
287,3,683.0,418.0,20.0,92.0,1.0,0,1.0
287,4,-4.0,484.0,260.0,164.0,1.0,3,0.336
287,5,955.0,307.0,56.0,147.0,1.0,0,0.022
287,6,312.0,289.0,252.0,159.0,1.0,3,0.651
287,7,827.0,402.0,76.0,127.0,1.0,0,1.0
287,8,49.0,398.0,197.0,124.0,1.0,3,0.694
287,9,929.0,343.0,90.0,151.0,1.0,0,0.344
288,1,841.0,189.0,145.0,76.0,1.0,0,0.821
288,2,-114.0,351.0,249.0,157.0,1.0,3,0.265
288,3,686.0,418.0,20.0,92.0,1.0,0,1.0
288,4,-8.0,485.0,260.0,164.0,1.0,3,0.325
288,5,958.0,307.0,56.0,147.0,1.0,0,0.009
288,6,310.0,289.0,252.0,159.0,1.0,3,0.651
288,7,830.0,402.0,76.0,127.0,1.0,0,1.0
288,8,46.0,398.0,197.0,124.0,1.0,3,0.702
288,9,932.0,343.0,90.0,151.0,1.0,0,0.311
289,1,843.0,188.0,145.0,76.0,1.0,0,0.807
289,2,-117.0,350.0,249.0,157.0,1.0,3,0.258
289,3,689.0,418.0,20.0,92.0,1.0,0,1.0
289,4,-11.0,485.0,260.0,164.0,1.0,3,0.321
289,6,308.0,289.0,252.0,159.0,1.0,3,0.651
289,7,832.0,402.0,76.0,127.0,1.0,0,1.0
289,8,42.0,399.0,197.0,124.0,1.0,3,0.694
289,9,935.0,343.0,90.0,151.0,1.0,0,0.278
290,1,846.0,188.0,145.0,76.0,1.0,0,0.786
290,2,-121.0,350.0,249.0,157.0,1.0,3,0.246
290,3,691.0,418.0,20.0,92.0,1.0,0,1.0
290,4,-14.0,485.0,260.0,164.0,1.0,3,0.317
290,6,306.0,289.0,252.0,159.0,1.0,3,0.651
290,7,835.0,402.0,76.0,127.0,1.0,0,1.0
290,8,39.0,399.0,197.0,124.0,1.0,3,0.694
290,9,937.0,343.0,90.0,151.0,1.0,0,0.256
291,1,849.0,188.0,145.0,76.0,1.0,0,0.766
291,2,-124.0,350.0,251.0,158.0,1.0,3,0.233
291,3,694.0,418.0,20.0,92.0,1.0,0,1.0
291,4,-18.0,485.0,260.0,164.0,1.0,3,0.312
291,6,304.0,289.0,252.0,159.0,1.0,3,0.651
291,7,838.0,402.0,76.0,127.0,1.0,0,1.0
291,8,35.0,399.0,197.0,124.0,1.0,3,0.694
291,9,940.0,343.0,90.0,151.0,1.0,0,0.222
292,1,852.0,188.0,145.0,76.0,1.0,0,0.745
292,2,-128.0,350.0,251.0,158.0,1.0,3,0.222
292,3,696.0,418.0,20.0,92.0,1.0,0,1.0
292,4,-21.0,486.0,260.0,164.0,1.0,3,0.303
292,6,302.0,290.0,252.0,159.0,1.0,3,0.651
292,7,841.0,402.0,76.0,127.0,1.0,0,1.0
292,8,32.0,399.0,197.0,124.0,1.0,3,0.702
292,9,943.0,343.0,90.0,151.0,1.0,0,0.189
293,1,855.0,187.0,145.0,76.0,1.0,0,0.724
293,2,-131.0,349.0,251.0,158.0,1.0,3,0.213
293,3,699.0,418.0,20.0,92.0,1.0,0,1.0
293,4,-25.0,486.0,260.0,164.0,1.0,3,0.298
293,6,300.0,290.0,252.0,159.0,1.0,3,0.651
293,7,843.0,402.0,76.0,127.0,1.0,0,1.0
293,8,28.0,399.0,197.0,124.0,1.0,3,0.702
293,9,946.0,343.0,90.0,151.0,1.0,0,0.156
294,1,858.0,187.0,145.0,76.0,1.0,0,0.703
294,2,-135.0,349.0,251.0,158.0,1.0,3,0.201
294,3,701.0,418.0,20.0,92.0,1.0,0,1.0
294,4,-28.0,486.0,262.0,165.0,1.0,3,0.292
294,6,298.0,290.0,252.0,159.0,1.0,3,0.651
294,7,846.0,402.0,76.0,127.0,1.0,0,1.0
294,8,25.0,399.0,197.0,124.0,1.0,3,0.702
294,9,949.0,343.0,90.0,151.0,1.0,0,0.122
295,1,860.0,187.0,145.0,76.0,1.0,0,0.69
295,2,-139.0,349.0,251.0,158.0,1.0,3,0.189
295,3,704.0,418.0,20.0,92.0,1.0,0,1.0
295,4,-31.0,486.0,262.0,165.0,1.0,3,0.289
295,6,296.0,290.0,252.0,159.0,1.0,3,0.651
295,7,849.0,402.0,76.0,127.0,1.0,0,1.0
295,8,22.0,399.0,195.0,123.0,1.0,3,0.707
295,9,952.0,343.0,90.0,151.0,1.0,0,0.089
296,1,863.0,187.0,145.0,76.0,1.0,0,0.669
296,2,-142.0,349.0,251.0,158.0,1.0,3,0.177
296,3,707.0,418.0,20.0,92.0,1.0,0,1.0
296,4,-35.0,486.0,262.0,165.0,1.0,3,0.284
296,6,294.0,290.0,252.0,159.0,1.0,3,0.651
296,7,852.0,402.0,76.0,127.0,1.0,0,1.0
296,8,18.0,399.0,195.0,123.0,1.0,3,0.707
296,9,954.0,343.0,90.0,151.0,1.0,0,0.067
297,1,866.0,186.0,145.0,76.0,1.0,0,0.648
297,2,-146.0,349.0,251.0,158.0,1.0,3,0.168
297,3,709.0,418.0,20.0,92.0,1.0,0,1.0
297,4,-38.0,487.0,262.0,165.0,1.0,3,0.275
297,6,292.0,290.0,252.0,159.0,1.0,3,0.651
297,7,854.0,402.0,76.0,127.0,1.0,0,1.0
297,8,15.0,400.0,195.0,123.0,1.0,3,0.707
297,9,957.0,343.0,90.0,151.0,1.0,0,0.033
298,1,869.0,186.0,145.0,76.0,1.0,0,0.628
298,2,-149.0,348.0,251.0,158.0,1.0,3,0.158
298,3,712.0,418.0,20.0,92.0,1.0,0,1.0
298,4,-41.0,487.0,262.0,165.0,1.0,3,0.271
298,6,290.0,290.0,252.0,159.0,1.0,3,0.651
298,7,857.0,402.0,76.0,127.0,1.0,0,1.0
298,8,11.0,400.0,195.0,123.0,1.0,3,0.707
299,1,872.0,186.0,145.0,76.0,1.0,0,0.607
299,2,-153.0,348.0,251.0,158.0,1.0,3,0.146
299,3,714.0,418.0,20.0,92.0,1.0,0,1.0
299,4,-45.0,487.0,262.0,165.0,1.0,3,0.266
299,6,288.0,290.0,252.0,159.0,1.0,3,0.651
299,7,860.0,402.0,76.0,127.0,1.0,0,1.0
299,8,8.0,400.0,195.0,123.0,1.0,3,0.707
300,1,874.0,186.0,145.0,76.0,1.0,0,0.593
300,2,-156.0,348.0,251.0,158.0,1.0,3,0.133
300,3,717.0,418.0,20.0,92.0,1.0,0,1.0
300,4,-48.0,487.0,262.0,165.0,1.0,3,0.262
300,6,286.0,290.0,252.0,159.0,1.0,3,0.651
300,7,863.0,401.0,76.0,127.0,1.0,0,1.0
300,8,4.0,400.0,195.0,123.0,1.0,3,0.707
301,1,877.0,186.0,143.0,75.0,1.0,0,0.58
301,2,-160.0,348.0,251.0,158.0,1.0,3,0.122
301,3,719.0,418.0,20.0,92.0,1.0,0,1.0
301,4,-52.0,488.0,262.0,165.0,1.0,3,0.253
301,6,284.0,290.0,252.0,159.0,1.0,3,0.651
301,7,865.0,401.0,76.0,127.0,1.0,0,1.0
301,8,1.0,400.0,195.0,123.0,1.0,3,0.715
302,1,880.0,185.0,143.0,75.0,1.0,0,0.559
302,2,-164.0,347.0,251.0,158.0,1.0,3,0.116
302,3,722.0,418.0,20.0,92.0,1.0,0,1.0
302,4,-55.0,488.0,262.0,165.0,1.0,3,0.249
302,6,282.0,291.0,252.0,159.0,1.0,3,0.651
302,7,868.0,401.0,76.0,127.0,1.0,0,1.0
302,8,-3.0,400.0,195.0,123.0,1.0,3,0.704
303,1,883.0,185.0,143.0,75.0,1.0,0,0.538
303,2,-167.0,347.0,251.0,158.0,1.0,3,0.112
303,3,725.0,418.0,20.0,92.0,1.0,0,1.0
303,4,-58.0,488.0,262.0,165.0,1.0,3,0.245
303,6,280.0,291.0,252.0,159.0,1.0,3,0.651
303,7,871.0,401.0,76.0,127.0,1.0,0,1.0
303,8,-6.0,400.0,195.0,123.0,1.0,3,0.693
304,1,886.0,185.0,143.0,75.0,1.0,0,0.517
304,2,-171.0,347.0,251.0,158.0,1.0,3,0.107
304,3,727.0,418.0,20.0,92.0,1.0,0,1.0
304,4,-62.0,488.0,262.0,165.0,1.0,3,0.241
304,6,278.0,291.0,252.0,159.0,1.0,3,0.651
304,7,874.0,401.0,76.0,127.0,1.0,0,1.0
304,8,-9.0,400.0,195.0,123.0,1.0,3,0.682
305,1,889.0,185.0,143.0,75.0,1.0,0,0.497
305,2,-174.0,347.0,251.0,158.0,1.0,3,0.105
305,3,730.0,418.0,20.0,93.0,1.0,0,1.0
305,4,-65.0,488.0,262.0,165.0,1.0,3,0.237
305,6,277.0,291.0,252.0,159.0,1.0,3,0.651
305,7,876.0,401.0,76.0,127.0,1.0,0,1.0
305,8,-13.0,401.0,195.0,123.0,1.0,3,0.66
306,1,891.0,184.0,143.0,75.0,1.0,0,0.483
306,2,-178.0,347.0,251.0,158.0,1.0,3,0.099
306,3,732.0,418.0,20.0,93.0,1.0,0,1.0
306,4,-69.0,489.0,263.0,166.0,1.0,3,0.227
306,6,275.0,291.0,252.0,159.0,1.0,3,0.651
306,7,879.0,401.0,76.0,127.0,1.0,0,1.0
306,8,-16.0,401.0,195.0,123.0,1.0,3,0.657
307,1,894.0,184.0,143.0,75.0,1.0,0,0.462
307,2,-181.0,346.0,252.0,159.0,1.0,3,0.097
307,3,735.0,418.0,20.0,93.0,1.0,0,1.0
307,4,-72.0,489.0,263.0,166.0,1.0,3,0.223
307,6,273.0,291.0,252.0,159.0,1.0,3,0.651
307,7,882.0,401.0,76.0,127.0,1.0,0,1.0
307,8,-20.0,401.0,195.0,123.0,1.0,3,0.642
308,1,897.0,184.0,143.0,75.0,1.0,0,0.441
308,2,-185.0,346.0,252.0,159.0,1.0,3,0.092
308,3,738.0,418.0,20.0,93.0,1.0,0,1.0
308,4,-75.0,489.0,263.0,166.0,1.0,3,0.22
308,6,271.0,291.0,252.0,159.0,1.0,3,0.655
308,7,885.0,401.0,76.0,127.0,1.0,0,0.987
308,8,-23.0,401.0,195.0,123.0,1.0,3,0.631
309,1,900.0,184.0,143.0,75.0,1.0,0,0.42
309,2,-189.0,346.0,252.0,159.0,1.0,3,0.086
309,3,740.0,418.0,20.0,93.0,1.0,0,1.0
309,4,-79.0,489.0,263.0,166.0,1.0,3,0.215
309,6,269.0,291.0,252.0,159.0,1.0,3,0.663
309,7,887.0,401.0,76.0,127.0,1.0,0,0.961
309,8,-27.0,401.0,195.0,123.0,1.0,3,0.616
310,1,903.0,183.0,143.0,75.0,1.0,0,0.399
310,2,-192.0,346.0,252.0,159.0,1.0,3,0.082
310,3,743.0,418.0,20.0,93.0,1.0,0,1.0
310,4,-82.0,490.0,263.0,166.0,1.0,3,0.207
310,6,267.0,291.0,252.0,159.0,1.0,3,0.671
310,7,890.0,401.0,76.0,127.0,1.0,0,0.921
310,8,-30.0,401.0,195.0,123.0,1.0,3,0.612
311,1,906.0,183.0,143.0,75.0,1.0,0,0.378
311,2,-196.0,345.0,252.0,159.0,1.0,3,0.078
311,3,745.0,418.0,20.0,93.0,1.0,0,1.0
311,4,-85.0,490.0,263.0,166.0,1.0,3,0.204
311,6,265.0,291.0,252.0,159.0,1.0,3,0.679
311,7,893.0,401.0,76.0,127.0,1.0,0,0.882
311,8,-34.0,401.0,195.0,123.0,1.0,3,0.597
312,1,908.0,183.0,143.0,75.0,1.0,0,0.364
312,2,-199.0,345.0,252.0,159.0,1.0,3,0.074
312,3,748.0,418.0,20.0,93.0,1.0,0,1.0
312,4,-89.0,490.0,263.0,166.0,1.0,3,0.199
312,6,263.0,292.0,252.0,159.0,1.0,3,0.687
312,7,896.0,401.0,76.0,127.0,1.0,0,0.842
312,8,-37.0,401.0,195.0,123.0,1.0,3,0.586
313,1,911.0,183.0,143.0,75.0,1.0,0,0.343
313,2,-203.0,345.0,252.0,159.0,1.0,3,0.068
313,3,750.0,418.0,20.0,93.0,1.0,0,1.0
313,4,-92.0,490.0,263.0,166.0,1.0,3,0.196
313,6,261.0,292.0,252.0,159.0,1.0,3,0.694
313,7,898.0,401.0,76.0,127.0,1.0,0,0.816
313,8,-40.0,401.0,195.0,123.0,1.0,3,0.575
314,1,914.0,183.0,143.0,75.0,1.0,0,0.322
314,2,-206.0,345.0,252.0,159.0,1.0,3,0.065
314,3,753.0,418.0,20.0,93.0,1.0,0,1.0
314,4,-96.0,490.0,263.0,166.0,1.0,3,0.191
314,6,259.0,292.0,252.0,159.0,1.0,3,0.702
314,7,901.0,401.0,76.0,127.0,1.0,0,0.776
314,8,-44.0,402.0,195.0,123.0,1.0,3,0.554
315,1,917.0,182.0,143.0,75.0,1.0,0,0.301
315,2,-210.0,345.0,252.0,159.0,1.0,3,0.06
315,3,756.0,418.0,20.0,93.0,1.0,0,1.0
315,4,-99.0,491.0,263.0,166.0,1.0,3,0.184
315,6,257.0,292.0,252.0,159.0,1.0,3,0.71
315,7,904.0,401.0,76.0,127.0,1.0,0,0.737
315,8,-47.0,402.0,195.0,123.0,1.0,3,0.549
316,1,920.0,182.0,143.0,75.0,1.0,0,0.28
316,2,-213.0,344.0,252.0,159.0,1.0,3,0.056
316,3,758.0,418.0,20.0,93.0,1.0,0,1.0
316,4,-102.0,491.0,263.0,166.0,1.0,3,0.181
316,6,255.0,292.0,252.0,159.0,1.0,3,0.718
316,7,907.0,401.0,76.0,127.0,1.0,0,0.697
316,8,-51.0,402.0,195.0,123.0,1.0,3,0.534
317,1,922.0,182.0,143.0,75.0,1.0,0,0.266
317,2,-217.0,344.0,252.0,159.0,1.0,3,0.051
317,3,761.0,418.0,20.0,93.0,1.0,0,1.0
317,4,-106.0,491.0,263.0,166.0,1.0,3,0.176
317,6,253.0,292.0,252.0,159.0,1.0,3,0.726
317,7,909.0,401.0,76.0,127.0,1.0,0,0.671
317,8,-54.0,402.0,195.0,123.0,1.0,3,0.523
318,1,925.0,182.0,143.0,75.0,1.0,0,0.245
318,2,-221.0,344.0,252.0,159.0,1.0,3,0.045
318,3,763.0,419.0,20.0,93.0,1.0,0,1.0
318,4,-109.0,491.0,263.0,166.0,1.0,3,0.173
318,6,251.0,292.0,252.0,159.0,1.0,3,0.734
318,7,912.0,401.0,76.0,127.0,1.0,0,0.632
318,8,-58.0,402.0,195.0,123.0,1.0,3,0.508
319,1,928.0,181.0,143.0,75.0,1.0,0,0.224
319,2,-224.0,344.0,252.0,159.0,1.0,3,0.041
319,3,766.0,419.0,20.0,93.0,1.0,0,1.0
319,4,-113.0,492.0,265.0,167.0,1.0,3,0.165
319,6,249.0,292.0,252.0,159.0,1.0,3,0.742
319,7,915.0,401.0,76.0,127.0,1.0,0,0.592
319,8,-61.0,402.0,195.0,123.0,1.0,3,0.503
320,1,931.0,181.0,143.0,75.0,1.0,0,0.203
320,2,-228.0,343.0,252.0,159.0,1.0,3,0.035
320,3,768.0,419.0,20.0,93.0,1.0,0,1.0
320,4,-116.0,492.0,265.0,167.0,1.0,3,0.162
320,6,247.0,292.0,252.0,159.0,1.0,3,0.75
320,7,918.0,401.0,76.0,127.0,1.0,0,0.553
320,8,-65.0,402.0,195.0,123.0,1.0,3,0.488
321,1,934.0,181.0,143.0,75.0,1.0,0,0.182
321,2,-231.0,343.0,252.0,159.0,1.0,3,0.031
321,3,771.0,419.0,20.0,93.0,1.0,0,1.0
321,4,-119.0,492.0,265.0,167.0,1.0,3,0.158
321,6,245.0,292.0,252.0,159.0,1.0,3,0.758
321,7,920.0,401.0,76.0,127.0,1.0,0,0.526
321,8,-68.0,402.0,195.0,123.0,1.0,3,0.477
322,1,937.0,181.0,141.0,74.0,1.0,0,0.163
322,2,-235.0,343.0,252.0,159.0,1.0,3,0.025
322,3,774.0,419.0,20.0,93.0,1.0,0,1.0
322,4,-123.0,492.0,265.0,167.0,1.0,3,0.154
322,6,243.0,293.0,252.0,159.0,1.0,3,0.766
322,7,923.0,401.0,76.0,127.0,1.0,0,0.487
322,8,-71.0,403.0,195.0,123.0,1.0,3,0.46
323,1,939.0,180.0,141.0,74.0,1.0,0,0.149
323,2,-238.0,343.0,252.0,159.0,1.0,3,0.021
323,3,776.0,419.0,20.0,93.0,1.0,0,1.0
323,4,-126.0,492.0,265.0,167.0,1.0,3,0.151
323,6,241.0,293.0,252.0,159.0,1.0,3,0.774
323,7,926.0,401.0,76.0,127.0,1.0,0,0.447
323,8,-75.0,403.0,195.0,123.0,1.0,3,0.445
324,1,942.0,180.0,141.0,74.0,1.0,0,0.128
324,2,-242.0,343.0,254.0,160.0,1.0,3,0.018
324,3,779.0,419.0,20.0,93.0,1.0,0,1.0
324,4,-129.0,493.0,265.0,167.0,1.0,3,0.144
324,6,239.0,293.0,252.0,159.0,1.0,3,0.782
324,7,929.0,401.0,76.0,127.0,1.0,0,0.408
324,8,-78.0,403.0,195.0,123.0,1.0,3,0.439
325,1,945.0,180.0,141.0,74.0,1.0,0,0.106
325,2,-246.0,342.0,254.0,160.0,1.0,3,0.012
325,3,781.0,419.0,20.0,93.0,1.0,0,1.0
325,4,-133.0,493.0,265.0,167.0,1.0,3,0.14
325,6,237.0,293.0,252.0,159.0,1.0,3,0.79
325,7,931.0,401.0,76.0,127.0,1.0,0,0.382
325,8,-82.0,403.0,195.0,123.0,1.0,3,0.424
326,1,948.0,180.0,141.0,74.0,1.0,0,0.085
326,2,-249.0,342.0,254.0,160.0,1.0,3,0.008
326,3,784.0,419.0,20.0,93.0,1.0,0,1.0
326,4,-136.0,493.0,265.0,167.0,1.0,3,0.137
326,6,235.0,293.0,252.0,159.0,1.0,3,0.798
326,7,934.0,401.0,76.0,127.0,1.0,0,0.342
326,8,-85.0,403.0,195.0,123.0,1.0,3,0.413
327,1,951.0,180.0,141.0,74.0,1.0,0,0.064
327,2,-253.0,342.0,254.0,160.0,1.0,3,0.002
327,3,786.0,419.0,20.0,93.0,1.0,0,1.0
327,4,-140.0,493.0,265.0,167.0,1.0,3,0.133
327,6,233.0,293.0,252.0,159.0,1.0,3,0.806
327,7,937.0,401.0,76.0,127.0,1.0,0,0.303
327,8,-89.0,403.0,195.0,123.0,1.0,3,0.398
328,1,954.0,179.0,141.0,74.0,1.0,0,0.043
328,3,789.0,419.0,20.0,93.0,1.0,0,1.0
328,4,-143.0,493.0,265.0,167.0,1.0,3,0.13
328,6,231.0,293.0,252.0,159.0,1.0,3,0.813
328,7,940.0,401.0,76.0,127.0,1.0,0,0.263
328,8,-92.0,403.0,195.0,123.0,1.0,3,0.386
329,1,956.0,179.0,141.0,74.0,1.0,0,0.028
329,3,792.0,419.0,20.0,93.0,1.0,0,1.0
329,4,-146.0,494.0,265.0,167.0,1.0,3,0.124
329,6,229.0,293.0,252.0,159.0,1.0,3,0.821
329,7,942.0,401.0,76.0,127.0,1.0,0,0.237
329,8,-96.0,403.0,195.0,123.0,1.0,3,0.376
330,1,959.0,179.0,141.0,74.0,1.0,0,0.007
330,3,794.0,419.0,21.0,94.0,1.0,0,1.0
330,4,-150.0,494.0,265.0,167.0,1.0,3,0.12
330,6,227.0,293.0,252.0,159.0,1.0,3,0.829
330,7,945.0,401.0,76.0,127.0,1.0,0,0.197
330,8,-99.0,403.0,195.0,123.0,1.0,3,0.364
331,3,797.0,419.0,21.0,94.0,1.0,0,1.0
331,4,-153.0,494.0,267.0,168.0,1.0,3,0.117
331,6,225.0,293.0,252.0,159.0,1.0,3,0.837
331,7,948.0,401.0,76.0,127.0,1.0,0,0.158
331,8,-102.0,404.0,195.0,123.0,1.0,3,0.349
332,3,799.0,419.0,21.0,94.0,1.0,0,1.0
332,4,-157.0,494.0,267.0,168.0,1.0,3,0.113
332,6,223.0,294.0,252.0,159.0,1.0,3,0.845
332,7,951.0,401.0,76.0,127.0,1.0,0,0.118
332,8,-106.0,404.0,195.0,123.0,1.0,3,0.334
333,3,802.0,419.0,21.0,94.0,1.0,0,1.0
333,4,-160.0,495.0,267.0,168.0,1.0,3,0.107
333,6,221.0,294.0,252.0,159.0,1.0,3,0.853
333,7,953.0,401.0,76.0,127.0,1.0,0,0.092
333,8,-109.0,404.0,195.0,123.0,1.0,3,0.326
334,3,804.0,419.0,21.0,94.0,1.0,0,1.0
334,4,-163.0,495.0,267.0,168.0,1.0,3,0.104
334,6,219.0,294.0,252.0,159.0,1.0,3,0.861
334,7,956.0,401.0,76.0,127.0,1.0,0,0.053
334,8,-113.0,404.0,195.0,123.0,1.0,3,0.311
335,3,807.0,419.0,21.0,94.0,1.0,0,1.0
335,4,-167.0,495.0,267.0,168.0,1.0,3,0.1
335,6,217.0,294.0,252.0,159.0,1.0,3,0.869
335,7,959.0,401.0,76.0,127.0,1.0,0,0.013
335,8,-116.0,404.0,195.0,123.0,1.0,3,0.3
336,3,810.0,419.0,21.0,94.0,1.0,0,1.0
336,4,-170.0,495.0,267.0,168.0,1.0,3,0.097
336,6,215.0,294.0,252.0,159.0,1.0,3,0.877
336,8,-120.0,404.0,195.0,123.0,1.0,3,0.285
337,3,812.0,419.0,21.0,94.0,1.0,0,1.0
337,4,-174.0,495.0,267.0,168.0,1.0,3,0.093
337,6,213.0,294.0,252.0,159.0,1.0,3,0.885
337,8,-123.0,404.0,195.0,123.0,1.0,3,0.273
338,3,815.0,419.0,21.0,94.0,1.0,0,1.0
338,4,-177.0,496.0,267.0,168.0,1.0,3,0.088
338,6,211.0,294.0,252.0,159.0,1.0,3,0.893
338,8,-127.0,404.0,195.0,123.0,1.0,3,0.261
339,3,817.0,419.0,21.0,94.0,1.0,0,1.0
339,4,-180.0,496.0,267.0,168.0,1.0,3,0.085
339,6,209.0,294.0,252.0,159.0,1.0,3,0.901
339,8,-130.0,405.0,195.0,123.0,1.0,3,0.247
340,3,820.0,419.0,21.0,94.0,1.0,0,1.0
340,4,-184.0,496.0,267.0,168.0,1.0,3,0.081
340,6,207.0,294.0,252.0,159.0,1.0,3,0.909
340,8,-133.0,405.0,195.0,123.0,1.0,3,0.235
341,3,823.0,419.0,21.0,94.0,1.0,0,1.0
341,4,-187.0,496.0,267.0,168.0,1.0,3,0.078
341,6,205.0,294.0,252.0,159.0,1.0,3,0.917
341,8,-137.0,405.0,195.0,123.0,1.0,3,0.22
342,3,825.0,419.0,21.0,94.0,1.0,0,1.0
342,4,-190.0,497.0,267.0,168.0,1.0,3,0.074
342,6,203.0,295.0,252.0,159.0,1.0,3,0.925
342,8,-140.0,405.0,195.0,123.0,1.0,3,0.211
343,3,828.0,419.0,21.0,94.0,1.0,0,1.0
343,4,-194.0,497.0,268.0,169.0,1.0,3,0.07
343,6,201.0,295.0,252.0,159.0,1.0,3,0.933
343,8,-144.0,405.0,195.0,123.0,1.0,3,0.196
344,3,830.0,419.0,21.0,94.0,1.0,0,1.0
344,4,-197.0,497.0,268.0,169.0,1.0,3,0.067
344,6,199.0,295.0,252.0,159.0,1.0,3,0.94
344,8,-147.0,405.0,195.0,123.0,1.0,3,0.184
345,3,833.0,419.0,21.0,94.0,1.0,0,1.0
345,4,-201.0,497.0,268.0,169.0,1.0,3,0.064
345,6,197.0,295.0,252.0,159.0,1.0,3,0.948
345,8,-151.0,405.0,195.0,123.0,1.0,3,0.169
346,3,835.0,419.0,21.0,94.0,1.0,0,1.0
346,4,-204.0,497.0,268.0,169.0,1.0,3,0.061
346,6,195.0,295.0,252.0,159.0,1.0,3,0.956
346,8,-154.0,405.0,195.0,123.0,1.0,3,0.157
347,3,838.0,419.0,21.0,94.0,1.0,0,1.0
347,4,-207.0,498.0,268.0,169.0,1.0,3,0.057
347,6,194.0,295.0,252.0,159.0,1.0,3,0.96
347,8,-158.0,406.0,195.0,123.0,1.0,3,0.142
348,3,841.0,419.0,21.0,94.0,1.0,0,1.0
348,4,-211.0,498.0,268.0,169.0,1.0,3,0.053
348,6,192.0,295.0,252.0,159.0,1.0,3,0.968
348,8,-161.0,406.0,195.0,123.0,1.0,3,0.13
349,3,843.0,419.0,21.0,94.0,1.0,0,1.0
349,4,-214.0,498.0,268.0,169.0,1.0,3,0.05
349,6,190.0,295.0,252.0,159.0,1.0,3,0.976
349,8,-164.0,406.0,195.0,123.0,1.0,3,0.119
350,3,846.0,419.0,21.0,94.0,1.0,0,1.0
350,4,-218.0,498.0,268.0,169.0,1.0,3,0.046
350,6,188.0,295.0,252.0,159.0,1.0,3,0.984
350,8,-168.0,406.0,195.0,123.0,1.0,3,0.104
351,3,848.0,419.0,21.0,94.0,1.0,0,1.0
351,4,-221.0,499.0,268.0,169.0,1.0,3,0.043
351,6,186.0,295.0,252.0,159.0,1.0,3,0.992
351,8,-171.0,406.0,195.0,123.0,1.0,3,0.093
352,3,851.0,419.0,21.0,94.0,1.0,0,1.0
352,4,-224.0,499.0,268.0,169.0,1.0,3,0.04
352,6,184.0,296.0,252.0,159.0,1.0,3,1.0
352,8,-175.0,406.0,194.0,122.0,1.0,3,0.075
353,3,853.0,419.0,21.0,94.0,1.0,0,1.0
353,4,-228.0,499.0,268.0,169.0,1.0,3,0.036
353,6,182.0,296.0,252.0,159.0,1.0,3,1.0
353,8,-178.0,406.0,194.0,122.0,1.0,3,0.063
354,3,856.0,419.0,21.0,94.0,1.0,0,1.0
354,4,-231.0,499.0,268.0,169.0,1.0,3,0.033
354,6,180.0,296.0,252.0,159.0,1.0,3,1.0
354,8,-182.0,406.0,194.0,122.0,1.0,3,0.047
355,3,859.0,419.0,21.0,95.0,1.0,0,1.0
355,4,-234.0,499.0,268.0,169.0,1.0,3,0.031
355,6,178.0,296.0,252.0,159.0,1.0,3,1.0
355,8,-185.0,406.0,194.0,122.0,1.0,3,0.035
356,3,861.0,419.0,21.0,95.0,1.0,0,1.0
356,4,-238.0,500.0,270.0,170.0,1.0,3,0.028
356,6,176.0,296.0,252.0,159.0,1.0,3,1.0
356,8,-189.0,407.0,194.0,122.0,1.0,3,0.02
357,3,864.0,419.0,21.0,95.0,1.0,0,1.0
357,4,-241.0,500.0,270.0,170.0,1.0,3,0.025
357,5,-56.0,302.0,58.0,153.0,1.0,0,0.024
357,6,174.0,296.0,252.0,159.0,1.0,3,1.0
357,8,-192.0,407.0,194.0,122.0,1.0,3,0.008
358,3,866.0,419.0,21.0,95.0,1.0,0,1.0
358,4,-245.0,500.0,270.0,170.0,1.0,3,0.022
358,5,-53.0,302.0,58.0,153.0,1.0,0,0.086
358,6,172.0,296.0,252.0,159.0,1.0,3,1.0
359,3,869.0,420.0,21.0,95.0,1.0,0,1.0
359,4,-248.0,500.0,270.0,170.0,1.0,3,0.019
359,5,-50.0,302.0,58.0,153.0,1.0,0,0.138
359,6,170.0,296.0,252.0,159.0,1.0,3,1.0
360,3,871.0,420.0,21.0,95.0,1.0,0,1.0
360,4,-251.0,501.0,270.0,170.0,1.0,3,0.016
360,5,-47.0,302.0,58.0,153.0,1.0,0,0.19
360,6,168.0,296.0,252.0,159.0,1.0,3,1.0
361,3,874.0,420.0,21.0,95.0,1.0,0,1.0
361,4,-255.0,501.0,270.0,170.0,1.0,3,0.013
361,5,-44.0,302.0,58.0,153.0,1.0,0,0.241
361,6,166.0,296.0,252.0,159.0,1.0,3,1.0
362,3,877.0,420.0,21.0,95.0,1.0,0,1.0
362,4,-258.0,501.0,270.0,170.0,1.0,3,0.01
362,5,-41.0,302.0,58.0,153.0,1.0,0,0.293
362,6,164.0,297.0,252.0,159.0,1.0,3,1.0
363,3,879.0,420.0,21.0,95.0,1.0,0,1.0
363,4,-262.0,501.0,270.0,170.0,1.0,3,0.007
363,5,-38.0,302.0,58.0,153.0,1.0,0,0.345
363,6,162.0,297.0,252.0,159.0,1.0,3,1.0
364,3,882.0,420.0,21.0,95.0,1.0,0,1.0
364,4,-265.0,501.0,270.0,170.0,1.0,3,0.004
364,5,-35.0,302.0,59.0,154.0,1.0,0,0.407
364,6,160.0,297.0,252.0,159.0,1.0,3,1.0
365,3,884.0,420.0,21.0,95.0,1.0,0,1.0
365,4,-268.0,502.0,270.0,170.0,1.0,3,0.002
365,5,-32.0,302.0,59.0,154.0,1.0,0,0.458
365,6,158.0,297.0,252.0,159.0,1.0,3,1.0
366,3,887.0,420.0,21.0,95.0,1.0,0,1.0
366,5,-29.0,302.0,59.0,154.0,1.0,0,0.508
366,6,156.0,297.0,252.0,159.0,1.0,3,1.0
367,3,889.0,420.0,21.0,95.0,1.0,0,1.0
367,5,-26.0,302.0,59.0,154.0,1.0,0,0.559
367,6,154.0,297.0,252.0,159.0,1.0,3,1.0
368,3,892.0,420.0,21.0,95.0,1.0,0,1.0
368,5,-23.0,302.0,59.0,154.0,1.0,0,0.61
368,6,152.0,297.0,252.0,159.0,1.0,3,1.0
369,3,895.0,420.0,21.0,95.0,1.0,0,1.0
369,5,-20.0,301.0,59.0,154.0,1.0,0,0.661
369,6,150.0,297.0,252.0,159.0,1.0,3,1.0
370,3,897.0,420.0,21.0,95.0,1.0,0,1.0
370,5,-17.0,301.0,59.0,154.0,1.0,0,0.674
370,6,148.0,297.0,252.0,159.0,1.0,3,1.0
370,9,-88.0,339.0,91.0,152.0,1.0,0,0.033
371,3,900.0,420.0,21.0,95.0,1.0,0,1.0
371,5,-14.0,301.0,59.0,154.0,1.0,0,0.699
371,6,146.0,297.0,252.0,159.0,1.0,3,1.0
371,9,-86.0,339.0,91.0,152.0,1.0,0,0.055
372,3,902.0,420.0,21.0,95.0,1.0,0,1.0
372,5,-11.0,301.0,59.0,154.0,1.0,0,0.711
372,6,144.0,298.0,252.0,159.0,1.0,3,1.0
372,9,-83.0,339.0,91.0,152.0,1.0,0,0.088
373,3,905.0,420.0,21.0,95.0,1.0,0,1.0
373,5,-8.0,301.0,59.0,154.0,1.0,0,0.724
373,6,142.0,298.0,252.0,159.0,1.0,3,1.0
373,9,-80.0,339.0,91.0,152.0,1.0,0,0.121
374,3,907.0,420.0,21.0,95.0,1.0,0,1.0
374,5,-5.0,301.0,59.0,154.0,1.0,0,0.737
374,6,140.0,298.0,252.0,159.0,1.0,3,1.0
374,9,-77.0,339.0,91.0,152.0,1.0,0,0.154
375,3,910.0,420.0,21.0,95.0,1.0,0,1.0
375,5,-2.0,301.0,59.0,154.0,1.0,0,0.749
375,6,138.0,298.0,252.0,159.0,1.0,3,1.0
375,9,-74.0,339.0,91.0,152.0,1.0,0,0.187
376,3,913.0,420.0,21.0,95.0,1.0,0,1.0
376,5,1.0,301.0,59.0,155.0,1.0,0,0.757
376,6,136.0,298.0,252.0,159.0,1.0,3,1.0
376,9,-71.0,339.0,91.0,152.0,1.0,0,0.22
377,3,915.0,420.0,21.0,95.0,1.0,0,1.0
377,5,4.0,301.0,59.0,155.0,1.0,0,0.768
377,6,134.0,298.0,252.0,159.0,1.0,3,1.0
377,9,-69.0,338.0,91.0,152.0,1.0,0,0.242
378,3,918.0,420.0,21.0,95.0,1.0,0,1.0
378,5,7.0,301.0,59.0,155.0,1.0,0,0.768
378,6,132.0,298.0,252.0,159.0,1.0,3,1.0
378,9,-66.0,338.0,91.0,152.0,1.0,0,0.275
379,3,920.0,420.0,21.0,96.0,1.0,0,1.0
379,5,10.0,301.0,59.0,155.0,1.0,0,0.768
379,6,130.0,298.0,252.0,159.0,1.0,3,1.0
379,9,-63.0,338.0,91.0,152.0,1.0,0,0.308
380,3,923.0,420.0,21.0,96.0,1.0,0,1.0
380,5,13.0,301.0,59.0,155.0,1.0,0,0.768
380,6,128.0,298.0,252.0,159.0,1.0,3,1.0
380,9,-60.0,338.0,91.0,152.0,1.0,0,0.341
381,3,926.0,420.0,21.0,96.0,1.0,0,1.0
381,5,16.0,301.0,59.0,155.0,1.0,0,0.768
381,6,126.0,298.0,252.0,159.0,1.0,3,1.0
381,9,-57.0,338.0,91.0,152.0,1.0,0,0.374
382,3,928.0,420.0,21.0,96.0,1.0,0,1.0
382,5,19.0,301.0,59.0,155.0,1.0,0,0.768
382,6,124.0,298.0,252.0,159.0,1.0,3,1.0
382,9,-54.0,338.0,91.0,152.0,1.0,0,0.407
383,3,931.0,420.0,21.0,96.0,1.0,0,1.0
383,5,22.0,300.0,59.0,155.0,1.0,0,0.783
383,6,122.0,299.0,252.0,159.0,1.0,3,1.0
383,9,-52.0,338.0,91.0,152.0,1.0,0,0.429
384,3,933.0,420.0,21.0,96.0,1.0,0,1.0
384,5,25.0,300.0,59.0,155.0,1.0,0,0.783
384,6,120.0,299.0,252.0,159.0,1.0,3,1.0
384,9,-49.0,338.0,91.0,152.0,1.0,0,0.462
385,3,936.0,420.0,21.0,96.0,1.0,0,1.0
385,5,28.0,300.0,59.0,155.0,1.0,0,0.783
385,6,118.0,299.0,252.0,159.0,1.0,3,1.0
385,9,-46.0,338.0,91.0,152.0,1.0,0,0.495
386,2,957.0,329.0,259.0,163.0,1.0,3,0.008
386,3,938.0,420.0,21.0,96.0,1.0,0,1.0
386,5,31.0,300.0,59.0,155.0,1.0,0,0.783
386,6,116.0,299.0,252.0,159.0,1.0,3,1.0
386,9,-43.0,338.0,91.0,152.0,1.0,0,0.527
387,2,954.0,329.0,259.0,163.0,1.0,3,0.013
387,3,941.0,420.0,21.0,96.0,1.0,0,0.905
387,5,34.0,300.0,59.0,155.0,1.0,0,0.783
387,6,114.0,299.0,252.0,159.0,1.0,3,1.0
387,9,-40.0,338.0,91.0,152.0,1.0,0,0.56
388,2,950.0,328.0,260.0,164.0,1.0,3,0.022
388,3,944.0,420.0,21.0,96.0,1.0,0,0.762
388,5,37.0,300.0,59.0,156.0,1.0,0,0.782
388,6,112.0,299.0,252.0,159.0,1.0,3,1.0
388,9,-37.0,338.0,91.0,152.0,1.0,0,0.593
389,2,946.0,328.0,260.0,164.0,1.0,3,0.03
389,3,946.0,420.0,21.0,96.0,1.0,0,0.667
389,5,40.0,300.0,59.0,156.0,1.0,0,0.795
389,6,111.0,299.0,252.0,159.0,1.0,3,1.0
389,9,-35.0,338.0,91.0,152.0,1.0,0,0.615
390,2,943.0,328.0,260.0,164.0,1.0,3,0.047
390,3,949.0,420.0,21.0,96.0,1.0,0,0.524
390,5,43.0,300.0,59.0,156.0,1.0,0,0.795
390,6,109.0,299.0,252.0,159.0,1.0,3,1.0
390,9,-32.0,338.0,91.0,152.0,1.0,0,0.648
391,2,939.0,328.0,260.0,164.0,1.0,3,0.066
391,3,951.0,420.0,21.0,96.0,1.0,0,0.429
391,5,46.0,300.0,59.0,156.0,1.0,0,0.795
391,6,107.0,299.0,252.0,159.0,1.0,3,1.0
391,9,-29.0,338.0,91.0,152.0,1.0,0,0.681
392,2,936.0,327.0,260.0,164.0,1.0,3,0.082
392,3,954.0,420.0,21.0,96.0,1.0,0,0.286
392,5,49.0,300.0,59.0,156.0,1.0,0,0.795
392,6,105.0,299.0,252.0,159.0,1.0,3,0.988
392,9,-26.0,338.0,91.0,152.0,1.0,0,0.714
393,2,932.0,327.0,260.0,164.0,1.0,3,0.101
393,3,956.0,420.0,21.0,96.0,1.0,0,0.19
393,5,52.0,300.0,59.0,156.0,1.0,0,0.795
393,6,103.0,300.0,252.0,159.0,1.0,3,0.969
393,9,-23.0,338.0,91.0,152.0,1.0,0,0.747
394,2,929.0,327.0,260.0,164.0,1.0,3,0.118
394,3,959.0,420.0,21.0,96.0,1.0,0,0.048
394,5,55.0,300.0,59.0,156.0,1.0,0,0.795
394,6,101.0,300.0,252.0,159.0,1.0,3,0.949
394,9,-20.0,338.0,91.0,152.0,1.0,0,0.78
395,2,925.0,327.0,260.0,164.0,1.0,3,0.135
395,5,58.0,300.0,59.0,156.0,1.0,0,0.503
395,6,99.0,300.0,252.0,159.0,1.0,3,1.0
395,9,-18.0,338.0,91.0,152.0,1.0,0,0.802
396,2,921.0,327.0,260.0,164.0,1.0,3,0.15
396,5,61.0,300.0,59.0,156.0,1.0,0,0.416
396,6,97.0,300.0,252.0,159.0,1.0,3,1.0
396,9,-15.0,337.0,91.0,153.0,1.0,0,0.835
397,2,918.0,326.0,260.0,164.0,1.0,3,0.162
397,5,64.0,299.0,59.0,156.0,1.0,0,0.336
397,6,95.0,300.0,252.0,159.0,1.0,3,1.0
397,9,-12.0,337.0,91.0,153.0,1.0,0,0.868
398,2,914.0,326.0,260.0,164.0,1.0,3,0.177
398,5,67.0,299.0,59.0,156.0,1.0,0,0.252
398,6,93.0,300.0,252.0,159.0,1.0,3,1.0
398,9,-9.0,337.0,91.0,153.0,1.0,0,0.901
399,2,911.0,326.0,260.0,164.0,1.0,3,0.188
399,5,70.0,299.0,59.0,156.0,1.0,0,0.168
399,6,91.0,300.0,252.0,159.0,1.0,3,1.0
399,9,-6.0,337.0,91.0,153.0,1.0,0,0.934
400,2,907.0,326.0,260.0,164.0,1.0,3,0.204
400,5,73.0,299.0,60.0,157.0,1.0,0,0.082
400,6,89.0,300.0,252.0,159.0,1.0,3,1.0
400,9,-3.0,337.0,91.0,153.0,1.0,0,0.967
401,2,904.0,325.0,260.0,164.0,1.0,3,0.215
401,5,76.0,299.0,60.0,157.0,1.0,0,0.05
401,6,87.0,300.0,252.0,159.0,1.0,3,0.991
401,9,-1.0,337.0,91.0,153.0,1.0,0,0.989
402,2,900.0,325.0,260.0,164.0,1.0,3,0.231
402,5,79.0,299.0,60.0,157.0,1.0,0,0.03
402,6,85.0,300.0,252.0,159.0,1.0,3,0.976
402,9,2.0,337.0,91.0,153.0,1.0,0,1.0
403,1,-133.0,162.0,135.0,71.0,1.0,0,0.015
403,2,897.0,325.0,260.0,164.0,1.0,3,0.242
403,5,82.0,299.0,60.0,157.0,1.0,0,0.017
403,6,83.0,301.0,252.0,159.0,1.0,3,0.96
403,9,5.0,337.0,91.0,153.0,1.0,0,1.0
404,1,-130.0,162.0,135.0,71.0,1.0,0,0.037
404,2,893.0,325.0,260.0,164.0,1.0,3,0.258
404,5,85.0,299.0,60.0,157.0,1.0,0,0.013
404,6,81.0,301.0,252.0,159.0,1.0,3,0.945
404,9,8.0,337.0,91.0,153.0,1.0,0,1.0
405,1,-127.0,162.0,135.0,71.0,1.0,0,0.059
405,2,889.0,325.0,262.0,165.0,1.0,3,0.271
405,5,88.0,299.0,60.0,157.0,1.0,0,0.013
405,6,79.0,301.0,252.0,159.0,1.0,3,0.929
405,9,11.0,337.0,91.0,153.0,1.0,0,1.0
406,1,-124.0,161.0,135.0,71.0,1.0,0,0.081
406,2,886.0,324.0,262.0,165.0,1.0,3,0.282
406,5,91.0,299.0,60.0,157.0,1.0,0,0.013
406,6,77.0,301.0,252.0,159.0,1.0,3,0.914
406,9,14.0,337.0,91.0,153.0,1.0,0,1.0
407,1,-121.0,161.0,135.0,71.0,1.0,0,0.104
407,2,882.0,324.0,262.0,165.0,1.0,3,0.298
407,5,94.0,299.0,60.0,157.0,1.0,0,0.013
407,6,75.0,301.0,252.0,159.0,1.0,3,0.902
407,9,16.0,337.0,91.0,153.0,1.0,0,1.0
408,1,-118.0,161.0,133.0,70.0,1.0,0,0.113
408,2,879.0,324.0,262.0,165.0,1.0,3,0.309
408,5,97.0,299.0,60.0,157.0,1.0,0,0.013
408,6,73.0,301.0,252.0,159.0,1.0,3,0.886
408,9,19.0,337.0,91.0,153.0,1.0,0,1.0
409,1,-116.0,161.0,133.0,70.0,1.0,0,0.128
409,2,875.0,324.0,262.0,165.0,1.0,3,0.324
409,5,100.0,299.0,60.0,157.0,1.0,0,0.013
409,6,71.0,301.0,252.0,159.0,1.0,3,0.871
409,7,-75.0,399.0,76.0,127.0,1.0,0,0.013
409,9,22.0,337.0,91.0,153.0,1.0,0,1.0
410,1,-113.0,160.0,133.0,70.0,1.0,0,0.15
410,2,872.0,323.0,262.0,165.0,1.0,3,0.336
410,5,103.0,299.0,60.0,157.0,1.0,0,0.013
410,6,69.0,301.0,252.0,159.0,1.0,3,0.856
410,7,-72.0,399.0,76.0,127.0,1.0,0,0.053
410,9,25.0,337.0,91.0,153.0,1.0,0,1.0
411,1,-110.0,160.0,133.0,70.0,1.0,0,0.173
411,2,868.0,323.0,262.0,165.0,1.0,3,0.351
411,5,106.0,298.0,60.0,157.0,1.0,0,0.019
411,6,67.0,301.0,252.0,159.0,1.0,3,0.84
411,7,-69.0,399.0,76.0,127.0,1.0,0,0.092
411,9,28.0,337.0,91.0,153.0,1.0,0,1.0
412,1,-107.0,160.0,133.0,70.0,1.0,0,0.195
412,2,864.0,323.0,262.0,165.0,1.0,3,0.366
412,5,109.0,298.0,60.0,158.0,1.0,0,0.019
412,6,65.0,301.0,252.0,159.0,1.0,3,0.825
412,7,-66.0,399.0,76.0,127.0,1.0,0,0.132
412,9,31.0,337.0,91.0,153.0,1.0,0,1.0
413,1,-104.0,160.0,133.0,70.0,1.0,0,0.218
413,2,861.0,323.0,262.0,165.0,1.0,3,0.378
413,5,112.0,298.0,60.0,158.0,1.0,0,0.025
413,6,63.0,302.0,252.0,159.0,1.0,3,0.811
413,7,-64.0,399.0,76.0,127.0,1.0,0,0.158
413,9,33.0,337.0,91.0,153.0,1.0,0,1.0
414,1,-102.0,160.0,133.0,70.0,1.0,0,0.233
414,2,857.0,323.0,262.0,165.0,1.0,3,0.393
414,5,115.0,298.0,60.0,158.0,1.0,0,0.025
414,6,61.0,302.0,252.0,159.0,1.0,3,0.796
414,7,-61.0,399.0,76.0,127.0,1.0,0,0.197
414,9,36.0,337.0,91.0,153.0,1.0,0,1.0
415,1,-99.0,159.0,133.0,70.0,1.0,0,0.256
415,2,854.0,322.0,262.0,165.0,1.0,3,0.405
415,5,118.0,298.0,60.0,158.0,1.0,0,0.025
415,6,59.0,302.0,252.0,159.0,1.0,3,0.78
415,7,-58.0,399.0,76.0,127.0,1.0,0,0.237
415,9,39.0,337.0,91.0,153.0,1.0,0,1.0
416,1,-96.0,159.0,133.0,70.0,1.0,0,0.278
416,2,850.0,322.0,262.0,165.0,1.0,3,0.42
416,5,121.0,298.0,60.0,158.0,1.0,0,0.025
416,6,57.0,302.0,252.0,159.0,1.0,3,0.763
416,7,-55.0,399.0,76.0,127.0,1.0,0,0.276
416,9,42.0,336.0,91.0,153.0,1.0,0,1.0
417,1,-93.0,159.0,133.0,70.0,1.0,0,0.301
417,2,847.0,322.0,262.0,165.0,1.0,3,0.43
417,5,124.0,298.0,60.0,158.0,1.0,0,0.025
417,6,55.0,302.0,252.0,159.0,1.0,3,0.747
417,7,-53.0,399.0,76.0,127.0,1.0,0,0.303
417,8,959.0,414.0,192.0,121.0,1.0,3,0.005
417,9,45.0,336.0,91.0,153.0,1.0,0,1.0
418,1,-90.0,159.0,133.0,70.0,1.0,0,0.323
418,2,843.0,322.0,262.0,165.0,1.0,3,0.438
418,5,127.0,298.0,60.0,158.0,1.0,0,0.025
418,6,53.0,302.0,252.0,159.0,1.0,3,0.732
418,7,-50.0,399.0,76.0,127.0,1.0,0,0.342
418,8,955.0,414.0,192.0,121.0,1.0,3,0.026
418,9,48.0,336.0,91.0,153.0,1.0,0,1.0
419,1,-87.0,158.0,133.0,70.0,1.0,0,0.346
419,2,839.0,321.0,262.0,165.0,1.0,3,0.449
419,5,130.0,298.0,60.0,158.0,1.0,0,0.025
419,6,51.0,302.0,252.0,159.0,1.0,3,0.719
419,7,-47.0,398.0,76.0,127.0,1.0,0,0.382
419,8,952.0,414.0,192.0,121.0,1.0,3,0.042
419,9,50.0,336.0,91.0,153.0,1.0,0,1.0
420,1,-85.0,158.0,133.0,70.0,1.0,0,0.361
420,2,836.0,321.0,262.0,165.0,1.0,3,0.453
420,5,133.0,298.0,60.0,158.0,1.0,0,0.025
420,6,49.0,302.0,252.0,159.0,1.0,3,0.716
420,7,-44.0,398.0,76.0,127.0,1.0,0,0.421
420,8,948.0,414.0,192.0,121.0,1.0,3,0.062
420,9,53.0,336.0,91.0,153.0,1.0,0,1.0
421,1,-82.0,158.0,133.0,70.0,1.0,0,0.383
421,2,832.0,321.0,263.0,166.0,1.0,3,0.462
421,5,136.0,298.0,60.0,158.0,1.0,0,0.025
421,6,47.0,302.0,252.0,159.0,1.0,3,0.716
421,7,-42.0,398.0,76.0,127.0,1.0,0,0.447
421,8,945.0,414.0,192.0,121.0,1.0,3,0.078
421,9,56.0,336.0,91.0,153.0,1.0,0,1.0
422,1,-79.0,158.0,133.0,70.0,1.0,0,0.406
422,2,829.0,321.0,263.0,166.0,1.0,3,0.466
422,5,139.0,298.0,60.0,158.0,1.0,0,0.025
422,6,45.0,302.0,252.0,159.0,1.0,3,0.716
422,7,-39.0,398.0,76.0,127.0,1.0,0,0.487
422,8,941.0,414.0,192.0,121.0,1.0,3,0.099
422,9,59.0,336.0,91.0,153.0,1.0,0,1.0
423,1,-76.0,157.0,133.0,70.0,1.0,0,0.429
423,2,825.0,321.0,263.0,166.0,1.0,3,0.477
423,5,142.0,298.0,60.0,158.0,1.0,0,0.032
423,6,43.0,303.0,252.0,159.0,1.0,3,0.714
423,7,-36.0,398.0,76.0,127.0,1.0,0,0.526
423,8,938.0,415.0,192.0,121.0,1.0,3,0.115
423,9,62.0,336.0,91.0,153.0,1.0,0,1.0
424,1,-73.0,157.0,133.0,70.0,1.0,0,0.451
424,2,822.0,320.0,263.0,166.0,1.0,3,0.484
424,5,145.0,298.0,61.0,159.0,1.0,0,0.031
424,6,41.0,303.0,252.0,159.0,1.0,3,0.711
424,7,-33.0,398.0,76.0,127.0,1.0,0,0.566
424,8,935.0,415.0,192.0,121.0,1.0,3,0.13
424,9,65.0,336.0,91.0,153.0,1.0,0,1.0
425,1,-70.0,157.0,133.0,70.0,1.0,0,0.474
425,2,818.0,320.0,263.0,166.0,1.0,3,0.493
425,5,148.0,298.0,61.0,159.0,1.0,0,0.031
425,6,39.0,303.0,252.0,159.0,1.0,3,0.704
425,7,-31.0,398.0,76.0,127.0,1.0,0,0.592
425,8,931.0,415.0,192.0,121.0,1.0,3,0.151
425,9,67.0,336.0,91.0,153.0,1.0,0,1.0
426,1,-68.0,157.0,133.0,70.0,1.0,0,0.489
426,2,814.0,320.0,263.0,166.0,1.0,3,0.503
426,5,151.0,297.0,61.0,159.0,1.0,0,0.038
426,6,37.0,303.0,252.0,159.0,1.0,3,0.696
426,7,-28.0,398.0,76.0,127.0,1.0,0,0.632
426,8,928.0,415.0,192.0,121.0,1.0,3,0.167
426,9,70.0,336.0,91.0,153.0,1.0,0,1.0
427,1,-65.0,157.0,133.0,70.0,1.0,0,0.511
427,2,811.0,320.0,263.0,166.0,1.0,3,0.508
427,4,959.0,515.0,278.0,175.0,1.0,3,0.001
427,5,154.0,297.0,61.0,159.0,1.0,0,0.038
427,6,35.0,303.0,252.0,159.0,1.0,3,0.688
427,7,-25.0,398.0,76.0,127.0,1.0,0,0.671
427,8,924.0,415.0,192.0,121.0,1.0,3,0.187
427,9,73.0,336.0,91.0,153.0,1.0,0,1.0
428,1,-62.0,156.0,133.0,70.0,1.0,0,0.534
428,2,807.0,319.0,263.0,166.0,1.0,3,0.519
428,4,956.0,515.0,278.0,175.0,1.0,3,0.002
428,5,157.0,297.0,61.0,159.0,1.0,0,0.038
428,6,33.0,303.0,252.0,159.0,1.0,3,0.68
428,7,-22.0,398.0,76.0,127.0,1.0,0,0.711
428,8,921.0,415.0,192.0,121.0,1.0,3,0.2
428,9,76.0,336.0,91.0,153.0,1.0,0,1.0
429,1,-59.0,156.0,132.0,69.0,1.0,0,0.553
429,2,804.0,319.0,263.0,166.0,1.0,3,0.524
429,4,953.0,516.0,279.0,176.0,1.0,3,0.003
429,5,160.0,297.0,61.0,159.0,1.0,0,0.038
429,6,31.0,303.0,252.0,159.0,1.0,3,0.674
429,7,-20.0,398.0,76.0,127.0,1.0,0,0.737
429,8,917.0,415.0,192.0,121.0,1.0,3,0.218
429,9,79.0,336.0,91.0,153.0,1.0,0,1.0
430,1,-56.0,156.0,132.0,69.0,1.0,0,0.576
430,2,800.0,319.0,263.0,166.0,1.0,3,0.535
430,4,949.0,516.0,279.0,176.0,1.0,3,0.005
430,5,163.0,297.0,61.0,159.0,1.0,0,0.038
430,6,29.0,303.0,252.0,159.0,1.0,3,0.666
430,7,-17.0,398.0,76.0,127.0,1.0,0,0.776
430,8,914.0,415.0,192.0,121.0,1.0,3,0.23
430,9,82.0,336.0,91.0,153.0,1.0,0,1.0
431,1,-53.0,156.0,132.0,69.0,1.0,0,0.598
431,2,797.0,319.0,263.0,166.0,1.0,3,0.541
431,4,946.0,516.0,279.0,176.0,1.0,3,0.007
431,5,166.0,297.0,61.0,159.0,1.0,0,0.038
431,6,27.0,303.0,252.0,159.0,1.0,3,0.658
431,7,-14.0,398.0,76.0,127.0,1.0,0,0.816
431,8,910.0,416.0,192.0,121.0,1.0,3,0.248
431,9,84.0,336.0,91.0,153.0,1.0,0,1.0
432,1,-51.0,155.0,132.0,69.0,1.0,0,0.614
432,2,793.0,319.0,263.0,166.0,1.0,3,0.551
432,4,942.0,516.0,279.0,176.0,1.0,3,0.009
432,5,169.0,297.0,61.0,159.0,1.0,0,0.038
432,6,26.0,303.0,252.0,159.0,1.0,3,0.652
432,7,-11.0,398.0,76.0,127.0,1.0,0,0.855
432,8,907.0,416.0,192.0,121.0,1.0,3,0.26
432,9,87.0,336.0,91.0,153.0,1.0,0,1.0
433,1,-48.0,155.0,132.0,69.0,1.0,0,0.636
433,2,789.0,318.0,263.0,166.0,1.0,3,0.563
433,4,939.0,517.0,279.0,176.0,1.0,3,0.01
433,5,172.0,297.0,61.0,159.0,1.0,0,0.044
433,6,24.0,304.0,252.0,159.0,1.0,3,0.642
433,7,-9.0,398.0,76.0,127.0,1.0,0,0.882
433,8,904.0,416.0,192.0,121.0,1.0,3,0.274
433,9,90.0,336.0,91.0,153.0,1.0,0,1.0
434,1,-45.0,155.0,132.0,69.0,1.0,0,0.659
434,2,786.0,318.0,263.0,166.0,1.0,3,0.568
434,4,936.0,517.0,279.0,176.0,1.0,3,0.011
434,5,175.0,297.0,61.0,159.0,1.0,0,0.044
434,6,22.0,304.0,252.0,159.0,1.0,3,0.634
434,7,-6.0,398.0,76.0,127.0,1.0,0,0.921
434,8,900.0,416.0,192.0,121.0,1.0,3,0.292
434,9,93.0,336.0,91.0,153.0,1.0,0,1.0
435,1,-42.0,155.0,132.0,69.0,1.0,0,0.682
435,2,782.0,318.0,263.0,166.0,1.0,3,0.579
435,4,932.0,517.0,279.0,176.0,1.0,3,0.013
435,5,178.0,297.0,61.0,159.0,1.0,0,0.044
435,6,20.0,304.0,252.0,159.0,1.0,3,0.623
435,7,-3.0,398.0,76.0,127.0,1.0,0,0.961
435,8,897.0,416.0,192.0,121.0,1.0,3,0.304
435,9,96.0,335.0,91.0,153.0,1.0,0,1.0
436,1,-39.0,155.0,132.0,69.0,1.0,0,0.705
436,2,779.0,318.0,263.0,166.0,1.0,3,0.584
436,4,929.0,517.0,279.0,176.0,1.0,3,0.015
436,5,181.0,297.0,61.0,159.0,1.0,0,0.044
436,6,18.0,304.0,252.0,159.0,1.0,3,0.615
436,7,0.0,398.0,76.0,127.0,1.0,0,1.0
436,8,893.0,416.0,192.0,121.0,1.0,3,0.322
436,9,99.0,335.0,91.0,153.0,1.0,0,1.0
437,1,-37.0,154.0,132.0,69.0,1.0,0,0.72
437,2,775.0,317.0,265.0,167.0,1.0,3,0.591
437,4,926.0,517.0,279.0,176.0,1.0,3,0.016
437,5,184.0,297.0,61.0,160.0,1.0,0,0.044
437,6,16.0,304.0,252.0,159.0,1.0,3,0.609
437,7,2.0,398.0,76.0,127.0,1.0,0,1.0
437,8,890.0,416.0,192.0,121.0,1.0,3,0.335
437,9,101.0,335.0,91.0,153.0,1.0,0,1.0
438,1,-34.0,154.0,132.0,69.0,1.0,0,0.742
438,2,772.0,317.0,265.0,167.0,1.0,3,0.596
438,4,922.0,518.0,279.0,176.0,1.0,3,0.017
438,5,187.0,297.0,61.0,160.0,1.0,0,0.044
438,6,14.0,304.0,252.0,159.0,1.0,3,0.601
438,7,5.0,398.0,76.0,127.0,1.0,0,1.0
438,8,886.0,416.0,192.0,121.0,1.0,3,0.354
438,9,104.0,335.0,91.0,153.0,1.0,0,1.0
439,1,-31.0,154.0,132.0,69.0,1.0,0,0.765
439,2,768.0,317.0,265.0,167.0,1.0,3,0.606
439,4,919.0,518.0,279.0,176.0,1.0,3,0.018
439,5,190.0,297.0,61.0,160.0,1.0,0,0.044
439,6,12.0,304.0,252.0,159.0,1.0,3,0.592
439,7,8.0,398.0,76.0,127.0,1.0,0,1.0
439,8,883.0,416.0,192.0,121.0,1.0,3,0.368
439,9,107.0,335.0,91.0,153.0,1.0,0,1.0
440,1,-28.0,154.0,132.0,69.0,1.0,0,0.788
440,2,764.0,317.0,265.0,167.0,1.0,3,0.617
440,4,915.0,518.0,279.0,176.0,1.0,3,0.02
440,5,193.0,296.0,61.0,160.0,1.0,0,0.05
440,6,10.0,304.0,252.0,159.0,1.0,3,0.586
440,7,11.0,398.0,76.0,127.0,1.0,0,1.0
440,8,879.0,417.0,192.0,121.0,1.0,3,0.383
440,9,110.0,335.0,91.0,153.0,1.0,0,1.0
441,1,-25.0,153.0,132.0,69.0,1.0,0,0.811
441,2,761.0,317.0,265.0,167.0,1.0,3,0.624
441,4,912.0,518.0,281.0,177.0,1.0,3,0.021
441,5,196.0,296.0,61.0,160.0,1.0,0,0.05
441,6,8.0,304.0,252.0,159.0,1.0,3,0.586
441,7,13.0,398.0,76.0,127.0,1.0,0,1.0
441,8,876.0,417.0,192.0,121.0,1.0,3,0.396
441,9,113.0,335.0,91.0,153.0,1.0,0,1.0
442,1,-22.0,153.0,132.0,69.0,1.0,0,0.833
442,2,757.0,316.0,265.0,167.0,1.0,3,0.636
442,4,909.0,519.0,281.0,177.0,1.0,3,0.022
442,5,199.0,296.0,61.0,160.0,1.0,0,0.081
442,6,6.0,304.0,252.0,159.0,1.0,3,0.586
442,7,16.0,398.0,76.0,127.0,1.0,0,1.0
442,8,873.0,417.0,192.0,121.0,1.0,3,0.411
442,9,116.0,335.0,91.0,153.0,1.0,0,1.0
443,1,-20.0,153.0,132.0,69.0,1.0,0,0.848
443,2,754.0,316.0,265.0,167.0,1.0,3,0.642
443,4,905.0,519.0,281.0,177.0,1.0,3,0.023
443,5,202.0,296.0,61.0,160.0,1.0,0,0.165
443,6,4.0,305.0,252.0,159.0,1.0,3,0.582
443,7,19.0,398.0,76.0,127.0,1.0,0,1.0
443,8,869.0,417.0,192.0,121.0,1.0,3,0.429
443,9,118.0,335.0,91.0,153.0,1.0,0,1.0
444,1,-17.0,153.0,132.0,69.0,1.0,0,0.871
444,2,750.0,316.0,265.0,167.0,1.0,3,0.652
444,4,902.0,519.0,281.0,177.0,1.0,3,0.024
444,5,205.0,296.0,61.0,160.0,1.0,0,0.242
444,6,2.0,305.0,252.0,159.0,1.0,3,0.582
444,7,22.0,398.0,76.0,127.0,1.0,0,1.0
444,8,866.0,417.0,192.0,121.0,1.0,3,0.442
444,9,121.0,335.0,91.0,153.0,1.0,0,1.0
445,1,-14.0,152.0,132.0,69.0,1.0,0,0.894
445,2,747.0,316.0,265.0,167.0,1.0,3,0.658
445,4,898.0,519.0,281.0,177.0,1.0,3,0.026
445,5,208.0,296.0,61.0,160.0,1.0,0,0.319
445,6,0.0,305.0,252.0,159.0,1.0,3,0.582
445,7,24.0,398.0,76.0,127.0,1.0,0,1.0
445,8,862.0,417.0,192.0,121.0,1.0,3,0.46
445,9,124.0,335.0,91.0,153.0,1.0,0,1.0
446,1,-11.0,152.0,132.0,69.0,1.0,0,0.917
446,2,743.0,315.0,265.0,167.0,1.0,3,0.671
446,4,895.0,519.0,281.0,177.0,1.0,3,0.027
446,5,211.0,296.0,61.0,160.0,1.0,0,0.397
446,6,-2.0,305.0,252.0,159.0,1.0,3,0.574
446,7,27.0,398.0,76.0,127.0,1.0,0,1.0
446,8,859.0,417.0,192.0,121.0,1.0,3,0.473
446,9,127.0,335.0,91.0,153.0,1.0,0,1.0
447,1,-8.0,152.0,132.0,69.0,1.0,0,0.939
447,2,739.0,315.0,265.0,167.0,1.0,3,0.68
447,4,892.0,520.0,281.0,177.0,1.0,3,0.027
447,5,214.0,296.0,61.0,160.0,1.0,0,0.474
447,6,-4.0,305.0,252.0,159.0,1.0,3,0.566
447,7,30.0,398.0,76.0,127.0,1.0,0,1.0
447,8,855.0,417.0,192.0,121.0,1.0,3,0.494
447,9,130.0,335.0,91.0,153.0,1.0,0,1.0
448,1,-5.0,152.0,132.0,69.0,1.0,0,0.962
448,2,736.0,315.0,265.0,167.0,1.0,3,0.689
448,4,888.0,520.0,281.0,177.0,1.0,3,0.029
448,5,217.0,296.0,61.0,160.0,1.0,0,0.551
448,6,-6.0,305.0,252.0,159.0,1.0,3,0.558
448,7,33.0,398.0,76.0,127.0,1.0,0,1.0
448,8,852.0,418.0,192.0,121.0,1.0,3,0.504
448,9,133.0,335.0,91.0,153.0,1.0,0,1.0
449,1,-3.0,152.0,132.0,69.0,1.0,0,0.977
449,2,732.0,315.0,265.0,167.0,1.0,3,0.7
449,4,885.0,520.0,281.0,177.0,1.0,3,0.03
449,5,220.0,296.0,61.0,161.0,1.0,0,0.629
449,6,-8.0,305.0,252.0,159.0,1.0,3,0.55
449,7,35.0,398.0,76.0,127.0,1.0,0,1.0
449,8,849.0,418.0,192.0,121.0,1.0,3,0.517
449,9,135.0,335.0,91.0,153.0,1.0,0,1.0
450,1,0.0,151.0,130.0,68.0,1.0,0,1.0
450,2,729.0,315.0,265.0,167.0,1.0,3,0.705
450,4,882.0,520.0,281.0,177.0,1.0,3,0.031
450,5,223.0,296.0,61.0,161.0,1.0,0,0.706
450,6,-10.0,305.0,252.0,159.0,1.0,3,0.542
450,7,38.0,398.0,76.0,128.0,1.0,0,1.0
450,8,845.0,418.0,192.0,121.0,1.0,3,0.535
450,9,138.0,335.0,91.0,153.0,1.0,0,1.0
