1,1,-110.0,241.0,212.0,111.0,1.0,0,0.447
1,4,878.0,346.0,302.0,190.0,1.0,3,0.272
1,5,1.0,373.0,170.0,89.0,1.0,0,0.964
1,6,860.0,336.0,302.0,190.0,1.0,3,0.074
1,7,90.0,285.0,81.0,135.0,1.0,0,0.652
1,11,-9.0,423.0,24.0,83.0,1.0,0,0.625
2,1,-108.0,241.0,212.0,111.0,1.0,0,0.457
2,3,-47.0,298.0,48.0,81.0,1.0,0,0.021
2,4,876.0,346.0,302.0,190.0,1.0,3,0.278
2,5,3.0,373.0,170.0,89.0,1.0,0,0.96
2,6,857.0,337.0,302.0,190.0,1.0,3,0.076
2,7,93.0,285.0,81.0,135.0,1.0,0,0.656
2,11,-6.0,422.0,24.0,83.0,1.0,0,0.75
3,1,-105.0,241.0,212.0,111.0,1.0,0,0.464
3,3,-44.0,298.0,48.0,81.0,1.0,0,0.083
3,4,874.0,346.0,302.0,190.0,1.0,3,0.285
3,5,6.0,373.0,170.0,89.0,1.0,0,0.96
3,6,853.0,337.0,300.0,189.0,1.0,3,0.084
3,7,96.0,285.0,81.0,135.0,1.0,0,0.656
3,11,-3.0,422.0,24.0,83.0,1.0,0,0.875
4,1,-103.0,241.0,212.0,111.0,1.0,0,0.467
4,3,-41.0,298.0,48.0,81.0,1.0,0,0.146
4,4,872.0,345.0,302.0,190.0,1.0,3,0.291
4,5,9.0,373.0,170.0,89.0,1.0,0,0.963
4,6,850.0,337.0,300.0,189.0,1.0,3,0.086
4,7,98.0,285.0,81.0,135.0,1.0,0,0.652
4,11,-1.0,422.0,24.0,83.0,1.0,0,0.958
5,1,-101.0,241.0,212.0,111.0,1.0,0,0.471
5,3,-38.0,298.0,48.0,81.0,1.0,0,0.208
5,4,870.0,345.0,302.0,190.0,1.0,3,0.298
5,5,11.0,373.0,170.0,89.0,1.0,0,0.96
5,6,847.0,337.0,300.0,189.0,1.0,3,0.089
5,7,101.0,285.0,81.0,135.0,1.0,0,0.656
5,9,-27.0,291.0,30.0,138.0,1.0,0,0.04
5,11,2.0,422.0,24.0,83.0,1.0,0,1.0
6,1,-98.0,242.0,212.0,111.0,1.0,0,0.476
6,3,-35.0,297.0,48.0,81.0,1.0,0,0.271
6,4,868.0,345.0,302.0,190.0,1.0,3,0.305
6,5,14.0,373.0,170.0,89.0,1.0,0,0.96
6,6,844.0,337.0,300.0,189.0,1.0,3,0.093
6,7,104.0,285.0,81.0,135.0,1.0,0,0.656
6,9,-24.0,291.0,30.0,138.0,1.0,0,0.081
6,11,5.0,422.0,24.0,83.0,1.0,0,1.0
7,1,-96.0,242.0,212.0,111.0,1.0,0,0.481
7,3,-32.0,297.0,48.0,81.0,1.0,0,0.333
7,4,866.0,345.0,302.0,190.0,1.0,3,0.311
7,5,17.0,373.0,170.0,89.0,1.0,0,0.959
7,6,841.0,337.0,300.0,189.0,1.0,3,0.097
7,7,107.0,285.0,81.0,135.0,1.0,0,0.656
7,9,-20.0,291.0,30.0,138.0,1.0,0,0.134
7,11,8.0,421.0,24.0,83.0,1.0,0,1.0
8,1,-94.0,242.0,212.0,111.0,1.0,0,0.488
8,3,-30.0,297.0,48.0,81.0,1.0,0,0.375
8,4,864.0,345.0,302.0,190.0,1.0,3,0.318
8,5,19.0,373.0,170.0,89.0,1.0,0,0.957
8,6,838.0,337.0,300.0,189.0,1.0,3,0.1
8,7,110.0,286.0,81.0,135.0,1.0,0,0.653
8,9,-17.0,291.0,30.0,138.0,1.0,0,0.175
8,11,11.0,421.0,24.0,83.0,1.0,0,1.0
9,1,-91.0,242.0,212.0,111.0,1.0,0,0.494
9,3,-27.0,297.0,48.0,81.0,1.0,0,0.438
9,4,862.0,344.0,302.0,190.0,1.0,3,0.325
9,5,22.0,373.0,170.0,89.0,1.0,0,0.959
9,6,835.0,337.0,300.0,189.0,1.0,3,0.102
9,7,113.0,286.0,81.0,135.0,1.0,0,0.653
9,9,-14.0,291.0,30.0,138.0,1.0,0,0.214
9,11,13.0,421.0,24.0,83.0,1.0,0,1.0
10,1,-89.0,242.0,212.0,111.0,1.0,0,0.498
10,3,-24.0,297.0,48.0,81.0,1.0,0,0.5
10,4,860.0,344.0,302.0,190.0,1.0,3,0.331
10,5,24.0,373.0,170.0,89.0,1.0,0,0.957
10,6,831.0,337.0,300.0,189.0,1.0,3,0.109
10,7,116.0,286.0,81.0,135.0,1.0,0,0.658
10,9,-10.0,291.0,30.0,138.0,1.0,0,0.268
10,11,16.0,421.0,24.0,83.0,1.0,0,1.0
11,1,-87.0,242.0,212.0,111.0,1.0,0,0.502
11,3,-21.0,296.0,48.0,81.0,1.0,0,0.562
11,4,858.0,344.0,302.0,190.0,1.0,3,0.338
11,5,27.0,373.0,170.0,89.0,1.0,0,0.957
11,6,828.0,338.0,300.0,189.0,1.0,3,0.111
11,7,119.0,286.0,81.0,135.0,1.0,0,0.658
11,9,-7.0,291.0,30.0,138.0,1.0,0,0.309
11,11,19.0,421.0,24.0,83.0,1.0,0,1.0
12,1,-84.0,242.0,214.0,112.0,1.0,0,0.505
12,3,-18.0,296.0,48.0,81.0,1.0,0,0.625
12,4,856.0,344.0,302.0,190.0,1.0,3,0.344
12,5,30.0,373.0,170.0,89.0,1.0,0,0.956
12,6,825.0,338.0,300.0,189.0,1.0,3,0.114
12,7,122.0,286.0,81.0,135.0,1.0,0,0.658
12,9,-3.0,290.0,30.0,138.0,1.0,0,0.362
12,11,22.0,420.0,24.0,83.0,1.0,0,1.0
13,1,-82.0,242.0,214.0,112.0,1.0,0,0.507
13,3,-15.0,296.0,48.0,81.0,1.0,0,0.686
13,4,854.0,344.0,302.0,190.0,1.0,3,0.351
13,5,32.0,373.0,170.0,89.0,1.0,0,0.953
13,6,822.0,338.0,300.0,189.0,1.0,3,0.118
13,7,124.0,286.0,81.0,135.0,1.0,0,0.658
13,9,0.0,290.0,30.0,138.0,1.0,0,0.403
13,11,25.0,420.0,24.0,83.0,1.0,0,1.0
14,1,-80.0,243.0,214.0,112.0,1.0,0,0.512
14,2,958.0,418.0,176.0,111.0,1.0,3,0.011
14,3,-13.0,296.0,48.0,81.0,1.0,0,0.729
14,4,852.0,344.0,302.0,190.0,1.0,3,0.354
14,5,35.0,373.0,170.0,89.0,1.0,0,0.956
14,6,819.0,338.0,300.0,189.0,1.0,3,0.121
14,7,127.0,286.0,81.0,135.0,1.0,0,0.658
14,9,4.0,290.0,30.0,138.0,1.0,0,0.4
14,11,27.0,420.0,24.0,83.0,1.0,0,1.0
15,1,-77.0,243.0,214.0,112.0,1.0,0,0.519
15,2,955.0,418.0,176.0,111.0,1.0,3,0.028
15,3,-10.0,295.0,48.0,81.0,1.0,0,0.791
15,4,849.0,343.0,302.0,190.0,1.0,3,0.358
15,5,37.0,373.0,170.0,89.0,1.0,0,0.953
15,6,816.0,338.0,300.0,189.0,1.0,3,0.12
15,7,130.0,286.0,81.0,135.0,1.0,0,0.662
15,9,7.0,290.0,30.0,138.0,1.0,0,0.4
15,11,30.0,420.0,24.0,83.0,1.0,0,1.0
16,1,-75.0,243.0,214.0,112.0,1.0,0,0.521
16,2,951.0,419.0,176.0,111.0,1.0,3,0.051
16,3,-7.0,295.0,49.0,82.0,1.0,0,0.855
16,4,847.0,343.0,302.0,190.0,1.0,3,0.357
16,5,40.0,373.0,170.0,89.0,1.0,0,0.953
16,6,813.0,338.0,300.0,189.0,1.0,3,0.123
16,7,133.0,286.0,81.0,135.0,1.0,0,0.662
16,9,11.0,290.0,30.0,138.0,1.0,0,0.38
16,11,33.0,420.0,24.0,83.0,1.0,0,1.0
17,1,-73.0,243.0,214.0,112.0,1.0,0,0.526
17,2,947.0,419.0,176.0,111.0,1.0,3,0.074
17,3,-4.0,295.0,49.0,82.0,1.0,0,0.916
17,4,845.0,343.0,302.0,190.0,1.0,3,0.356
17,5,43.0,373.0,172.0,90.0,1.0,0,0.952
17,6,809.0,338.0,300.0,189.0,1.0,3,0.13
17,7,136.0,286.0,81.0,136.0,1.0,0,0.649
17,9,14.0,290.0,30.0,138.0,1.0,0,0.378
17,11,36.0,419.0,24.0,83.0,1.0,0,1.0
18,1,-70.0,243.0,214.0,112.0,1.0,0,0.532
18,2,944.0,419.0,176.0,111.0,1.0,3,0.091
18,3,-1.0,295.0,49.0,82.0,1.0,0,0.977
18,4,843.0,343.0,302.0,190.0,1.0,3,0.356
18,5,45.0,373.0,172.0,90.0,1.0,0,0.949
18,6,806.0,338.0,300.0,189.0,1.0,3,0.134
18,7,139.0,286.0,81.0,136.0,1.0,0,0.653
18,9,18.0,290.0,30.0,138.0,1.0,0,0.356
18,11,39.0,419.0,24.0,83.0,1.0,0,1.0
19,1,-68.0,243.0,214.0,112.0,1.0,0,0.541
19,2,940.0,419.0,176.0,111.0,1.0,3,0.114
19,3,2.0,294.0,49.0,82.0,1.0,0,0.999
19,4,841.0,343.0,302.0,190.0,1.0,3,0.355
19,5,48.0,374.0,172.0,90.0,1.0,0,0.948
19,6,803.0,338.0,300.0,189.0,1.0,3,0.137
19,7,142.0,286.0,81.0,136.0,1.0,0,0.66
19,9,21.0,290.0,30.0,139.0,1.0,0,0.358
19,11,42.0,419.0,24.0,83.0,1.0,0,1.0
20,1,-66.0,243.0,214.0,112.0,1.0,0,0.547
20,2,937.0,420.0,176.0,111.0,1.0,3,0.131
20,3,4.0,294.0,49.0,82.0,1.0,0,0.999
20,4,839.0,342.0,302.0,190.0,1.0,3,0.356
20,5,50.0,374.0,172.0,90.0,1.0,0,0.948
20,6,800.0,339.0,298.0,188.0,1.0,3,0.137
20,7,145.0,286.0,81.0,136.0,1.0,0,0.664
20,9,25.0,289.0,30.0,139.0,1.0,0,0.373
20,11,44.0,419.0,24.0,83.0,1.0,0,1.0
21,1,-63.0,243.0,214.0,112.0,1.0,0,0.561
21,2,933.0,420.0,176.0,111.0,1.0,3,0.153
21,3,7.0,294.0,49.0,82.0,1.0,0,0.999
21,4,837.0,342.0,302.0,190.0,1.0,3,0.355
21,5,53.0,374.0,172.0,90.0,1.0,0,0.948
21,6,797.0,339.0,298.0,188.0,1.0,3,0.141
21,7,148.0,286.0,81.0,136.0,1.0,0,0.664
21,9,28.0,289.0,30.0,139.0,1.0,0,0.373
21,11,47.0,419.0,24.0,83.0,1.0,0,1.0
22,1,-61.0,243.0,214.0,112.0,1.0,0,0.571
22,2,930.0,420.0,175.0,110.0,1.0,3,0.171
22,3,10.0,294.0,49.0,82.0,1.0,0,0.999
22,4,835.0,342.0,302.0,190.0,1.0,3,0.356
22,5,56.0,374.0,172.0,90.0,1.0,0,0.947
22,6,794.0,339.0,298.0,188.0,1.0,3,0.144
22,7,151.0,286.0,81.0,136.0,1.0,0,0.664
22,9,32.0,289.0,30.0,139.0,1.0,0,0.378
22,11,50.0,418.0,24.0,83.0,1.0,0,1.0
23,1,-59.0,244.0,214.0,112.0,1.0,0,0.577
23,2,926.0,420.0,175.0,110.0,1.0,3,0.194
23,3,13.0,293.0,49.0,82.0,1.0,0,0.999
23,4,833.0,342.0,302.0,190.0,1.0,3,0.355
23,5,58.0,374.0,172.0,90.0,1.0,0,0.944
23,6,791.0,339.0,298.0,188.0,1.0,3,0.148
23,7,153.0,287.0,81.0,136.0,1.0,0,0.657
23,9,35.0,289.0,30.0,139.0,1.0,0,0.367
23,11,53.0,418.0,24.0,83.0,1.0,0,1.0
24,1,-57.0,244.0,214.0,112.0,1.0,0,0.586
24,2,923.0,421.0,175.0,110.0,1.0,3,0.211
24,3,16.0,293.0,49.0,82.0,1.0,0,0.999
24,4,831.0,342.0,302.0,190.0,1.0,3,0.356
24,5,61.0,374.0,172.0,90.0,1.0,0,0.944
24,6,787.0,339.0,298.0,188.0,1.0,3,0.155
24,7,156.0,287.0,81.0,136.0,1.0,0,0.657
24,9,39.0,289.0,30.0,139.0,1.0,0,0.374
24,11,56.0,418.0,24.0,84.0,1.0,0,1.0
25,1,-54.0,244.0,214.0,112.0,1.0,0,0.6
25,2,919.0,421.0,175.0,110.0,1.0,3,0.234
25,3,19.0,293.0,49.0,82.0,1.0,0,0.999
25,4,829.0,341.0,302.0,190.0,1.0,3,0.355
25,5,63.0,374.0,172.0,90.0,1.0,0,0.944
25,6,784.0,339.0,298.0,188.0,1.0,3,0.156
25,7,159.0,287.0,81.0,136.0,1.0,0,0.662
25,8,959.0,383.0,224.0,141.0,1.0,3,0.001
25,9,42.0,289.0,30.0,139.0,1.0,0,0.361
25,11,58.0,418.0,24.0,84.0,1.0,0,1.0
26,1,-52.0,244.0,214.0,112.0,1.0,0,0.607
26,2,916.0,421.0,175.0,110.0,1.0,3,0.251
26,3,21.0,293.0,49.0,82.0,1.0,0,0.999
26,4,827.0,341.0,302.0,190.0,1.0,3,0.352
26,5,66.0,374.0,172.0,90.0,1.0,0,0.944
26,6,781.0,339.0,298.0,188.0,1.0,3,0.159
26,7,162.0,287.0,81.0,136.0,1.0,0,0.662
26,8,955.0,382.0,224.0,141.0,1.0,3,0.006
26,9,46.0,289.0,30.0,139.0,1.0,0,0.388
26,10,958.0,365.0,214.0,135.0,1.0,3,0.001
26,11,61.0,418.0,24.0,84.0,1.0,0,1.0
27,1,-50.0,244.0,214.0,112.0,1.0,0,0.616
27,2,912.0,421.0,175.0,110.0,1.0,3,0.274
27,3,24.0,293.0,49.0,82.0,1.0,0,0.999
27,4,825.0,341.0,302.0,190.0,1.0,3,0.348
27,5,69.0,374.0,172.0,90.0,1.0,0,0.942
27,6,778.0,339.0,298.0,188.0,1.0,3,0.163
27,7,165.0,287.0,81.0,136.0,1.0,0,0.662
27,8,952.0,382.0,224.0,141.0,1.0,3,0.01
27,9,49.0,288.0,30.0,139.0,1.0,0,0.39
27,10,955.0,365.0,214.0,135.0,1.0,3,0.003
27,11,64.0,417.0,24.0,84.0,1.0,0,1.0
28,1,-47.0,244.0,215.0,113.0,1.0,0,0.627
28,2,909.0,421.0,175.0,110.0,1.0,3,0.291
28,3,27.0,292.0,49.0,82.0,1.0,0,1.0
28,4,823.0,341.0,302.0,190.0,1.0,3,0.345
28,5,71.0,374.0,172.0,90.0,1.0,0,0.939
28,6,775.0,339.0,298.0,188.0,1.0,3,0.166
28,7,168.0,287.0,81.0,136.0,1.0,0,0.666
28,8,948.0,382.0,225.0,142.0,1.0,3,0.015
28,9,53.0,288.0,30.0,139.0,1.0,0,0.386
28,10,952.0,365.0,216.0,136.0,1.0,3,0.005
28,11,67.0,417.0,24.0,84.0,1.0,0,1.0
29,1,-45.0,244.0,215.0,113.0,1.0,0,0.636
29,2,905.0,422.0,175.0,110.0,1.0,3,0.314
29,3,30.0,292.0,49.0,82.0,1.0,0,1.0
29,4,821.0,341.0,302.0,190.0,1.0,3,0.342
29,5,74.0,374.0,172.0,90.0,1.0,0,0.939
29,6,772.0,340.0,298.0,188.0,1.0,3,0.167
29,7,171.0,287.0,81.0,136.0,1.0,0,0.666
29,8,945.0,382.0,225.0,142.0,1.0,3,0.019
29,9,56.0,288.0,30.0,139.0,1.0,0,0.386
29,10,949.0,365.0,216.0,136.0,1.0,3,0.006
29,11,70.0,417.0,24.0,84.0,1.0,0,1.0
30,1,-43.0,244.0,215.0,113.0,1.0,0,0.643
30,2,901.0,422.0,175.0,110.0,1.0,3,0.337
30,3,33.0,292.0,50.0,83.0,1.0,0,0.998
30,4,819.0,341.0,302.0,190.0,1.0,3,0.338
30,5,76.0,374.0,172.0,90.0,1.0,0,0.939
30,6,769.0,340.0,298.0,188.0,1.0,3,0.17
30,7,174.0,287.0,81.0,136.0,1.0,0,0.671
30,8,941.0,382.0,225.0,142.0,1.0,3,0.024
30,9,60.0,288.0,30.0,139.0,1.0,0,0.356
30,10,946.0,366.0,216.0,136.0,1.0,3,0.008
30,11,72.0,417.0,24.0,84.0,1.0,0,1.0
31,1,-40.0,245.0,215.0,113.0,1.0,0,0.654
31,2,898.0,422.0,175.0,110.0,1.0,3,0.354
31,3,36.0,292.0,50.0,83.0,1.0,0,0.998
31,4,817.0,340.0,302.0,190.0,1.0,3,0.337
31,5,79.0,374.0,172.0,90.0,1.0,0,0.938
31,6,765.0,340.0,298.0,188.0,1.0,3,0.174
31,7,177.0,287.0,81.0,136.0,1.0,0,0.671
31,8,938.0,382.0,225.0,142.0,1.0,3,0.028
31,9,63.0,288.0,30.0,139.0,1.0,0,0.355
31,10,943.0,366.0,216.0,136.0,1.0,3,0.009
31,11,75.0,416.0,24.0,84.0,1.0,0,1.0
32,1,-38.0,245.0,215.0,113.0,1.0,0,0.657
32,2,894.0,422.0,175.0,110.0,1.0,3,0.377
32,3,38.0,291.0,50.0,83.0,1.0,0,1.0
32,4,815.0,340.0,302.0,190.0,1.0,3,0.332
32,5,82.0,374.0,172.0,90.0,1.0,0,0.938
32,6,762.0,340.0,298.0,188.0,1.0,3,0.178
32,7,179.0,287.0,81.0,136.0,1.0,0,0.666
32,8,934.0,382.0,225.0,142.0,1.0,3,0.033
32,9,67.0,288.0,30.0,139.0,1.0,0,0.381
32,10,940.0,366.0,216.0,136.0,1.0,3,0.011
32,11,78.0,416.0,24.0,84.0,1.0,0,1.0
33,1,-36.0,245.0,215.0,113.0,1.0,0,0.666
33,2,891.0,423.0,175.0,110.0,1.0,3,0.394
33,3,41.0,291.0,50.0,83.0,1.0,0,1.0
33,4,813.0,340.0,302.0,190.0,1.0,3,0.003
33,5,84.0,374.0,172.0,90.0,1.0,0,0.935
33,6,759.0,340.0,298.0,188.0,1.0,3,0.517
33,7,182.0,287.0,81.0,136.0,1.0,0,0.671
33,8,931.0,382.0,225.0,142.0,1.0,3,0.037
33,9,70.0,288.0,30.0,139.0,1.0,0,0.371
33,10,937.0,366.0,216.0,136.0,1.0,3,0.013
33,11,81.0,416.0,24.0,84.0,1.0,0,1.0
34,1,-33.0,245.0,215.0,113.0,1.0,0,0.677
34,2,887.0,423.0,175.0,110.0,1.0,3,0.417
34,3,44.0,291.0,50.0,83.0,1.0,0,1.0
34,4,811.0,340.0,302.0,190.0,1.0,3,0.003
34,5,87.0,374.0,172.0,90.0,1.0,0,0.935
34,6,756.0,340.0,298.0,188.0,1.0,3,0.516
34,7,185.0,287.0,81.0,136.0,1.0,0,0.671
34,8,927.0,381.0,225.0,142.0,1.0,3,0.043
34,9,74.0,288.0,30.0,139.0,1.0,0,0.378
34,10,934.0,366.0,216.0,136.0,1.0,3,0.013
34,11,84.0,416.0,24.0,84.0,1.0,0,1.0
35,1,-31.0,245.0,215.0,113.0,1.0,0,0.685
35,2,884.0,423.0,175.0,110.0,1.0,3,0.434
35,3,47.0,291.0,50.0,83.0,1.0,0,1.0
35,4,809.0,340.0,302.0,190.0,1.0,3,0.003
35,5,89.0,374.0,172.0,90.0,1.0,0,0.932
35,6,753.0,340.0,298.0,188.0,1.0,3,0.518
35,7,188.0,287.0,81.0,136.0,1.0,0,0.675
35,8,924.0,381.0,225.0,142.0,1.0,3,0.047
35,9,77.0,287.0,30.0,139.0,1.0,0,0.373
35,10,931.0,367.0,216.0,136.0,1.0,3,0.014
35,11,87.0,416.0,24.0,84.0,1.0,0,1.0
36,1,-29.0,245.0,215.0,113.0,1.0,0,0.693
36,2,880.0,423.0,175.0,110.0,1.0,3,0.457
36,3,50.0,290.0,50.0,83.0,1.0,0,1.0
36,4,806.0,339.0,302.0,190.0,1.0,3,0.004
36,5,92.0,374.0,172.0,90.0,1.0,0,0.934
36,6,750.0,340.0,298.0,188.0,1.0,3,0.517
36,7,191.0,287.0,81.0,136.0,1.0,0,0.675
36,8,920.0,381.0,225.0,142.0,1.0,3,0.053
36,9,80.0,287.0,30.0,139.0,1.0,0,0.37
36,10,928.0,367.0,216.0,136.0,1.0,3,0.015
36,11,89.0,415.0,24.0,84.0,1.0,0,1.0
37,1,-26.0,245.0,215.0,113.0,1.0,0,0.705
37,2,877.0,424.0,175.0,110.0,1.0,3,0.474
37,3,53.0,290.0,50.0,83.0,1.0,0,1.0
37,4,804.0,339.0,302.0,190.0,1.0,3,0.004
37,5,95.0,374.0,172.0,90.0,1.0,0,0.934
37,6,747.0,340.0,298.0,188.0,1.0,3,0.519
37,7,194.0,287.0,81.0,136.0,1.0,0,0.675
37,8,917.0,381.0,225.0,142.0,1.0,3,0.058
37,9,84.0,287.0,30.0,139.0,1.0,0,0.377
37,10,925.0,367.0,216.0,136.0,1.0,3,0.017
37,11,92.0,415.0,24.0,84.0,1.0,0,1.0
38,1,-24.0,245.0,215.0,113.0,1.0,0,0.711
38,2,873.0,424.0,175.0,110.0,1.0,3,0.497
38,3,55.0,290.0,50.0,83.0,1.0,0,1.0
38,4,802.0,339.0,302.0,190.0,1.0,3,0.005
38,5,97.0,374.0,172.0,90.0,1.0,0,0.93
38,6,743.0,340.0,297.0,187.0,1.0,3,0.523
38,7,197.0,288.0,81.0,136.0,1.0,0,0.673
38,8,913.0,381.0,225.0,142.0,1.0,3,0.063
38,9,87.0,287.0,30.0,139.0,1.0,0,0.387
38,10,922.0,367.0,216.0,136.0,1.0,3,0.018
38,11,95.0,415.0,24.0,84.0,1.0,0,1.0
39,1,-22.0,245.0,215.0,113.0,1.0,0,0.718
39,2,870.0,424.0,173.0,109.0,1.0,3,0.52
39,3,58.0,290.0,50.0,83.0,1.0,0,1.0
39,4,800.0,339.0,302.0,190.0,1.0,3,0.007
39,5,100.0,374.0,172.0,90.0,1.0,0,0.93
39,6,740.0,341.0,297.0,187.0,1.0,3,0.524
39,7,200.0,288.0,81.0,136.0,1.0,0,0.673
39,8,910.0,381.0,225.0,142.0,1.0,3,0.067
39,9,91.0,287.0,30.0,139.0,1.0,0,0.394
39,10,920.0,368.0,216.0,136.0,1.0,3,0.018
39,11,98.0,415.0,24.0,84.0,1.0,0,1.0
40,1,-19.0,246.0,215.0,113.0,1.0,0,0.728
40,2,866.0,424.0,173.0,109.0,1.0,3,0.543
40,3,61.0,289.0,50.0,83.0,1.0,0,1.0
40,4,798.0,339.0,302.0,190.0,1.0,3,0.007
40,5,102.0,374.0,172.0,90.0,1.0,0,0.927
40,6,737.0,341.0,297.0,187.0,1.0,3,0.523
40,7,203.0,288.0,81.0,136.0,1.0,0,0.678
40,8,906.0,381.0,227.0,143.0,1.0,3,0.072
40,9,94.0,287.0,30.0,139.0,1.0,0,0.385
40,10,917.0,368.0,216.0,136.0,1.0,3,0.019
40,11,101.0,415.0,24.0,84.0,1.0,0,1.0
41,1,-17.0,246.0,215.0,113.0,1.0,0,0.734
41,2,862.0,425.0,173.0,109.0,1.0,3,0.566
41,3,64.0,289.0,50.0,83.0,1.0,0,1.0
41,4,796.0,338.0,302.0,190.0,1.0,3,0.009
41,5,105.0,375.0,172.0,90.0,1.0,0,0.928
41,6,734.0,341.0,297.0,187.0,1.0,3,0.523
41,7,205.0,288.0,82.0,137.0,1.0,0,0.68
41,8,903.0,381.0,227.0,143.0,1.0,3,0.077
41,9,98.0,287.0,30.0,139.0,1.0,0,0.394
41,10,914.0,368.0,216.0,136.0,1.0,3,0.02
41,11,103.0,414.0,24.0,84.0,1.0,0,1.0
42,1,-15.0,246.0,215.0,113.0,1.0,0,0.742
42,2,859.0,425.0,173.0,109.0,1.0,3,0.584
42,3,67.0,289.0,50.0,83.0,1.0,0,1.0
42,4,794.0,338.0,302.0,190.0,1.0,3,0.009
42,5,108.0,375.0,172.0,90.0,1.0,0,0.928
42,6,731.0,341.0,297.0,187.0,1.0,3,0.524
42,7,208.0,288.0,82.0,137.0,1.0,0,0.68
42,8,899.0,381.0,227.0,143.0,1.0,3,0.083
42,9,101.0,286.0,30.0,139.0,1.0,0,0.4
42,10,911.0,368.0,216.0,136.0,1.0,3,0.022
42,11,106.0,414.0,24.0,84.0,1.0,0,1.0
43,1,-12.0,246.0,215.0,113.0,1.0,0,0.753
43,2,855.0,425.0,173.0,109.0,1.0,3,0.607
43,3,70.0,289.0,50.0,84.0,1.0,0,1.0
43,4,792.0,338.0,302.0,190.0,1.0,3,0.009
43,5,110.0,375.0,172.0,90.0,1.0,0,0.924
43,6,728.0,341.0,297.0,187.0,1.0,3,0.524
43,7,211.0,288.0,82.0,137.0,1.0,0,0.684
43,8,896.0,380.0,227.0,143.0,1.0,3,0.089
43,9,105.0,286.0,30.0,139.0,1.0,0,0.395
43,10,908.0,369.0,216.0,136.0,1.0,3,0.019
43,11,109.0,414.0,24.0,84.0,1.0,0,1.0
44,1,-10.0,246.0,215.0,113.0,1.0,0,0.758
44,2,852.0,425.0,173.0,109.0,1.0,3,0.624
44,3,72.0,288.0,50.0,84.0,1.0,0,1.0
44,4,790.0,338.0,302.0,190.0,1.0,3,0.009
44,5,113.0,375.0,172.0,90.0,1.0,0,0.924
44,6,725.0,341.0,297.0,187.0,1.0,3,0.525
44,7,214.0,288.0,82.0,137.0,1.0,0,0.684
44,8,892.0,380.0,227.0,143.0,1.0,3,0.094
44,9,108.0,286.0,30.0,139.0,1.0,0,0.416
44,10,905.0,369.0,216.0,136.0,1.0,3,0.021
44,11,112.0,414.0,24.0,84.0,1.0,0,1.0
45,1,-8.0,246.0,217.0,114.0,1.0,0,0.766
45,2,848.0,426.0,173.0,109.0,1.0,3,0.647
45,3,75.0,288.0,50.0,84.0,1.0,0,1.0
45,4,788.0,338.0,302.0,190.0,1.0,3,0.009
45,5,115.0,375.0,172.0,90.0,1.0,0,0.921
45,6,721.0,341.0,297.0,187.0,1.0,3,0.529
45,7,217.0,288.0,82.0,137.0,1.0,0,0.688
45,8,889.0,380.0,227.0,143.0,1.0,3,0.101
45,9,112.0,286.0,30.0,139.0,1.0,0,0.414
45,10,902.0,369.0,216.0,136.0,1.0,3,0.022
45,11,115.0,414.0,24.0,84.0,1.0,0,1.0
46,1,-5.0,246.0,217.0,114.0,1.0,0,0.78
46,2,845.0,426.0,173.0,109.0,1.0,3,0.665
46,3,78.0,288.0,50.0,84.0,1.0,0,1.0
46,4,786.0,337.0,302.0,190.0,1.0,3,0.012
46,5,118.0,375.0,172.0,90.0,1.0,0,0.923
46,6,718.0,341.0,297.0,187.0,1.0,3,0.529
46,7,220.0,288.0,82.0,137.0,1.0,0,0.688
46,8,885.0,380.0,227.0,143.0,1.0,3,0.106
46,9,115.0,286.0,30.0,139.0,1.0,0,0.412
46,10,899.0,369.0,216.0,136.0,1.0,3,0.023
46,11,117.0,413.0,24.0,84.0,1.0,0,1.0
47,1,-3.0,246.0,217.0,114.0,1.0,0,0.786
47,2,841.0,426.0,173.0,109.0,1.0,3,0.688
47,3,81.0,288.0,50.0,84.0,1.0,0,1.0
47,4,784.0,337.0,302.0,190.0,1.0,3,0.012
47,5,121.0,375.0,172.0,90.0,1.0,0,0.923
47,6,715.0,341.0,297.0,187.0,1.0,3,0.529
47,7,223.0,288.0,82.0,137.0,1.0,0,0.688
47,8,882.0,380.0,227.0,143.0,1.0,3,0.111
47,9,119.0,286.0,30.0,139.0,1.0,0,0.42
47,10,896.0,369.0,216.0,136.0,1.0,3,0.024
47,11,120.0,413.0,24.0,84.0,1.0,0,1.0
48,1,-1.0,247.0,217.0,114.0,1.0,0,0.792
48,2,838.0,426.0,173.0,109.0,1.0,3,0.705
48,3,84.0,288.0,50.0,84.0,1.0,0,1.0
48,4,782.0,337.0,302.0,190.0,1.0,3,0.016
48,5,123.0,375.0,173.0,91.0,1.0,0,0.919
48,6,712.0,342.0,297.0,187.0,1.0,3,0.53
48,7,226.0,288.0,82.0,137.0,1.0,0,0.688
48,8,879.0,380.0,227.0,143.0,1.0,3,0.115
48,9,122.0,286.0,30.0,139.0,1.0,0,0.411
48,10,893.0,370.0,216.0,136.0,1.0,3,0.023
48,11,123.0,413.0,24.0,84.0,1.0,0,1.0
49,1,2.0,247.0,217.0,114.0,1.0,0,0.792
49,2,834.0,427.0,173.0,109.0,1.0,3,0.728
49,3,87.0,287.0,50.0,84.0,1.0,0,1.0
49,4,780.0,337.0,302.0,190.0,1.0,3,0.016
49,5,126.0,375.0,173.0,91.0,1.0,0,0.919
49,6,709.0,342.0,297.0,187.0,1.0,3,0.529
49,7,229.0,288.0,82.0,137.0,1.0,0,0.688
49,8,875.0,380.0,227.0,143.0,1.0,3,0.123
49,9,126.0,286.0,30.0,139.0,1.0,0,0.419
49,10,890.0,370.0,216.0,136.0,1.0,3,0.024
49,11,126.0,413.0,24.0,84.0,1.0,0,1.0
50,1,4.0,247.0,217.0,114.0,1.0,0,0.785
50,2,831.0,427.0,173.0,109.0,1.0,3,0.746
50,3,89.0,287.0,50.0,84.0,1.0,0,1.0
50,4,778.0,337.0,302.0,190.0,1.0,3,0.016
50,5,129.0,375.0,173.0,91.0,1.0,0,0.919
50,6,706.0,342.0,297.0,187.0,1.0,3,0.531
50,7,232.0,288.0,82.0,137.0,1.0,0,0.688
50,8,872.0,380.0,227.0,143.0,1.0,3,0.127
50,9,129.0,285.0,31.0,140.0,1.0,0,0.449
50,10,887.0,370.0,217.0,137.0,1.0,3,0.025
50,11,129.0,413.0,24.0,84.0,1.0,0,1.0
51,1,6.0,247.0,217.0,114.0,1.0,0,0.782
51,2,827.0,427.0,173.0,109.0,1.0,3,0.769
51,3,92.0,287.0,50.0,84.0,1.0,0,1.0
51,4,776.0,337.0,302.0,190.0,1.0,3,0.016
51,5,131.0,375.0,173.0,91.0,1.0,0,0.918
51,6,703.0,342.0,297.0,187.0,1.0,3,0.529
51,7,234.0,288.0,82.0,137.0,1.0,0,0.688
51,8,868.0,379.0,229.0,144.0,1.0,3,0.134
51,9,133.0,285.0,31.0,140.0,1.0,0,0.469
51,10,884.0,370.0,217.0,137.0,1.0,3,0.023
51,11,132.0,412.0,24.0,84.0,1.0,0,1.0
52,1,8.0,247.0,217.0,114.0,1.0,0,0.782
52,2,823.0,427.0,173.0,109.0,1.0,3,0.792
52,3,95.0,287.0,50.0,84.0,1.0,0,1.0
52,4,774.0,336.0,302.0,190.0,1.0,3,0.019
52,5,134.0,375.0,173.0,91.0,1.0,0,0.918
52,6,699.0,342.0,297.0,187.0,1.0,3,0.534
52,7,237.0,288.0,82.0,137.0,1.0,0,0.688
52,8,865.0,379.0,229.0,144.0,1.0,3,0.138
52,9,136.0,285.0,31.0,140.0,1.0,0,0.469
52,10,881.0,371.0,217.0,137.0,1.0,3,0.021
52,11,134.0,412.0,24.0,84.0,1.0,0,1.0
53,1,11.0,247.0,217.0,114.0,1.0,0,0.777
53,2,820.0,427.0,173.0,109.0,1.0,3,0.809
53,3,98.0,286.0,50.0,84.0,1.0,0,1.0
53,4,772.0,336.0,302.0,190.0,1.0,3,0.02
53,5,136.0,375.0,173.0,91.0,1.0,0,0.918
53,6,696.0,342.0,297.0,187.0,1.0,3,0.534
53,7,240.0,288.0,82.0,137.0,1.0,0,0.693
53,8,861.0,379.0,229.0,144.0,1.0,3,0.144
53,9,140.0,285.0,31.0,140.0,1.0,0,0.488
53,10,878.0,371.0,217.0,137.0,1.0,3,0.022
53,11,137.0,412.0,24.0,84.0,1.0,0,1.0
54,1,13.0,247.0,217.0,114.0,1.0,0,0.777
54,2,816.0,428.0,173.0,109.0,1.0,3,0.832
54,3,101.0,286.0,50.0,84.0,1.0,0,1.0
54,4,770.0,336.0,302.0,190.0,1.0,3,0.02
54,5,139.0,375.0,173.0,91.0,1.0,0,0.918
54,6,693.0,342.0,297.0,187.0,1.0,3,0.535
54,7,243.0,289.0,82.0,137.0,1.0,0,0.687
54,8,858.0,379.0,229.0,144.0,1.0,3,0.152
54,9,143.0,285.0,31.0,140.0,1.0,0,0.488
54,10,875.0,371.0,217.0,137.0,1.0,3,0.023
54,11,140.0,412.0,24.0,84.0,1.0,0,1.0
55,1,15.0,247.0,217.0,114.0,1.0,0,0.774
55,2,813.0,428.0,173.0,109.0,1.0,3,0.85
55,3,104.0,286.0,50.0,84.0,1.0,0,1.0
55,4,768.0,336.0,302.0,190.0,1.0,3,0.02
55,5,142.0,375.0,173.0,91.0,1.0,0,0.918
55,6,690.0,342.0,297.0,187.0,1.0,3,0.536
55,7,246.0,289.0,82.0,137.0,1.0,0,0.687
55,8,854.0,379.0,229.0,144.0,1.0,3,0.158
55,9,147.0,285.0,31.0,140.0,1.0,0,0.507
55,10,873.0,371.0,217.0,137.0,1.0,3,0.023
55,11,143.0,412.0,24.0,84.0,1.0,0,1.0
56,1,18.0,247.0,217.0,114.0,1.0,0,0.771
56,2,809.0,428.0,171.0,108.0,1.0,3,0.883
56,3,106.0,286.0,50.0,84.0,1.0,0,1.0
56,4,766.0,336.0,302.0,190.0,1.0,3,0.02
56,5,144.0,375.0,173.0,91.0,1.0,0,0.916
56,6,687.0,342.0,295.0,186.0,1.0,3,0.54
56,7,249.0,289.0,82.0,137.0,1.0,0,0.691
56,8,851.0,379.0,229.0,144.0,1.0,3,0.162
56,9,150.0,285.0,31.0,140.0,1.0,0,0.527
56,10,870.0,371.0,217.0,137.0,1.0,3,0.024
56,11,146.0,411.0,24.0,84.0,1.0,0,1.0
57,1,20.0,248.0,217.0,114.0,1.0,0,0.762
57,2,806.0,428.0,171.0,108.0,1.0,3,0.901
57,3,109.0,285.0,51.0,85.0,1.0,0,1.0
57,4,763.0,335.0,302.0,190.0,1.0,3,0.027
57,5,147.0,375.0,173.0,91.0,1.0,0,0.916
57,6,684.0,343.0,295.0,186.0,1.0,3,0.539
57,7,252.0,289.0,82.0,137.0,1.0,0,0.691
57,8,847.0,379.0,229.0,144.0,1.0,3,0.168
57,9,154.0,284.0,31.0,140.0,1.0,0,0.532
57,10,867.0,372.0,217.0,137.0,1.0,3,0.022
57,11,148.0,411.0,24.0,84.0,1.0,0,1.0
58,1,22.0,248.0,217.0,114.0,1.0,0,0.762
58,2,802.0,429.0,171.0,108.0,1.0,3,0.924
58,3,112.0,285.0,51.0,85.0,1.0,0,1.0
58,4,761.0,335.0,302.0,190.0,1.0,3,0.028
58,5,149.0,375.0,173.0,91.0,1.0,0,0.916
58,6,681.0,343.0,295.0,186.0,1.0,3,0.54
58,7,255.0,289.0,82.0,137.0,1.0,0,0.696
58,8,844.0,379.0,229.0,144.0,1.0,3,0.176
58,9,157.0,284.0,31.0,140.0,1.0,0,0.532
58,10,864.0,372.0,217.0,137.0,1.0,3,0.023
58,11,151.0,411.0,24.0,84.0,1.0,0,1.0
59,1,25.0,248.0,217.0,114.0,1.0,0,0.759
59,2,799.0,429.0,171.0,108.0,1.0,3,0.942
59,3,115.0,285.0,51.0,85.0,1.0,0,1.0
59,4,759.0,335.0,302.0,190.0,1.0,3,0.028
59,5,152.0,375.0,173.0,91.0,1.0,0,0.916
59,6,677.0,343.0,295.0,186.0,1.0,3,0.544
59,7,258.0,289.0,82.0,137.0,1.0,0,0.696
59,8,840.0,379.0,229.0,144.0,1.0,3,0.182
59,9,161.0,284.0,31.0,140.0,1.0,0,0.552
59,10,861.0,372.0,217.0,137.0,1.0,3,0.023
59,11,154.0,411.0,24.0,85.0,1.0,0,1.0
60,1,27.0,248.0,217.0,114.0,1.0,0,0.759
60,2,795.0,429.0,171.0,108.0,1.0,3,0.965
60,3,118.0,285.0,51.0,85.0,1.0,0,1.0
60,4,757.0,335.0,300.0,189.0,1.0,3,0.029
60,5,155.0,375.0,173.0,91.0,1.0,0,0.916
60,6,674.0,343.0,295.0,186.0,1.0,3,0.543
60,7,260.0,289.0,82.0,137.0,1.0,0,0.691
60,8,837.0,378.0,229.0,144.0,1.0,3,0.19
60,9,164.0,284.0,31.0,140.0,1.0,0,0.552
60,10,858.0,372.0,217.0,137.0,1.0,3,0.021
60,11,157.0,411.0,24.0,85.0,1.0,0,1.0
61,1,29.0,248.0,219.0,115.0,1.0,0,0.755
61,2,792.0,429.0,171.0,108.0,1.0,3,0.982
61,3,121.0,284.0,51.0,85.0,1.0,0,1.0
61,4,755.0,335.0,300.0,189.0,1.0,3,0.029
61,5,157.0,375.0,173.0,91.0,1.0,0,0.915
61,6,671.0,343.0,295.0,186.0,1.0,3,0.546
61,7,263.0,289.0,82.0,137.0,1.0,0,0.696
61,8,833.0,378.0,229.0,144.0,1.0,3,0.196
61,9,168.0,284.0,31.0,140.0,1.0,0,0.572
61,10,855.0,373.0,217.0,137.0,1.0,3,0.018
61,11,160.0,410.0,24.0,85.0,1.0,0,1.0
62,1,32.0,248.0,219.0,115.0,1.0,0,0.752
62,2,788.0,430.0,171.0,108.0,1.0,3,1.0
62,3,123.0,284.0,51.0,85.0,1.0,0,1.0
62,4,753.0,334.0,300.0,189.0,1.0,3,0.033
62,5,160.0,375.0,173.0,91.0,1.0,0,0.915
62,6,668.0,343.0,295.0,186.0,1.0,3,0.547
62,7,266.0,289.0,82.0,137.0,1.0,0,0.696
62,8,830.0,378.0,229.0,144.0,1.0,3,0.208
62,9,171.0,284.0,31.0,140.0,1.0,0,0.591
62,10,852.0,373.0,217.0,137.0,1.0,3,0.018
62,11,162.0,410.0,24.0,85.0,1.0,0,1.0
63,1,34.0,248.0,219.0,115.0,1.0,0,0.752
63,2,784.0,430.0,171.0,108.0,1.0,3,1.0
63,3,126.0,284.0,51.0,85.0,1.0,0,1.0
63,4,751.0,334.0,300.0,189.0,1.0,3,0.033
63,5,162.0,375.0,173.0,91.0,1.0,0,0.915
63,6,665.0,343.0,295.0,186.0,1.0,3,0.546
63,7,269.0,289.0,82.0,137.0,1.0,0,0.7
63,8,826.0,378.0,230.0,145.0,1.0,3,0.223
63,9,174.0,284.0,31.0,140.0,1.0,0,0.591
63,10,849.0,373.0,217.0,137.0,1.0,3,0.019
63,11,165.0,410.0,24.0,85.0,1.0,0,1.0
64,1,36.0,248.0,219.0,115.0,1.0,0,0.749
64,2,781.0,430.0,171.0,108.0,1.0,3,1.0
64,3,129.0,284.0,51.0,85.0,1.0,0,1.0
64,4,749.0,334.0,300.0,189.0,1.0,3,0.035
64,5,165.0,376.0,173.0,91.0,1.0,0,0.913
64,6,662.0,343.0,295.0,186.0,1.0,3,0.546
64,7,272.0,289.0,82.0,137.0,1.0,0,0.706
64,8,823.0,378.0,230.0,145.0,1.0,3,0.236
64,9,178.0,284.0,31.0,140.0,1.0,0,0.618
64,10,846.0,373.0,217.0,137.0,1.0,3,0.019
64,11,168.0,410.0,24.0,85.0,1.0,0,1.0
65,1,39.0,249.0,219.0,115.0,1.0,0,0.745
65,2,777.0,430.0,171.0,108.0,1.0,3,1.0
65,3,132.0,284.0,51.0,85.0,1.0,0,1.0
65,4,747.0,334.0,300.0,189.0,1.0,3,0.037
65,5,168.0,376.0,173.0,91.0,1.0,0,0.913
65,6,659.0,343.0,295.0,186.0,1.0,3,0.545
65,7,275.0,289.0,82.0,137.0,1.0,0,0.706
65,8,819.0,378.0,230.0,145.0,1.0,3,0.253
65,9,181.0,283.0,31.0,140.0,1.0,0,0.625
65,10,843.0,374.0,217.0,137.0,1.0,3,0.016
65,11,171.0,410.0,24.0,85.0,1.0,0,1.0
66,1,41.0,249.0,219.0,115.0,1.0,0,0.739
66,2,774.0,431.0,171.0,108.0,1.0,3,1.0
66,3,135.0,283.0,51.0,85.0,1.0,0,1.0
66,4,745.0,334.0,300.0,189.0,1.0,3,0.043
66,5,170.0,376.0,173.0,91.0,1.0,0,0.912
66,6,655.0,344.0,295.0,186.0,1.0,3,0.546
66,7,278.0,289.0,82.0,138.0,1.0,0,0.707
66,8,816.0,378.0,230.0,145.0,1.0,3,0.27
66,9,185.0,283.0,31.0,140.0,1.0,0,0.645
66,10,840.0,374.0,217.0,137.0,1.0,3,0.016
66,11,174.0,409.0,24.0,85.0,1.0,0,1.0
67,1,43.0,249.0,219.0,115.0,1.0,0,0.739
67,2,770.0,431.0,171.0,108.0,1.0,3,1.0
67,3,138.0,283.0,51.0,85.0,1.0,0,0.98
67,4,743.0,334.0,300.0,189.0,1.0,3,0.045
67,5,173.0,376.0,173.0,91.0,1.0,0,0.912
67,6,652.0,344.0,295.0,186.0,1.0,3,0.543
67,7,281.0,289.0,82.0,138.0,1.0,0,0.707
67,8,812.0,378.0,230.0,145.0,1.0,3,0.288
67,9,188.0,283.0,31.0,140.0,1.0,0,0.664
67,10,837.0,374.0,217.0,137.0,1.0,3,0.017
67,11,176.0,409.0,24.0,85.0,1.0,0,1.0
68,1,46.0,249.0,219.0,115.0,1.0,0,0.736
68,2,767.0,431.0,171.0,108.0,1.0,3,1.0
68,3,140.0,283.0,51.0,85.0,1.0,0,1.0
68,4,741.0,333.0,300.0,189.0,1.0,3,0.051
68,5,175.0,376.0,173.0,91.0,1.0,0,0.912
68,6,649.0,344.0,295.0,186.0,1.0,3,0.543
68,7,284.0,289.0,82.0,138.0,1.0,0,0.712
68,8,809.0,377.0,230.0,145.0,1.0,3,0.305
68,9,192.0,283.0,31.0,140.0,1.0,0,0.664
68,10,834.0,374.0,217.0,137.0,1.0,3,0.013
68,11,179.0,409.0,24.0,85.0,1.0,0,1.0
69,1,48.0,249.0,219.0,115.0,1.0,0,0.736
69,2,763.0,431.0,171.0,108.0,1.0,3,1.0
69,3,143.0,283.0,51.0,85.0,1.0,0,1.0
69,4,739.0,333.0,300.0,189.0,1.0,3,0.053
69,5,178.0,376.0,173.0,91.0,1.0,0,0.912
69,6,646.0,344.0,295.0,186.0,1.0,3,0.54
69,7,286.0,290.0,82.0,138.0,1.0,0,0.701
69,8,805.0,377.0,230.0,145.0,1.0,3,0.322
69,9,195.0,283.0,31.0,140.0,1.0,0,0.664
69,10,831.0,374.0,217.0,137.0,1.0,3,0.013
69,11,182.0,409.0,24.0,85.0,1.0,0,1.0
70,1,50.0,249.0,219.0,115.0,1.0,0,0.734
70,2,760.0,432.0,171.0,108.0,1.0,3,1.0
70,3,146.0,282.0,51.0,85.0,1.0,0,1.0
70,4,737.0,333.0,300.0,189.0,1.0,3,0.055
70,5,181.0,376.0,173.0,91.0,1.0,0,0.91
70,6,643.0,344.0,295.0,186.0,1.0,3,0.543
70,7,289.0,290.0,82.0,138.0,1.0,0,0.701
70,8,802.0,377.0,230.0,145.0,1.0,3,0.339
70,9,199.0,283.0,31.0,140.0,1.0,0,0.664
70,10,829.0,375.0,217.0,137.0,1.0,3,0.009
70,11,185.0,408.0,24.0,85.0,1.0,0,1.0
71,1,53.0,249.0,219.0,115.0,1.0,0,0.734
71,2,756.0,432.0,171.0,108.0,1.0,3,1.0
71,3,149.0,282.0,51.0,86.0,1.0,0,1.0
71,4,735.0,333.0,300.0,189.0,1.0,3,0.057
71,5,183.0,376.0,173.0,91.0,1.0,0,0.91
71,6,640.0,344.0,295.0,186.0,1.0,3,0.54
71,7,292.0,290.0,82.0,138.0,1.0,0,0.706
71,8,798.0,377.0,230.0,145.0,1.0,3,0.356
71,9,202.0,283.0,31.0,140.0,1.0,0,0.664
71,10,826.0,375.0,217.0,137.0,1.0,3,0.009
71,11,188.0,408.0,24.0,85.0,1.0,0,1.0
72,1,55.0,249.0,219.0,115.0,1.0,0,0.733
72,2,753.0,432.0,171.0,108.0,1.0,3,1.0
72,3,152.0,282.0,51.0,86.0,1.0,0,1.0
72,4,733.0,333.0,300.0,189.0,1.0,3,0.059
72,5,186.0,376.0,173.0,91.0,1.0,0,0.91
72,6,637.0,344.0,295.0,186.0,1.0,3,0.54
72,7,295.0,290.0,82.0,138.0,1.0,0,0.706
72,8,795.0,377.0,230.0,145.0,1.0,3,0.369
72,9,206.0,282.0,31.0,140.0,1.0,0,0.671
72,10,823.0,375.0,217.0,137.0,1.0,3,0.009
72,11,191.0,408.0,24.0,85.0,1.0,0,1.0
73,1,57.0,249.0,219.0,115.0,1.0,0,0.733
73,2,749.0,432.0,171.0,108.0,1.0,3,1.0
73,3,155.0,282.0,51.0,86.0,1.0,0,1.0
73,4,731.0,332.0,300.0,189.0,1.0,3,0.066
73,5,188.0,376.0,173.0,91.0,1.0,0,0.91
73,6,633.0,344.0,295.0,186.0,1.0,3,0.54
73,7,298.0,290.0,82.0,138.0,1.0,0,0.71
73,8,791.0,377.0,230.0,145.0,1.0,3,0.387
73,9,209.0,282.0,31.0,140.0,1.0,0,0.671
73,10,820.0,375.0,219.0,138.0,1.0,3,0.009
73,11,193.0,408.0,24.0,85.0,1.0,0,1.0
74,1,60.0,250.0,219.0,115.0,1.0,0,0.728
74,2,745.0,432.0,170.0,107.0,1.0,3,1.0
74,3,157.0,281.0,51.0,86.0,1.0,0,1.0
74,4,729.0,332.0,300.0,189.0,1.0,3,0.069
74,5,191.0,376.0,173.0,91.0,1.0,0,0.91
74,6,630.0,344.0,294.0,185.0,1.0,3,0.542
74,7,301.0,290.0,82.0,138.0,1.0,0,0.71
74,8,788.0,377.0,230.0,145.0,1.0,3,0.405
74,9,213.0,282.0,31.0,140.0,1.0,0,0.671
74,10,817.0,376.0,219.0,138.0,1.0,3,0.005
74,11,196.0,408.0,24.0,85.0,1.0,0,1.0
75,1,62.0,250.0,219.0,115.0,1.0,0,0.728
75,2,742.0,433.0,170.0,107.0,1.0,3,1.0
75,3,160.0,281.0,51.0,86.0,1.0,0,1.0
75,4,727.0,332.0,300.0,189.0,1.0,3,0.071
75,5,194.0,376.0,173.0,91.0,1.0,0,0.909
75,6,627.0,344.0,294.0,185.0,1.0,3,0.542
75,7,304.0,290.0,82.0,138.0,1.0,0,0.71
75,8,784.0,377.0,232.0,146.0,1.0,3,0.419
75,9,216.0,282.0,31.0,140.0,1.0,0,0.671
75,10,814.0,376.0,219.0,138.0,1.0,3,0.005
75,11,199.0,407.0,24.0,85.0,1.0,0,1.0
76,1,64.0,250.0,219.0,115.0,1.0,0,0.728
76,2,738.0,433.0,170.0,107.0,1.0,3,1.0
76,3,163.0,281.0,51.0,86.0,1.0,0,1.0
76,4,725.0,332.0,300.0,189.0,1.0,3,0.077
76,5,196.0,376.0,173.0,91.0,1.0,0,0.909
76,6,624.0,345.0,294.0,185.0,1.0,3,0.537
76,7,307.0,290.0,82.0,138.0,1.0,0,0.715
76,8,781.0,376.0,232.0,146.0,1.0,3,0.438
76,9,220.0,282.0,31.0,140.0,1.0,0,0.671
76,10,811.0,376.0,219.0,138.0,1.0,3,0.0
76,11,202.0,407.0,24.0,85.0,1.0,0,1.0
77,1,67.0,250.0,221.0,116.0,1.0,0,0.729
77,2,735.0,433.0,170.0,107.0,1.0,3,1.0
77,3,166.0,281.0,51.0,86.0,1.0,0,1.0
77,4,723.0,332.0,300.0,189.0,1.0,3,0.079
77,5,199.0,376.0,173.0,91.0,1.0,0,0.909
77,6,621.0,345.0,294.0,185.0,1.0,3,0.536
77,7,310.0,290.0,82.0,138.0,1.0,0,0.715
77,8,777.0,376.0,232.0,146.0,1.0,3,0.452
77,9,223.0,282.0,31.0,140.0,1.0,0,0.671
77,10,808.0,376.0,219.0,138.0,1.0,3,0.0
77,11,205.0,407.0,24.0,85.0,1.0,0,1.0
78,1,69.0,250.0,221.0,116.0,1.0,0,0.727
78,2,731.0,433.0,170.0,107.0,1.0,3,1.0
78,3,169.0,280.0,51.0,86.0,1.0,0,1.0
78,4,720.0,331.0,300.0,189.0,1.0,3,0.086
78,5,201.0,376.0,175.0,92.0,1.0,0,0.909
78,6,618.0,345.0,294.0,185.0,1.0,3,0.534
78,7,313.0,290.0,82.0,138.0,1.0,0,0.71
78,8,774.0,376.0,232.0,146.0,1.0,3,0.066
78,9,227.0,282.0,31.0,140.0,1.0,0,0.671
78,10,805.0,376.0,219.0,138.0,1.0,3,0.45
78,11,207.0,407.0,24.0,85.0,1.0,0,1.0
79,1,71.0,250.0,221.0,116.0,1.0,0,0.726
79,2,728.0,434.0,170.0,107.0,1.0,3,0.991
79,3,172.0,280.0,51.0,86.0,1.0,0,1.0
79,4,718.0,331.0,300.0,189.0,1.0,3,0.088
79,5,204.0,376.0,175.0,92.0,1.0,0,0.909
79,6,615.0,345.0,294.0,185.0,1.0,3,0.534
79,7,315.0,290.0,82.0,138.0,1.0,0,0.706
79,8,770.0,376.0,232.0,146.0,1.0,3,0.072
79,9,230.0,281.0,31.0,140.0,1.0,0,0.679
79,10,802.0,377.0,219.0,138.0,1.0,3,0.464
79,11,210.0,407.0,24.0,85.0,1.0,0,1.0
80,1,73.0,250.0,221.0,116.0,1.0,0,0.726
80,2,724.0,434.0,170.0,107.0,1.0,3,0.991
80,3,174.0,280.0,51.0,86.0,1.0,0,1.0
80,4,716.0,331.0,300.0,189.0,1.0,3,0.09
80,5,207.0,376.0,175.0,92.0,1.0,0,0.908
80,6,611.0,345.0,294.0,185.0,1.0,3,0.535
80,7,318.0,290.0,82.0,138.0,1.0,0,0.706
80,8,767.0,376.0,232.0,146.0,1.0,3,0.073
80,9,234.0,281.0,31.0,141.0,1.0,0,0.674
80,10,799.0,377.0,219.0,138.0,1.0,3,0.481
80,11,213.0,406.0,24.0,85.0,1.0,0,1.0
81,1,76.0,250.0,221.0,116.0,1.0,0,0.726
81,2,721.0,434.0,170.0,107.0,1.0,3,0.991
81,3,177.0,280.0,51.0,86.0,1.0,0,1.0
81,4,714.0,331.0,300.0,189.0,1.0,3,0.092
81,5,209.0,376.0,175.0,92.0,1.0,0,0.908
81,6,608.0,345.0,294.0,185.0,1.0,3,0.534
81,7,321.0,290.0,82.0,138.0,1.0,0,0.71
81,8,763.0,376.0,232.0,146.0,1.0,3,0.076
81,9,237.0,281.0,31.0,141.0,1.0,0,0.674
81,10,796.0,377.0,219.0,138.0,1.0,3,0.494
81,11,216.0,406.0,24.0,85.0,1.0,0,1.0
82,1,78.0,251.0,221.0,116.0,1.0,0,0.725
82,2,717.0,434.0,170.0,107.0,1.0,3,0.991
82,3,180.0,280.0,51.0,86.0,1.0,0,1.0
82,4,712.0,331.0,300.0,189.0,1.0,3,0.095
82,5,212.0,376.0,175.0,92.0,1.0,0,0.908
82,6,605.0,345.0,294.0,185.0,1.0,3,0.532
82,7,324.0,290.0,82.0,138.0,1.0,0,0.71
82,8,760.0,376.0,232.0,146.0,1.0,3,0.077
82,9,241.0,281.0,31.0,141.0,1.0,0,0.674
82,10,793.0,377.0,219.0,138.0,1.0,3,0.511
82,11,219.0,406.0,24.0,85.0,1.0,0,1.0
83,1,80.0,251.0,221.0,116.0,1.0,0,0.725
83,2,714.0,435.0,170.0,107.0,1.0,3,0.981
83,3,183.0,279.0,51.0,86.0,1.0,0,1.0
83,4,710.0,331.0,300.0,189.0,1.0,3,0.097
83,5,214.0,376.0,175.0,92.0,1.0,0,0.908
83,6,602.0,345.0,294.0,185.0,1.0,3,0.532
83,7,327.0,290.0,82.0,138.0,1.0,0,0.715
83,8,756.0,376.0,232.0,146.0,1.0,3,0.083
83,9,244.0,281.0,31.0,141.0,1.0,0,0.674
83,10,790.0,378.0,219.0,138.0,1.0,3,0.524
83,11,221.0,406.0,24.0,85.0,1.0,0,1.0
84,1,83.0,251.0,221.0,116.0,1.0,0,0.72
84,2,710.0,435.0,170.0,107.0,1.0,3,0.981
84,3,186.0,279.0,52.0,87.0,1.0,0,1.0
84,4,708.0,330.0,300.0,189.0,1.0,3,0.103
84,5,217.0,376.0,175.0,92.0,1.0,0,0.908
84,6,599.0,345.0,294.0,185.0,1.0,3,0.53
84,7,330.0,291.0,82.0,138.0,1.0,0,0.71
84,8,753.0,376.0,232.0,146.0,1.0,3,0.084
84,9,248.0,281.0,31.0,141.0,1.0,0,0.674
84,10,787.0,378.0,219.0,138.0,1.0,3,0.541
84,11,224.0,406.0,24.0,85.0,1.0,0,1.0
85,1,85.0,251.0,221.0,116.0,1.0,0,0.72
85,2,706.0,435.0,170.0,107.0,1.0,3,0.981
85,3,189.0,279.0,52.0,87.0,1.0,0,1.0
85,4,706.0,330.0,300.0,189.0,1.0,3,0.107
85,5,220.0,376.0,175.0,92.0,1.0,0,0.906
85,6,596.0,346.0,294.0,185.0,1.0,3,0.522
85,7,333.0,291.0,82.0,138.0,1.0,0,0.71
85,8,749.0,375.0,232.0,146.0,1.0,3,0.09
85,9,251.0,281.0,31.0,141.0,1.0,0,0.674
85,10,784.0,378.0,219.0,138.0,1.0,3,0.557
85,11,227.0,405.0,24.0,85.0,1.0,0,1.0
86,1,87.0,251.0,221.0,116.0,1.0,0,0.72
86,2,703.0,435.0,170.0,107.0,1.0,3,0.981
86,3,191.0,279.0,52.0,87.0,1.0,0,1.0
86,4,704.0,330.0,300.0,189.0,1.0,3,0.11
86,5,222.0,377.0,175.0,92.0,1.0,0,0.905
86,6,592.0,346.0,294.0,185.0,1.0,3,0.525
86,7,336.0,291.0,82.0,138.0,1.0,0,0.72
86,8,746.0,375.0,232.0,146.0,1.0,3,0.092
86,9,255.0,281.0,31.0,141.0,1.0,0,0.681
86,10,782.0,378.0,219.0,138.0,1.0,3,0.569
86,11,230.0,405.0,24.0,85.0,1.0,0,1.0
87,1,90.0,251.0,221.0,116.0,1.0,0,0.718
87,2,699.0,436.0,170.0,107.0,1.0,3,0.972
87,3,194.0,278.0,52.0,87.0,1.0,0,1.0
87,4,702.0,330.0,300.0,189.0,1.0,3,0.112
87,5,225.0,377.0,175.0,92.0,1.0,0,0.905
87,6,589.0,346.0,294.0,185.0,1.0,3,0.523
87,7,339.0,291.0,82.0,138.0,1.0,0,0.72
87,8,742.0,375.0,233.0,147.0,1.0,3,0.1
87,9,258.0,280.0,31.0,141.0,1.0,0,0.688
87,10,779.0,379.0,219.0,138.0,1.0,3,0.585
87,11,233.0,405.0,24.0,85.0,1.0,0,1.0
88,1,92.0,251.0,221.0,116.0,1.0,0,0.718
88,2,696.0,436.0,170.0,107.0,1.0,3,0.972
88,3,197.0,278.0,52.0,87.0,1.0,0,1.0
88,4,700.0,330.0,300.0,189.0,1.0,3,0.114
88,5,227.0,377.0,175.0,92.0,1.0,0,0.905
88,6,586.0,346.0,294.0,185.0,1.0,3,0.523
88,7,341.0,291.0,82.0,138.0,1.0,0,0.72
88,8,739.0,375.0,233.0,147.0,1.0,3,0.101
88,9,261.0,280.0,31.0,141.0,1.0,0,0.688
88,10,776.0,379.0,219.0,138.0,1.0,3,0.599
88,11,236.0,405.0,24.0,85.0,1.0,0,1.0
89,1,94.0,251.0,221.0,116.0,1.0,0,0.718
89,2,692.0,436.0,170.0,107.0,1.0,3,0.972
89,3,200.0,278.0,52.0,87.0,1.0,0,1.0
89,4,698.0,329.0,300.0,189.0,1.0,3,0.121
89,5,230.0,377.0,175.0,92.0,1.0,0,0.905
89,6,583.0,346.0,294.0,185.0,1.0,3,0.52
89,7,344.0,291.0,82.0,138.0,1.0,0,0.72
89,8,735.0,375.0,233.0,147.0,1.0,3,0.104
89,9,265.0,280.0,31.0,141.0,1.0,0,0.688
89,10,773.0,379.0,219.0,138.0,1.0,3,0.615
89,11,238.0,405.0,24.0,85.0,1.0,0,1.0
90,1,97.0,251.0,221.0,116.0,1.0,0,0.718
90,2,689.0,436.0,170.0,107.0,1.0,3,0.972
90,3,203.0,278.0,52.0,87.0,1.0,0,1.0
90,4,696.0,329.0,300.0,189.0,1.0,3,0.123
90,5,233.0,377.0,175.0,92.0,1.0,0,0.903
90,6,580.0,346.0,294.0,185.0,1.0,3,0.52
90,7,347.0,291.0,83.0,139.0,1.0,0,0.72
90,8,732.0,375.0,233.0,147.0,1.0,3,0.105
90,9,268.0,280.0,31.0,141.0,1.0,0,0.688
90,10,770.0,379.0,219.0,138.0,1.0,3,0.629
90,11,241.0,404.0,24.0,85.0,1.0,0,1.0
91,1,99.0,252.0,221.0,116.0,1.0,0,0.717
91,2,685.0,437.0,168.0,106.0,1.0,3,0.972
91,3,206.0,277.0,52.0,87.0,1.0,0,1.0
91,4,694.0,329.0,300.0,189.0,1.0,3,0.125
91,5,235.0,377.0,175.0,92.0,1.0,0,0.903
91,6,577.0,346.0,294.0,185.0,1.0,3,0.519
91,7,350.0,291.0,83.0,139.0,1.0,0,0.724
91,8,728.0,375.0,233.0,147.0,1.0,3,0.109
91,9,272.0,280.0,31.0,141.0,1.0,0,0.688
91,10,767.0,379.0,219.0,138.0,1.0,3,0.654
91,11,244.0,404.0,24.0,85.0,1.0,0,1.0
92,1,101.0,252.0,221.0,116.0,1.0,0,0.717
92,2,682.0,437.0,168.0,106.0,1.0,3,0.972
92,3,208.0,277.0,52.0,87.0,1.0,0,1.0
92,4,692.0,329.0,300.0,189.0,1.0,3,0.129
92,5,238.0,377.0,175.0,92.0,1.0,0,0.903
92,6,574.0,346.0,292.0,184.0,1.0,3,0.521
92,7,353.0,291.0,83.0,139.0,1.0,0,0.724
92,8,725.0,375.0,233.0,147.0,1.0,3,0.112
92,9,275.0,280.0,31.0,141.0,1.0,0,0.688
92,10,764.0,380.0,219.0,138.0,1.0,3,0.664
92,11,247.0,404.0,24.0,85.0,1.0,0,1.0
93,1,104.0,252.0,223.0,117.0,1.0,0,0.721
93,2,678.0,437.0,168.0,106.0,1.0,3,0.972
93,3,211.0,277.0,52.0,87.0,1.0,0,1.0
93,4,690.0,329.0,300.0,189.0,1.0,3,0.13
93,5,240.0,377.0,175.0,92.0,1.0,0,0.903
93,6,570.0,346.0,292.0,184.0,1.0,3,0.519
93,7,356.0,291.0,83.0,139.0,1.0,0,0.729
93,8,721.0,374.0,233.0,147.0,1.0,3,0.117
93,9,279.0,280.0,31.0,141.0,1.0,0,0.688
93,10,761.0,380.0,219.0,138.0,1.0,3,0.681
93,11,250.0,404.0,24.0,85.0,1.0,0,1.0
94,1,106.0,252.0,223.0,117.0,1.0,0,0.72
94,2,675.0,437.0,168.0,106.0,1.0,3,0.972
94,3,214.0,277.0,52.0,87.0,1.0,0,1.0
94,4,688.0,328.0,300.0,189.0,1.0,3,0.14
94,5,243.0,377.0,175.0,92.0,1.0,0,0.899
94,6,567.0,347.0,292.0,184.0,1.0,3,0.516
94,7,359.0,291.0,83.0,139.0,1.0,0,0.729
94,8,718.0,374.0,233.0,147.0,1.0,3,0.117
94,9,282.0,279.0,31.0,141.0,1.0,0,0.695
94,10,758.0,380.0,219.0,138.0,1.0,3,0.695
94,11,252.0,404.0,25.0,86.0,1.0,0,1.0
95,1,108.0,252.0,223.0,117.0,1.0,0,0.72
95,2,671.0,437.0,168.0,106.0,1.0,3,0.972
95,3,217.0,276.0,52.0,87.0,1.0,0,1.0
95,4,686.0,328.0,300.0,189.0,1.0,3,0.143
95,5,246.0,377.0,175.0,92.0,1.0,0,0.898
95,6,564.0,347.0,292.0,184.0,1.0,3,0.513
95,7,362.0,291.0,83.0,139.0,1.0,0,0.729
95,8,714.0,374.0,233.0,147.0,1.0,3,0.119
95,9,286.0,279.0,31.0,141.0,1.0,0,0.695
95,10,755.0,380.0,219.0,138.0,1.0,3,0.711
95,11,255.0,403.0,25.0,86.0,1.0,0,1.0
96,1,111.0,252.0,223.0,117.0,1.0,0,0.72
96,2,667.0,438.0,168.0,106.0,1.0,3,0.962
96,3,220.0,276.0,52.0,87.0,1.0,0,1.0
96,4,684.0,328.0,300.0,189.0,1.0,3,0.145
96,5,248.0,377.0,175.0,92.0,1.0,0,0.898
96,6,561.0,347.0,292.0,184.0,1.0,3,0.512
96,7,365.0,291.0,83.0,139.0,1.0,0,0.734
96,8,711.0,374.0,233.0,147.0,1.0,3,0.119
96,9,289.0,279.0,31.0,141.0,1.0,0,0.695
96,10,752.0,381.0,221.0,139.0,1.0,3,0.72
96,11,258.0,403.0,25.0,86.0,1.0,0,1.0
97,1,113.0,252.0,223.0,117.0,1.0,0,0.72
97,2,664.0,438.0,168.0,106.0,1.0,3,0.962
97,3,223.0,276.0,52.0,87.0,1.0,0,1.0
97,4,682.0,328.0,300.0,189.0,1.0,3,0.148
97,5,251.0,377.0,175.0,92.0,1.0,0,0.898
97,6,558.0,347.0,292.0,184.0,1.0,3,0.512
97,7,367.0,291.0,83.0,139.0,1.0,0,0.729
97,8,708.0,374.0,233.0,147.0,1.0,3,0.119
97,9,293.0,279.0,31.0,141.0,1.0,0,0.695
97,10,749.0,381.0,221.0,139.0,1.0,3,0.733
97,11,261.0,403.0,25.0,86.0,1.0,0,1.0
98,1,115.0,252.0,223.0,117.0,1.0,0,0.718
98,2,660.0,438.0,168.0,106.0,1.0,3,0.962
98,3,225.0,276.0,52.0,88.0,1.0,0,1.0
98,4,680.0,328.0,300.0,189.0,1.0,3,0.15
98,5,254.0,377.0,175.0,92.0,1.0,0,0.898
98,6,555.0,347.0,292.0,184.0,1.0,3,0.51
98,7,370.0,291.0,83.0,139.0,1.0,0,0.729
98,8,704.0,374.0,233.0,147.0,1.0,3,0.121
98,9,296.0,279.0,31.0,141.0,1.0,0,0.695
98,10,746.0,381.0,221.0,139.0,1.0,3,0.749
98,11,264.0,403.0,25.0,86.0,1.0,0,1.0
99,1,118.0,253.0,223.0,117.0,1.0,0,0.716
99,2,657.0,438.0,168.0,106.0,1.0,3,0.962
99,3,228.0,276.0,52.0,88.0,1.0,0,1.0
99,4,677.0,327.0,300.0,189.0,1.0,3,0.158
99,5,256.0,377.0,175.0,92.0,1.0,0,0.898
99,6,552.0,347.0,292.0,184.0,1.0,3,0.509
99,7,373.0,292.0,83.0,139.0,1.0,0,0.729
99,8,701.0,374.0,235.0,148.0,1.0,3,0.123
99,9,300.0,279.0,31.0,141.0,1.0,0,0.695
99,10,743.0,381.0,221.0,139.0,1.0,3,0.763
99,11,266.0,403.0,25.0,86.0,1.0,0,1.0
100,1,120.0,253.0,223.0,117.0,1.0,0,0.716
100,2,653.0,439.0,168.0,106.0,1.0,3,0.953
100,3,231.0,275.0,52.0,88.0,1.0,0,1.0
100,4,675.0,327.0,300.0,189.0,1.0,3,0.162
100,5,259.0,377.0,175.0,92.0,1.0,0,0.896
100,6,548.0,347.0,292.0,184.0,1.0,3,0.51
100,7,376.0,292.0,83.0,139.0,1.0,0,0.729
100,8,697.0,374.0,235.0,148.0,1.0,3,0.128
100,9,303.0,279.0,31.0,141.0,1.0,0,0.695
100,10,740.0,382.0,221.0,139.0,1.0,3,0.779
100,11,269.0,402.0,25.0,86.0,1.0,0,1.0
101,1,122.0,253.0,223.0,117.0,1.0,0,0.716
101,2,650.0,439.0,168.0,106.0,1.0,3,0.953
101,3,234.0,275.0,52.0,88.0,1.0,0,1.0
101,4,673.0,327.0,300.0,189.0,1.0,3,0.167
101,5,261.0,377.0,175.0,92.0,1.0,0,0.896
101,6,545.0,347.0,292.0,184.0,1.0,3,0.51
101,7,379.0,292.0,83.0,139.0,1.0,0,0.733
101,8,694.0,374.0,235.0,148.0,1.0,3,0.129
101,9,307.0,279.0,31.0,141.0,1.0,0,0.695
101,10,738.0,382.0,221.0,139.0,1.0,3,0.786
101,11,272.0,402.0,25.0,86.0,1.0,0,1.0
102,1,125.0,253.0,223.0,117.0,1.0,0,0.715
102,2,646.0,439.0,168.0,106.0,1.0,3,0.953
102,3,237.0,275.0,52.0,88.0,1.0,0,1.0
102,4,671.0,327.0,300.0,189.0,1.0,3,0.175
102,5,264.0,377.0,175.0,92.0,1.0,0,0.896
102,6,542.0,347.0,292.0,184.0,1.0,3,0.505
102,7,382.0,292.0,83.0,139.0,1.0,0,0.733
102,8,690.0,373.0,235.0,148.0,1.0,3,0.135
102,9,310.0,278.0,31.0,141.0,1.0,0,0.702
102,10,735.0,382.0,221.0,139.0,1.0,3,0.789
102,11,275.0,402.0,25.0,86.0,1.0,0,1.0
103,1,127.0,253.0,223.0,117.0,1.0,0,0.715
103,2,643.0,439.0,168.0,106.0,1.0,3,0.953
103,3,240.0,275.0,52.0,88.0,1.0,0,1.0
103,4,669.0,327.0,300.0,189.0,1.0,3,0.187
103,5,267.0,377.0,175.0,92.0,1.0,0,0.896
103,6,539.0,348.0,292.0,184.0,1.0,3,0.502
103,7,385.0,292.0,83.0,139.0,1.0,0,0.733
103,8,687.0,373.0,235.0,148.0,1.0,3,0.135
103,9,314.0,278.0,31.0,141.0,1.0,0,0.702
103,10,732.0,382.0,221.0,139.0,1.0,3,0.789
103,11,278.0,402.0,25.0,86.0,1.0,0,1.0
104,1,129.0,253.0,223.0,117.0,1.0,0,0.715
104,2,639.0,440.0,168.0,106.0,1.0,3,0.943
104,3,242.0,274.0,52.0,88.0,1.0,0,1.0
104,4,667.0,327.0,300.0,189.0,1.0,3,0.197
104,5,269.0,377.0,175.0,92.0,1.0,0,0.896
104,6,536.0,348.0,292.0,184.0,1.0,3,0.5
104,7,388.0,292.0,83.0,139.0,1.0,0,0.738
104,8,683.0,373.0,235.0,148.0,1.0,3,0.138
104,9,317.0,278.0,31.0,141.0,1.0,0,0.702
104,10,729.0,382.0,221.0,139.0,1.0,3,0.794
104,11,280.0,402.0,25.0,86.0,1.0,0,1.0
105,1,132.0,253.0,223.0,117.0,1.0,0,0.715
105,2,636.0,440.0,168.0,106.0,1.0,3,0.943
105,3,245.0,274.0,52.0,88.0,1.0,0,1.0
105,4,665.0,326.0,300.0,189.0,1.0,3,0.212
105,5,272.0,377.0,175.0,92.0,1.0,0,0.894
105,6,533.0,348.0,292.0,184.0,1.0,3,0.499
105,7,391.0,292.0,83.0,139.0,1.0,0,0.738
105,8,680.0,373.0,235.0,148.0,1.0,3,0.143
105,9,321.0,278.0,31.0,141.0,1.0,0,0.702
105,10,726.0,383.0,221.0,139.0,1.0,3,0.792
105,11,283.0,401.0,25.0,86.0,1.0,0,1.0
106,1,134.0,253.0,223.0,117.0,1.0,0,0.715
106,2,632.0,440.0,168.0,106.0,1.0,3,0.943
106,3,248.0,274.0,52.0,88.0,1.0,0,1.0
106,4,663.0,326.0,300.0,189.0,1.0,3,0.222
106,5,274.0,377.0,175.0,92.0,1.0,0,0.894
106,6,530.0,348.0,292.0,184.0,1.0,3,0.497
106,7,394.0,292.0,83.0,139.0,1.0,0,0.743
106,8,676.0,373.0,235.0,148.0,1.0,3,0.145
106,9,324.0,278.0,31.0,141.0,1.0,0,0.702
106,10,723.0,383.0,221.0,139.0,1.0,3,0.794
106,11,286.0,401.0,25.0,86.0,1.0,0,1.0
107,1,136.0,253.0,223.0,117.0,1.0,0,0.715
107,2,628.0,440.0,168.0,106.0,1.0,3,0.943
107,3,251.0,274.0,52.0,88.0,1.0,0,1.0
107,4,661.0,326.0,300.0,189.0,1.0,3,0.232
107,5,277.0,377.0,175.0,92.0,1.0,0,0.894
107,6,526.0,348.0,292.0,184.0,1.0,3,0.498
107,7,396.0,292.0,83.0,139.0,1.0,0,0.738
107,8,673.0,373.0,235.0,148.0,1.0,3,0.145
107,9,328.0,278.0,31.0,141.0,1.0,0,0.702
107,10,720.0,383.0,221.0,139.0,1.0,3,0.797
107,11,289.0,401.0,25.0,86.0,1.0,0,1.0
108,1,138.0,254.0,223.0,117.0,1.0,0,0.718
108,2,625.0,441.0,167.0,105.0,1.0,3,0.943
108,3,254.0,273.0,52.0,88.0,1.0,0,1.0
108,4,659.0,326.0,300.0,189.0,1.0,3,0.238
108,5,280.0,378.0,175.0,92.0,1.0,0,0.893
108,6,523.0,348.0,292.0,184.0,1.0,3,0.498
108,7,399.0,292.0,83.0,139.0,1.0,0,0.743
108,8,669.0,373.0,235.0,148.0,1.0,3,0.148
108,9,331.0,278.0,31.0,141.0,1.0,0,0.709
108,10,717.0,383.0,221.0,139.0,1.0,3,0.802
108,11,292.0,401.0,25.0,86.0,1.0,0,1.0
109,1,141.0,254.0,225.0,118.0,1.0,0,0.717
109,2,621.0,441.0,167.0,105.0,1.0,3,0.943
109,3,257.0,273.0,52.0,88.0,1.0,0,1.0
109,4,657.0,326.0,300.0,189.0,1.0,3,0.242
109,5,282.0,378.0,177.0,93.0,1.0,0,0.892
109,6,520.0,348.0,292.0,184.0,1.0,3,0.496
109,7,402.0,292.0,83.0,139.0,1.0,0,0.738
109,8,666.0,373.0,235.0,148.0,1.0,3,0.153
109,9,335.0,277.0,31.0,141.0,1.0,0,0.716
109,10,714.0,384.0,221.0,139.0,1.0,3,0.802
109,11,295.0,400.0,25.0,86.0,1.0,0,1.0
110,1,143.0,254.0,225.0,118.0,1.0,0,0.72
110,2,618.0,441.0,167.0,105.0,1.0,3,0.943
110,3,259.0,273.0,52.0,88.0,1.0,0,1.0
110,4,655.0,325.0,300.0,189.0,1.0,3,0.249
110,5,285.0,378.0,177.0,93.0,1.0,0,0.892
110,6,517.0,348.0,290.0,183.0,1.0,3,0.494
110,7,405.0,292.0,83.0,139.0,1.0,0,0.738
110,8,662.0,372.0,236.0,149.0,1.0,3,0.16
110,9,338.0,277.0,31.0,141.0,1.0,0,0.716
110,10,711.0,384.0,221.0,139.0,1.0,3,0.802
110,11,297.0,400.0,25.0,86.0,1.0,0,1.0
111,1,145.0,254.0,225.0,118.0,1.0,0,0.722
111,2,614.0,441.0,167.0,105.0,1.0,3,0.943
111,3,262.0,273.0,53.0,89.0,1.0,0,1.0
111,4,653.0,325.0,300.0,189.0,1.0,3,0.252
111,5,287.0,378.0,177.0,93.0,1.0,0,0.892
111,6,514.0,348.0,290.0,183.0,1.0,3,0.493
111,7,408.0,292.0,83.0,139.0,1.0,0,0.743
111,8,659.0,372.0,236.0,149.0,1.0,3,0.16
111,9,342.0,277.0,31.0,142.0,1.0,0,0.711
111,10,708.0,384.0,221.0,139.0,1.0,3,0.805
111,11,300.0,400.0,25.0,86.0,1.0,0,1.0
112,1,148.0,254.0,225.0,118.0,1.0,0,0.722
112,2,611.0,442.0,167.0,105.0,1.0,3,0.933
112,3,265.0,272.0,53.0,89.0,1.0,0,1.0
112,4,651.0,325.0,300.0,189.0,1.0,3,0.255
112,5,290.0,378.0,177.0,93.0,1.0,0,0.892
112,6,511.0,348.0,290.0,183.0,1.0,3,0.492
112,7,411.0,292.0,83.0,139.0,1.0,0,0.743
112,8,655.0,372.0,236.0,149.0,1.0,3,0.163
112,9,345.0,277.0,31.0,142.0,1.0,0,0.711
112,10,705.0,384.0,221.0,139.0,1.0,3,0.808
112,11,303.0,400.0,25.0,86.0,1.0,0,1.0
113,1,150.0,254.0,225.0,118.0,1.0,0,0.729
113,2,607.0,442.0,167.0,105.0,1.0,3,0.933
113,3,268.0,272.0,53.0,89.0,1.0,0,1.0
113,4,649.0,325.0,300.0,189.0,1.0,3,0.261
113,5,293.0,378.0,177.0,93.0,1.0,0,0.892
113,6,508.0,349.0,290.0,183.0,1.0,3,0.488
113,7,414.0,292.0,83.0,139.0,1.0,0,0.743
113,8,652.0,372.0,236.0,149.0,1.0,3,0.163
113,9,349.0,277.0,31.0,142.0,1.0,0,0.711
113,10,702.0,384.0,221.0,139.0,1.0,3,0.81
113,11,306.0,400.0,25.0,86.0,1.0,0,1.0
114,1,152.0,254.0,225.0,118.0,1.0,0,0.733
114,2,604.0,442.0,167.0,105.0,1.0,3,0.933
114,3,271.0,272.0,53.0,89.0,1.0,0,1.0
114,4,647.0,325.0,300.0,189.0,1.0,3,0.265
114,5,295.0,378.0,177.0,93.0,1.0,0,0.891
114,6,504.0,349.0,290.0,183.0,1.0,3,0.489
114,7,417.0,293.0,83.0,140.0,1.0,0,0.74
114,8,648.0,372.0,236.0,149.0,1.0,3,0.17
114,9,352.0,277.0,31.0,142.0,1.0,0,0.711
114,10,699.0,385.0,221.0,139.0,1.0,3,0.808
114,11,309.0,399.0,25.0,86.0,1.0,0,1.0
115,1,155.0,254.0,225.0,118.0,1.0,0,0.733
115,2,600.0,442.0,167.0,105.0,1.0,3,0.933
115,3,274.0,272.0,53.0,89.0,1.0,0,1.0
115,4,645.0,324.0,300.0,189.0,1.0,3,0.273
115,5,298.0,378.0,177.0,93.0,1.0,0,0.891
115,6,501.0,349.0,290.0,183.0,1.0,3,0.487
115,7,420.0,293.0,83.0,140.0,1.0,0,0.725
115,8,645.0,372.0,236.0,149.0,1.0,3,0.17
115,9,355.0,277.0,31.0,142.0,1.0,0,0.711
115,10,696.0,385.0,221.0,139.0,1.0,3,0.81
115,11,311.0,399.0,25.0,86.0,1.0,0,1.0
116,1,157.0,255.0,225.0,118.0,1.0,0,0.739
116,2,597.0,443.0,167.0,105.0,1.0,3,0.924
116,3,276.0,272.0,53.0,89.0,1.0,0,1.0
116,4,643.0,324.0,300.0,189.0,1.0,3,0.276
116,5,300.0,378.0,177.0,93.0,1.0,0,0.891
116,6,498.0,349.0,290.0,183.0,1.0,3,0.487
116,7,422.0,293.0,83.0,140.0,1.0,0,0.689
116,8,641.0,372.0,236.0,149.0,1.0,3,0.173
116,9,359.0,277.0,31.0,142.0,1.0,0,0.711
116,10,693.0,385.0,221.0,139.0,1.0,3,0.813
116,11,314.0,399.0,25.0,86.0,1.0,0,1.0
117,1,159.0,255.0,225.0,118.0,1.0,0,0.742
117,2,593.0,443.0,167.0,105.0,1.0,3,0.924
117,3,279.0,271.0,53.0,89.0,1.0,0,1.0
117,4,641.0,324.0,300.0,189.0,1.0,3,0.276
117,5,303.0,378.0,177.0,93.0,1.0,0,0.891
117,6,495.0,349.0,290.0,183.0,1.0,3,0.485
117,7,425.0,293.0,83.0,140.0,1.0,0,0.646
117,8,638.0,372.0,236.0,149.0,1.0,3,0.175
117,9,362.0,276.0,31.0,142.0,1.0,0,0.718
117,10,691.0,385.0,221.0,139.0,1.0,3,0.818
117,11,317.0,399.0,25.0,86.0,1.0,0,1.0
118,1,162.0,255.0,225.0,118.0,1.0,0,0.746
118,2,589.0,443.0,167.0,105.0,1.0,3,0.924
118,3,282.0,271.0,53.0,89.0,1.0,0,1.0
118,4,639.0,324.0,300.0,189.0,1.0,3,0.279
118,5,306.0,378.0,177.0,93.0,1.0,0,0.891
118,6,492.0,349.0,290.0,183.0,1.0,3,0.479
118,7,428.0,293.0,83.0,140.0,1.0,0,0.602
118,8,634.0,371.0,236.0,149.0,1.0,3,0.188
118,9,366.0,276.0,31.0,142.0,1.0,0,0.718
118,10,688.0,386.0,221.0,139.0,1.0,3,0.818
118,11,320.0,399.0,25.0,86.0,1.0,0,1.0
119,1,164.0,255.0,225.0,118.0,1.0,0,0.749
119,2,586.0,443.0,167.0,105.0,1.0,3,0.924
119,3,285.0,271.0,53.0,89.0,1.0,0,1.0
119,4,637.0,324.0,300.0,189.0,1.0,3,0.279
119,5,308.0,378.0,177.0,93.0,1.0,0,0.889
119,6,489.0,349.0,290.0,183.0,1.0,3,0.478
119,7,431.0,293.0,83.0,140.0,1.0,0,0.564
119,8,631.0,371.0,236.0,149.0,1.0,3,0.188
119,9,369.0,276.0,31.0,142.0,1.0,0,0.718
119,10,685.0,386.0,222.0,140.0,1.0,3,0.818
119,11,323.0,398.0,25.0,86.0,1.0,0,1.0
120,1,166.0,255.0,225.0,118.0,1.0,0,0.757
120,2,582.0,443.0,167.0,105.0,1.0,3,0.924
120,3,288.0,271.0,53.0,89.0,1.0,0,1.0
120,4,634.0,324.0,300.0,189.0,1.0,3,0.28
120,5,311.0,378.0,177.0,93.0,1.0,0,0.889
120,6,486.0,349.0,290.0,183.0,1.0,3,0.472
120,7,434.0,293.0,83.0,140.0,1.0,0,0.53
120,8,627.0,371.0,236.0,149.0,1.0,3,0.19
120,9,373.0,276.0,31.0,142.0,1.0,0,0.718
120,10,682.0,386.0,222.0,140.0,1.0,3,0.821
120,11,325.0,398.0,25.0,86.0,1.0,0,1.0
121,1,169.0,255.0,225.0,118.0,1.0,0,0.757
121,2,579.0,444.0,167.0,105.0,1.0,3,0.914
121,3,291.0,270.0,53.0,89.0,1.0,0,1.0
121,4,632.0,323.0,300.0,189.0,1.0,3,0.288
121,5,313.0,378.0,177.0,93.0,1.0,0,0.889
121,6,482.0,349.0,290.0,183.0,1.0,3,0.465
121,7,437.0,293.0,83.0,140.0,1.0,0,0.512
121,8,624.0,371.0,236.0,149.0,1.0,3,0.191
121,9,376.0,276.0,31.0,142.0,1.0,0,0.718
121,10,679.0,386.0,222.0,140.0,1.0,3,0.823
121,11,328.0,398.0,25.0,86.0,1.0,0,1.0
122,1,171.0,255.0,225.0,118.0,1.0,0,0.764
122,2,575.0,444.0,167.0,105.0,1.0,3,0.914
122,3,293.0,270.0,53.0,89.0,1.0,0,1.0
122,4,630.0,323.0,300.0,189.0,1.0,3,0.293
122,5,316.0,378.0,177.0,93.0,1.0,0,0.889
122,6,479.0,350.0,290.0,183.0,1.0,3,0.448
122,7,440.0,293.0,83.0,140.0,1.0,0,0.501
122,8,620.0,371.0,238.0,150.0,1.0,3,0.196
122,9,380.0,276.0,31.0,142.0,1.0,0,0.718
122,10,676.0,387.0,222.0,140.0,1.0,3,0.824
122,11,331.0,398.0,25.0,86.0,1.0,0,1.0
123,1,173.0,255.0,225.0,118.0,1.0,0,0.768
123,2,572.0,444.0,167.0,105.0,1.0,3,0.914
123,3,296.0,270.0,53.0,89.0,1.0,0,1.0
123,4,628.0,323.0,300.0,189.0,1.0,3,0.296
123,5,319.0,378.0,177.0,93.0,1.0,0,0.889
123,6,476.0,350.0,290.0,183.0,1.0,3,0.438
123,7,443.0,293.0,83.0,140.0,1.0,0,0.487
123,8,617.0,371.0,238.0,150.0,1.0,3,0.196
123,9,383.0,276.0,31.0,142.0,1.0,0,0.718
123,10,673.0,387.0,222.0,140.0,1.0,3,0.824
123,11,334.0,398.0,25.0,86.0,1.0,0,1.0
124,1,176.0,255.0,225.0,118.0,1.0,0,0.771
124,2,568.0,444.0,167.0,105.0,1.0,3,0.914
124,3,299.0,270.0,53.0,89.0,1.0,0,1.0
124,4,626.0,323.0,300.0,189.0,1.0,3,0.299
124,5,321.0,378.0,177.0,93.0,1.0,0,0.888
124,6,473.0,350.0,290.0,183.0,1.0,3,0.426
124,7,446.0,293.0,83.0,140.0,1.0,0,0.472
124,8,613.0,371.0,238.0,150.0,1.0,3,0.198
124,9,387.0,275.0,31.0,142.0,1.0,0,0.725
124,10,670.0,387.0,222.0,140.0,1.0,3,0.826
124,11,337.0,397.0,25.0,86.0,1.0,0,1.0
125,1,178.0,256.0,225.0,118.0,1.0,0,0.768
125,2,565.0,445.0,165.0,104.0,1.0,3,0.913
125,3,302.0,269.0,54.0,90.0,1.0,0,1.0
125,4,624.0,323.0,300.0,189.0,1.0,3,0.302
125,5,324.0,378.0,177.0,93.0,1.0,0,0.888
125,6,470.0,350.0,290.0,183.0,1.0,3,0.417
125,7,448.0,293.0,83.0,140.0,1.0,0,0.46
125,8,610.0,371.0,238.0,150.0,1.0,3,0.199
125,9,390.0,275.0,31.0,142.0,1.0,0,0.725
125,10,667.0,387.0,222.0,140.0,1.0,3,0.834
125,11,340.0,397.0,25.0,86.0,1.0,0,1.0
126,1,180.0,256.0,227.0,119.0,1.0,0,0.772
126,2,561.0,445.0,165.0,104.0,1.0,3,0.913
126,3,305.0,269.0,54.0,90.0,1.0,0,1.0
126,4,622.0,322.0,300.0,189.0,1.0,3,0.31
126,5,326.0,378.0,177.0,93.0,1.0,0,0.888
126,6,467.0,350.0,290.0,183.0,1.0,3,0.405
126,7,451.0,293.0,83.0,140.0,1.0,0,0.446
126,8,606.0,371.0,238.0,150.0,1.0,3,0.201
126,9,394.0,275.0,31.0,142.0,1.0,0,0.725
126,10,664.0,387.0,222.0,140.0,1.0,3,0.836
126,11,342.0,397.0,25.0,86.0,1.0,0,1.0
127,1,183.0,256.0,227.0,119.0,1.0,0,0.772
127,2,558.0,445.0,165.0,104.0,1.0,3,0.913
127,3,308.0,269.0,54.0,90.0,1.0,0,1.0
127,4,620.0,322.0,300.0,189.0,1.0,3,0.312
127,5,329.0,378.0,177.0,93.0,1.0,0,0.888
127,6,464.0,350.0,290.0,183.0,1.0,3,0.391
127,7,454.0,293.0,83.0,140.0,1.0,0,0.431
127,8,603.0,370.0,238.0,150.0,1.0,3,0.213
127,9,397.0,275.0,31.0,142.0,1.0,0,0.725
127,10,661.0,388.0,222.0,140.0,1.0,3,0.834
127,11,345.0,397.0,25.0,86.0,1.0,0,1.0
128,1,185.0,256.0,227.0,119.0,1.0,0,0.779
128,2,554.0,445.0,165.0,104.0,1.0,3,0.913
128,3,310.0,269.0,54.0,90.0,1.0,0,1.0
128,4,618.0,322.0,300.0,189.0,1.0,3,0.316
128,5,332.0,378.0,177.0,93.0,1.0,0,0.888
128,6,460.0,350.0,289.0,182.0,1.0,3,0.379
128,7,457.0,293.0,83.0,140.0,1.0,0,0.414
128,8,599.0,370.0,238.0,150.0,1.0,3,0.214
128,9,401.0,275.0,31.0,142.0,1.0,0,0.725
128,10,658.0,388.0,222.0,140.0,1.0,3,0.837
128,11,348.0,397.0,25.0,86.0,1.0,0,1.0
129,1,187.0,256.0,227.0,119.0,1.0,0,0.783
129,2,550.0,446.0,165.0,104.0,1.0,3,0.904
129,3,313.0,268.0,54.0,90.0,1.0,0,1.0
129,4,616.0,322.0,300.0,189.0,1.0,3,0.319
129,5,334.0,378.0,177.0,93.0,1.0,0,0.886
129,6,457.0,350.0,289.0,182.0,1.0,3,0.37
129,7,460.0,294.0,83.0,140.0,1.0,0,0.4
129,8,596.0,370.0,238.0,150.0,1.0,3,0.216
129,9,404.0,275.0,31.0,142.0,1.0,0,0.725
129,10,655.0,388.0,222.0,140.0,1.0,3,0.842
129,11,351.0,396.0,25.0,86.0,1.0,0,1.0
130,1,190.0,256.0,227.0,119.0,1.0,0,0.787
130,2,547.0,446.0,165.0,104.0,1.0,3,0.904
130,3,316.0,268.0,54.0,90.0,1.0,0,1.0
130,4,614.0,322.0,300.0,189.0,1.0,3,0.322
130,5,337.0,379.0,177.0,93.0,1.0,0,0.885
130,6,454.0,350.0,289.0,182.0,1.0,3,0.358
130,7,463.0,294.0,83.0,140.0,1.0,0,0.4
130,8,592.0,370.0,238.0,150.0,1.0,3,0.217
130,9,408.0,275.0,31.0,142.0,1.0,0,0.732
130,10,652.0,388.0,222.0,140.0,1.0,3,0.842
130,11,354.0,396.0,25.0,87.0,1.0,0,1.0
131,1,192.0,256.0,227.0,119.0,1.0,0,0.79
131,2,543.0,446.0,165.0,104.0,1.0,3,0.904
131,3,319.0,268.0,54.0,90.0,1.0,0,1.0
131,4,612.0,321.0,300.0,189.0,1.0,3,0.332
131,5,339.0,379.0,177.0,93.0,1.0,0,0.885
131,6,451.0,351.0,289.0,182.0,1.0,3,0.343
131,7,466.0,294.0,83.0,140.0,1.0,0,0.407
131,8,589.0,370.0,238.0,150.0,1.0,3,0.222
131,9,411.0,274.0,31.0,142.0,1.0,0,0.739
131,10,649.0,389.0,222.0,140.0,1.0,3,0.842
131,11,356.0,396.0,25.0,87.0,1.0,0,1.0
132,1,194.0,256.0,227.0,119.0,1.0,0,0.798
132,2,540.0,446.0,165.0,104.0,1.0,3,0.904
132,3,322.0,268.0,54.0,90.0,1.0,0,1.0
132,4,610.0,321.0,300.0,189.0,1.0,3,0.335
132,5,342.0,379.0,177.0,93.0,1.0,0,0.885
132,6,448.0,351.0,289.0,182.0,1.0,3,0.331
132,7,469.0,294.0,83.0,140.0,1.0,0,0.407
132,8,585.0,370.0,238.0,150.0,1.0,3,0.224
132,9,415.0,274.0,31.0,142.0,1.0,0,0.739
132,10,646.0,389.0,222.0,140.0,1.0,3,0.842
132,11,359.0,396.0,25.0,87.0,1.0,0,1.0
133,1,197.0,257.0,227.0,119.0,1.0,0,0.797
133,2,536.0,447.0,165.0,104.0,1.0,3,0.894
133,3,325.0,268.0,54.0,90.0,1.0,0,1.0
133,4,608.0,321.0,300.0,189.0,1.0,3,0.336
133,5,345.0,379.0,177.0,93.0,1.0,0,0.885
133,6,445.0,351.0,289.0,182.0,1.0,3,0.32
133,7,472.0,294.0,83.0,140.0,1.0,0,0.407
133,8,582.0,370.0,238.0,150.0,1.0,3,0.227
133,9,418.0,274.0,31.0,142.0,1.0,0,0.714
133,10,644.0,389.0,222.0,140.0,1.0,3,0.85
133,11,362.0,396.0,25.0,87.0,1.0,0,1.0
134,1,199.0,257.0,227.0,119.0,1.0,0,0.805
134,2,533.0,447.0,165.0,104.0,1.0,3,0.894
134,3,327.0,267.0,54.0,90.0,1.0,0,1.0
134,4,606.0,321.0,300.0,189.0,1.0,3,0.339
134,5,347.0,379.0,177.0,93.0,1.0,0,0.883
134,6,442.0,351.0,289.0,182.0,1.0,3,0.31
134,7,475.0,294.0,83.0,140.0,1.0,0,0.407
134,8,578.0,370.0,240.0,151.0,1.0,3,0.227
134,9,422.0,274.0,31.0,142.0,1.0,0,0.669
134,10,641.0,389.0,222.0,140.0,1.0,3,0.85
134,11,365.0,395.0,25.0,87.0,1.0,0,1.0
135,1,201.0,257.0,227.0,119.0,1.0,0,0.809
135,2,529.0,447.0,165.0,104.0,1.0,3,0.894
135,3,330.0,267.0,54.0,90.0,1.0,0,1.0
135,4,604.0,321.0,300.0,189.0,1.0,3,0.34
135,5,350.0,379.0,177.0,93.0,1.0,0,0.883
135,6,438.0,351.0,289.0,182.0,1.0,3,0.296
135,7,477.0,294.0,83.0,140.0,1.0,0,0.407
135,8,575.0,369.0,240.0,151.0,1.0,3,0.233
135,9,425.0,274.0,31.0,142.0,1.0,0,0.625
135,10,638.0,389.0,222.0,140.0,1.0,3,0.852
135,11,368.0,395.0,25.0,87.0,1.0,0,1.0
136,1,203.0,257.0,227.0,119.0,1.0,0,0.816
136,2,526.0,447.0,165.0,104.0,1.0,3,0.894
136,3,333.0,267.0,54.0,90.0,1.0,0,1.0
136,4,602.0,321.0,300.0,189.0,1.0,3,0.344
136,5,352.0,379.0,177.0,93.0,1.0,0,0.879
136,6,435.0,351.0,289.0,182.0,1.0,3,0.286
136,7,480.0,294.0,83.0,140.0,1.0,0,0.407
136,8,571.0,369.0,240.0,151.0,1.0,3,0.24
136,9,429.0,274.0,31.0,142.0,1.0,0,0.58
136,10,635.0,390.0,222.0,140.0,1.0,3,0.85
136,11,370.0,395.0,25.0,87.0,1.0,0,1.0
137,1,206.0,257.0,227.0,119.0,1.0,0,0.816
137,2,522.0,448.0,165.0,104.0,1.0,3,0.885
137,3,336.0,267.0,54.0,90.0,1.0,0,1.0
137,4,600.0,320.0,300.0,189.0,1.0,3,0.351
137,5,355.0,379.0,177.0,93.0,1.0,0,0.868
137,6,432.0,351.0,289.0,182.0,1.0,3,0.278
137,7,483.0,294.0,83.0,140.0,1.0,0,0.407
137,8,568.0,369.0,240.0,151.0,1.0,3,0.242
137,9,432.0,274.0,31.0,142.0,1.0,0,0.542
137,10,632.0,390.0,222.0,140.0,1.0,3,0.855
137,11,373.0,395.0,25.0,87.0,1.0,0,1.0
138,1,208.0,257.0,227.0,119.0,1.0,0,0.815
138,2,519.0,448.0,165.0,104.0,1.0,3,0.885
138,3,339.0,266.0,54.0,90.0,1.0,0,1.0
138,4,598.0,320.0,300.0,189.0,1.0,3,0.355
138,5,358.0,379.0,177.0,93.0,1.0,0,0.86
138,6,429.0,351.0,289.0,182.0,1.0,3,0.269
138,7,486.0,294.0,84.0,141.0,1.0,0,0.404
138,8,564.0,369.0,240.0,151.0,1.0,3,0.243
138,9,436.0,274.0,31.0,142.0,1.0,0,0.542
138,10,629.0,390.0,222.0,140.0,1.0,3,0.855
138,11,376.0,395.0,25.0,87.0,1.0,0,1.0
139,1,210.0,257.0,227.0,119.0,1.0,0,0.808
139,2,515.0,448.0,165.0,104.0,1.0,3,0.885
139,3,342.0,266.0,54.0,91.0,1.0,0,1.0
139,4,596.0,320.0,300.0,189.0,1.0,3,0.357
139,5,360.0,379.0,179.0,94.0,1.0,0,0.847
139,6,426.0,351.0,289.0,182.0,1.0,3,0.257
139,7,489.0,294.0,84.0,141.0,1.0,0,0.404
139,8,561.0,369.0,240.0,151.0,1.0,3,0.243
139,9,439.0,273.0,31.0,142.0,1.0,0,0.549
139,10,626.0,390.0,222.0,140.0,1.0,3,0.858
139,11,379.0,394.0,25.0,87.0,1.0,0,1.0
140,1,213.0,257.0,227.0,119.0,1.0,0,0.802
140,2,511.0,448.0,165.0,104.0,1.0,3,0.885
140,3,344.0,266.0,54.0,91.0,1.0,0,1.0
140,4,594.0,320.0,300.0,189.0,1.0,3,0.361
140,5,363.0,379.0,179.0,94.0,1.0,0,0.837
140,6,423.0,351.0,289.0,182.0,1.0,3,0.246
140,7,492.0,294.0,84.0,141.0,1.0,0,0.404
140,8,557.0,369.0,240.0,151.0,1.0,3,0.25
140,9,443.0,273.0,31.0,142.0,1.0,0,0.549
140,10,623.0,391.0,222.0,140.0,1.0,3,0.858
140,11,382.0,394.0,25.0,87.0,1.0,0,1.0
141,1,215.0,257.0,227.0,119.0,1.0,0,0.799
141,2,508.0,448.0,165.0,104.0,1.0,3,0.885
141,3,347.0,266.0,54.0,91.0,1.0,0,1.0
141,4,591.0,320.0,300.0,189.0,1.0,3,0.359
141,5,366.0,379.0,179.0,94.0,1.0,0,0.828
141,6,420.0,352.0,289.0,182.0,1.0,3,0.234
141,7,495.0,294.0,84.0,141.0,1.0,0,0.411
141,8,554.0,369.0,240.0,151.0,1.0,3,0.25
141,9,446.0,273.0,31.0,143.0,1.0,0,0.552
141,10,620.0,391.0,224.0,141.0,1.0,3,0.859
141,11,385.0,394.0,25.0,87.0,1.0,0,1.0
142,1,217.0,258.0,229.0,120.0,1.0,0,0.793
142,2,504.0,449.0,165.0,104.0,1.0,3,0.875
142,3,350.0,265.0,54.0,91.0,1.0,0,1.0
142,4,589.0,319.0,300.0,189.0,1.0,3,0.367
142,5,368.0,379.0,179.0,94.0,1.0,0,0.821
142,6,416.0,352.0,289.0,182.0,1.0,3,0.226
142,7,498.0,294.0,84.0,141.0,1.0,0,0.411
142,8,550.0,369.0,240.0,151.0,1.0,3,0.253
142,9,449.0,273.0,31.0,143.0,1.0,0,0.552
142,10,617.0,391.0,224.0,141.0,1.0,3,0.863
142,11,387.0,394.0,25.0,87.0,1.0,0,1.0
143,1,220.0,258.0,229.0,120.0,1.0,0,0.787
143,2,501.0,449.0,163.0,103.0,1.0,3,0.883
143,3,353.0,265.0,54.0,91.0,1.0,0,1.0
143,4,587.0,319.0,300.0,189.0,1.0,3,0.37
143,5,371.0,379.0,179.0,94.0,1.0,0,0.811
143,6,413.0,352.0,289.0,182.0,1.0,3,0.222
143,7,501.0,294.0,84.0,141.0,1.0,0,0.411
143,8,547.0,369.0,240.0,151.0,1.0,3,0.247
143,9,453.0,273.0,31.0,143.0,1.0,0,0.552
143,10,614.0,391.0,224.0,141.0,1.0,3,0.869
143,11,390.0,393.0,25.0,87.0,1.0,0,1.0
144,1,222.0,258.0,229.0,120.0,1.0,0,0.782
144,2,497.0,449.0,163.0,103.0,1.0,3,0.883
144,3,356.0,265.0,54.0,91.0,1.0,0,1.0
144,4,585.0,319.0,300.0,189.0,1.0,3,0.373
144,5,373.0,379.0,179.0,94.0,1.0,0,0.803
144,6,410.0,352.0,289.0,182.0,1.0,3,0.216
144,7,503.0,295.0,84.0,141.0,1.0,0,0.399
144,8,543.0,368.0,240.0,151.0,1.0,3,0.249
144,9,456.0,273.0,31.0,143.0,1.0,0,0.552
144,10,611.0,392.0,224.0,141.0,1.0,3,0.87
144,11,393.0,393.0,25.0,87.0,1.0,0,1.0
145,1,224.0,258.0,229.0,120.0,1.0,0,0.779
145,2,494.0,449.0,163.0,103.0,1.0,3,0.883
145,3,359.0,265.0,54.0,91.0,1.0,0,0.995
145,4,583.0,319.0,300.0,189.0,1.0,3,0.375
145,5,376.0,379.0,179.0,94.0,1.0,0,0.794
145,6,407.0,352.0,289.0,182.0,1.0,3,0.216
145,7,506.0,295.0,84.0,141.0,1.0,0,0.385
145,8,540.0,368.0,240.0,151.0,1.0,3,0.237
145,9,460.0,273.0,31.0,143.0,1.0,0,0.552
145,10,608.0,392.0,224.0,141.0,1.0,3,0.87
145,11,396.0,393.0,25.0,87.0,1.0,0,1.0
146,1,227.0,258.0,229.0,120.0,1.0,0,0.773
146,2,490.0,450.0,163.0,103.0,1.0,3,0.874
146,3,361.0,264.0,54.0,91.0,1.0,0,0.993
146,4,581.0,319.0,300.0,189.0,1.0,3,0.379
146,5,379.0,379.0,179.0,94.0,1.0,0,0.788
146,6,404.0,352.0,287.0,181.0,1.0,3,0.213
146,7,509.0,295.0,84.0,141.0,1.0,0,0.371
146,8,536.0,368.0,241.0,152.0,1.0,3,0.225
146,9,463.0,272.0,31.0,143.0,1.0,0,0.559
146,10,605.0,392.0,224.0,141.0,1.0,3,0.874
146,11,399.0,393.0,25.0,87.0,1.0,0,1.0
147,1,229.0,258.0,229.0,120.0,1.0,0,0.769
147,2,487.0,450.0,163.0,103.0,1.0,3,0.874
147,3,364.0,264.0,54.0,91.0,1.0,0,0.99
147,4,579.0,318.0,300.0,189.0,1.0,3,0.386
147,5,381.0,379.0,179.0,94.0,1.0,0,0.781
147,6,401.0,352.0,287.0,181.0,1.0,3,0.212
147,7,512.0,295.0,84.0,141.0,1.0,0,0.355
147,8,533.0,368.0,241.0,152.0,1.0,3,0.215
147,9,467.0,272.0,31.0,143.0,1.0,0,0.559
147,10,602.0,392.0,224.0,141.0,1.0,3,0.874
147,11,401.0,393.0,25.0,87.0,1.0,0,1.0
148,1,231.0,258.0,229.0,120.0,1.0,0,0.765
148,2,483.0,450.0,163.0,103.0,1.0,3,0.874
148,3,367.0,264.0,54.0,91.0,1.0,0,0.986
148,4,577.0,318.0,300.0,189.0,1.0,3,0.386
148,5,384.0,379.0,179.0,94.0,1.0,0,0.77
148,6,398.0,352.0,287.0,181.0,1.0,3,0.212
148,7,515.0,295.0,84.0,141.0,1.0,0,0.341
148,8,530.0,368.0,241.0,152.0,1.0,3,0.205
148,9,470.0,272.0,31.0,143.0,1.0,0,0.559
148,10,600.0,392.0,224.0,141.0,1.0,3,0.879
148,11,404.0,392.0,25.0,87.0,1.0,0,1.0
149,1,234.0,258.0,229.0,120.0,1.0,0,0.759
149,2,480.0,450.0,163.0,103.0,1.0,3,0.874
149,3,370.0,264.0,54.0,91.0,1.0,0,0.982
149,4,575.0,318.0,300.0,189.0,1.0,3,0.391
149,5,386.0,379.0,179.0,94.0,1.0,0,0.763
149,6,394.0,352.0,287.0,181.0,1.0,3,0.213
149,7,518.0,295.0,84.0,141.0,1.0,0,0.327
149,8,526.0,368.0,241.0,152.0,1.0,3,0.199
149,9,474.0,272.0,31.0,143.0,1.0,0,0.559
149,10,597.0,393.0,224.0,141.0,1.0,3,0.878
149,11,407.0,392.0,25.0,87.0,1.0,0,1.0
150,1,236.0,259.0,229.0,120.0,1.0,0,0.754
150,2,476.0,451.0,163.0,103.0,1.0,3,0.864
150,3,373.0,264.0,54.0,91.0,1.0,0,0.985
150,4,573.0,318.0,300.0,189.0,1.0,3,0.395
150,5,389.0,379.0,179.0,94.0,1.0,0,0.759
150,6,391.0,353.0,287.0,181.0,1.0,3,0.208
150,7,521.0,295.0,84.0,141.0,1.0,0,0.317
150,8,523.0,368.0,241.0,152.0,1.0,3,0.188
150,9,477.0,272.0,31.0,143.0,1.0,0,0.566
150,10,594.0,393.0,224.0,141.0,1.0,3,0.882
150,11,410.0,392.0,25.0,87.0,1.0,0,1.0
151,1,238.0,259.0,229.0,120.0,1.0,0,0.748
151,2,472.0,451.0,163.0,103.0,1.0,3,0.864
151,3,376.0,263.0,54.0,91.0,1.0,0,0.991
151,4,571.0,318.0,300.0,189.0,1.0,3,0.399
151,5,392.0,379.0,179.0,94.0,1.0,0,0.75
151,6,388.0,353.0,287.0,181.0,1.0,3,0.214
151,7,524.0,295.0,84.0,141.0,1.0,0,0.302
151,8,519.0,368.0,241.0,152.0,1.0,3,0.176
151,9,481.0,272.0,31.0,143.0,1.0,0,0.566
151,10,591.0,393.0,224.0,141.0,1.0,3,0.884
151,11,413.0,392.0,25.0,87.0,1.0,0,1.0
152,1,241.0,259.0,229.0,120.0,1.0,0,0.739
152,2,469.0,451.0,163.0,103.0,1.0,3,0.864
152,3,378.0,263.0,55.0,92.0,1.0,0,0.981
152,4,569.0,317.0,300.0,189.0,1.0,3,0.404
152,5,394.0,380.0,179.0,94.0,1.0,0,0.736
152,6,385.0,353.0,287.0,181.0,1.0,3,0.221
152,7,527.0,295.0,84.0,141.0,1.0,0,0.284
152,8,516.0,367.0,241.0,152.0,1.0,3,0.175
152,9,484.0,272.0,31.0,143.0,1.0,0,0.566
152,10,588.0,393.0,224.0,141.0,1.0,3,0.884
152,11,415.0,392.0,25.0,87.0,1.0,0,1.0
153,1,243.0,259.0,229.0,120.0,1.0,0,0.735
153,2,465.0,451.0,163.0,103.0,1.0,3,0.864
153,3,381.0,263.0,55.0,92.0,1.0,0,0.979
153,4,567.0,317.0,300.0,189.0,1.0,3,0.408
153,5,397.0,380.0,179.0,94.0,1.0,0,0.725
153,6,382.0,353.0,287.0,181.0,1.0,3,0.231
153,7,529.0,295.0,84.0,141.0,1.0,0,0.272
153,8,512.0,367.0,241.0,152.0,1.0,3,0.167
153,9,488.0,272.0,31.0,143.0,1.0,0,0.566
153,10,585.0,394.0,224.0,141.0,1.0,3,0.886
153,11,418.0,391.0,25.0,87.0,1.0,0,1.0
154,1,245.0,259.0,229.0,120.0,1.0,0,0.73
154,2,462.0,452.0,163.0,103.0,1.0,3,0.854
154,3,384.0,263.0,55.0,92.0,1.0,0,0.978
154,4,565.0,317.0,300.0,189.0,1.0,3,0.411
154,5,399.0,380.0,179.0,94.0,1.0,0,0.725
154,6,379.0,353.0,287.0,181.0,1.0,3,0.24
154,7,532.0,295.0,84.0,141.0,1.0,0,0.256
154,8,509.0,367.0,241.0,152.0,1.0,3,0.158
154,9,491.0,271.0,31.0,143.0,1.0,0,0.573
154,10,582.0,394.0,224.0,141.0,1.0,3,0.887
154,11,421.0,391.0,25.0,87.0,1.0,0,1.0
155,1,248.0,259.0,229.0,120.0,1.0,0,0.722
155,2,458.0,452.0,163.0,103.0,1.0,3,0.854
155,3,387.0,262.0,55.0,92.0,1.0,0,0.989
155,4,563.0,317.0,300.0,189.0,1.0,3,0.414
155,5,402.0,380.0,179.0,94.0,1.0,0,0.709
155,6,376.0,353.0,287.0,181.0,1.0,3,0.249
155,7,535.0,295.0,84.0,141.0,1.0,0,0.241
155,8,505.0,367.0,241.0,152.0,1.0,3,0.149
155,9,495.0,271.0,31.0,143.0,1.0,0,0.573
155,10,579.0,394.0,224.0,141.0,1.0,3,0.89
155,11,424.0,391.0,25.0,87.0,1.0,0,1.0
156,1,250.0,259.0,229.0,120.0,1.0,0,0.717
156,2,455.0,452.0,163.0,103.0,1.0,3,0.854
156,3,390.0,262.0,55.0,92.0,1.0,0,0.989
156,4,561.0,317.0,300.0,189.0,1.0,3,0.417
156,5,405.0,380.0,179.0,94.0,1.0,0,0.68
156,6,372.0,353.0,287.0,181.0,1.0,3,0.264
156,7,538.0,295.0,84.0,141.0,1.0,0,0.226
156,8,502.0,367.0,241.0,152.0,1.0,3,0.146
156,9,498.0,271.0,31.0,143.0,1.0,0,0.573
156,10,576.0,394.0,224.0,141.0,1.0,3,0.89
156,11,427.0,391.0,25.0,87.0,1.0,0,1.0
157,1,252.0,259.0,229.0,120.0,1.0,0,0.712
157,2,451.0,452.0,163.0,103.0,1.0,3,0.854
157,3,393.0,262.0,55.0,92.0,1.0,0,0.989
157,4,559.0,317.0,300.0,189.0,1.0,3,0.42
157,5,407.0,380.0,179.0,94.0,1.0,0,0.659
157,6,369.0,353.0,287.0,181.0,1.0,3,0.271
157,7,541.0,295.0,84.0,141.0,1.0,0,0.211
157,8,498.0,367.0,241.0,152.0,1.0,3,0.144
157,9,502.0,271.0,31.0,143.0,1.0,0,0.573
157,10,573.0,394.0,224.0,141.0,1.0,3,0.892
157,11,429.0,391.0,25.0,87.0,1.0,0,0.964
158,1,255.0,259.0,231.0,121.0,1.0,0,0.705
158,2,448.0,453.0,163.0,103.0,1.0,3,0.845
158,3,395.0,262.0,55.0,92.0,1.0,0,0.989
158,4,557.0,316.0,300.0,189.0,1.0,3,0.427
158,5,410.0,380.0,179.0,94.0,1.0,0,0.645
158,6,366.0,353.0,287.0,181.0,1.0,3,0.283
158,7,544.0,295.0,84.0,141.0,1.0,0,0.19
158,8,495.0,367.0,243.0,153.0,1.0,3,0.145
158,9,505.0,271.0,31.0,143.0,1.0,0,0.573
158,10,570.0,395.0,224.0,141.0,1.0,3,0.892
158,11,432.0,390.0,25.0,87.0,1.0,0,0.901
159,1,257.0,260.0,231.0,121.0,1.0,0,0.698
159,2,444.0,453.0,163.0,103.0,1.0,3,0.845
159,3,398.0,261.0,55.0,92.0,1.0,0,1.0
159,4,555.0,316.0,300.0,189.0,1.0,3,0.432
159,5,412.0,380.0,179.0,94.0,1.0,0,0.629
159,6,363.0,354.0,287.0,181.0,1.0,3,0.287
159,7,547.0,296.0,84.0,141.0,1.0,0,0.168
159,8,491.0,367.0,243.0,153.0,1.0,3,0.143
159,9,509.0,271.0,31.0,143.0,1.0,0,0.58
159,10,567.0,395.0,224.0,141.0,1.0,3,0.895
159,11,435.0,390.0,25.0,87.0,1.0,0,0.823
160,1,259.0,260.0,231.0,121.0,1.0,0,0.693
160,2,441.0,453.0,162.0,102.0,1.0,3,0.853
160,3,401.0,261.0,55.0,92.0,1.0,0,1.0
160,4,553.0,316.0,300.0,189.0,1.0,3,0.433
160,5,415.0,380.0,179.0,94.0,1.0,0,0.608
160,6,360.0,354.0,287.0,181.0,1.0,3,0.295
160,7,550.0,296.0,84.0,141.0,1.0,0,0.151
160,8,488.0,366.0,243.0,153.0,1.0,3,0.147
160,9,512.0,271.0,31.0,143.0,1.0,0,0.58
160,10,564.0,395.0,224.0,141.0,1.0,3,0.898
160,11,438.0,390.0,25.0,87.0,1.0,0,0.757
161,1,262.0,260.0,231.0,121.0,1.0,0,0.688
161,2,437.0,453.0,162.0,102.0,1.0,3,0.853
161,3,404.0,261.0,55.0,92.0,1.0,0,1.0
161,4,551.0,316.0,300.0,189.0,1.0,3,0.436
161,5,418.0,380.0,179.0,94.0,1.0,0,0.583
161,6,357.0,354.0,287.0,181.0,1.0,3,0.305
161,7,553.0,296.0,84.0,141.0,1.0,0,0.142
161,8,484.0,366.0,243.0,153.0,1.0,3,0.144
161,9,516.0,270.0,31.0,143.0,1.0,0,0.587
161,10,561.0,395.0,224.0,141.0,1.0,3,0.9
161,11,441.0,390.0,25.0,87.0,1.0,0,0.724
162,1,264.0,260.0,231.0,121.0,1.0,0,0.683
162,2,433.0,454.0,162.0,102.0,1.0,3,0.843
162,3,407.0,261.0,55.0,92.0,1.0,0,1.0
162,4,548.0,316.0,300.0,189.0,1.0,3,0.437
162,5,420.0,380.0,179.0,94.0,1.0,0,0.566
162,6,354.0,354.0,287.0,181.0,1.0,3,0.313
162,7,555.0,296.0,84.0,141.0,1.0,0,0.142
162,8,481.0,366.0,243.0,153.0,1.0,3,0.145
162,9,519.0,270.0,31.0,143.0,1.0,0,0.57
162,10,558.0,396.0,224.0,141.0,1.0,3,0.903
162,11,444.0,390.0,25.0,87.0,1.0,0,0.736
163,1,266.0,260.0,231.0,121.0,1.0,0,0.677
163,2,430.0,454.0,162.0,102.0,1.0,3,0.843
163,3,410.0,260.0,55.0,92.0,1.0,0,1.0
163,4,546.0,315.0,300.0,189.0,1.0,3,0.445
163,5,423.0,380.0,179.0,94.0,1.0,0,0.537
163,6,350.0,354.0,286.0,180.0,1.0,3,0.328
163,7,558.0,296.0,85.0,142.0,1.0,0,0.134
163,8,477.0,366.0,243.0,153.0,1.0,3,0.142
163,9,523.0,270.0,31.0,143.0,1.0,0,0.517
163,10,555.0,396.0,224.0,141.0,1.0,3,0.903
163,11,446.0,389.0,25.0,87.0,1.0,0,0.747
164,1,268.0,260.0,231.0,121.0,1.0,0,0.672
164,2,426.0,454.0,162.0,102.0,1.0,3,0.843
164,3,412.0,260.0,55.0,92.0,1.0,0,1.0
164,4,544.0,315.0,300.0,189.0,1.0,3,0.444
164,5,425.0,380.0,179.0,94.0,1.0,0,0.516
164,6,347.0,354.0,286.0,180.0,1.0,3,0.336
164,7,561.0,296.0,85.0,142.0,1.0,0,0.134
164,8,474.0,366.0,243.0,153.0,1.0,3,0.14
164,9,526.0,270.0,31.0,143.0,1.0,0,0.473
164,10,553.0,396.0,225.0,142.0,1.0,3,0.908
164,11,449.0,389.0,25.0,87.0,1.0,0,0.747
165,1,271.0,260.0,231.0,121.0,1.0,0,0.847
165,2,423.0,454.0,162.0,102.0,1.0,3,0.843
165,3,415.0,260.0,55.0,92.0,1.0,0,0.0
165,4,542.0,315.0,300.0,189.0,1.0,3,0.447
165,5,428.0,380.0,179.0,94.0,1.0,0,0.494
165,6,344.0,354.0,286.0,180.0,1.0,3,0.344
165,7,564.0,296.0,85.0,142.0,1.0,0,0.134
165,8,470.0,366.0,243.0,153.0,1.0,3,0.137
165,9,530.0,270.0,31.0,143.0,1.0,0,0.42
165,10,550.0,396.0,225.0,142.0,1.0,3,0.908
165,11,452.0,389.0,25.0,88.0,1.0,0,0.739
166,1,273.0,260.0,231.0,121.0,1.0,0,0.843
166,2,419.0,454.0,162.0,102.0,1.0,3,0.843
166,3,418.0,260.0,55.0,93.0,1.0,0,0.0
166,4,540.0,315.0,300.0,189.0,1.0,3,0.451
166,5,431.0,380.0,179.0,94.0,1.0,0,0.477
166,6,341.0,354.0,286.0,180.0,1.0,3,0.352
166,7,567.0,296.0,85.0,142.0,1.0,0,0.134
166,8,467.0,366.0,243.0,153.0,1.0,3,0.137
166,9,533.0,270.0,31.0,143.0,1.0,0,0.376
166,10,547.0,397.0,225.0,142.0,1.0,3,0.91
166,11,455.0,389.0,25.0,88.0,1.0,0,0.739
167,1,275.0,261.0,231.0,121.0,1.0,0,0.832
167,2,416.0,455.0,162.0,102.0,1.0,3,0.833
167,3,421.0,260.0,55.0,93.0,1.0,0,0.011
167,4,538.0,315.0,300.0,189.0,1.0,3,0.454
167,5,433.0,380.0,179.0,94.0,1.0,0,0.465
167,6,338.0,354.0,286.0,180.0,1.0,3,0.359
167,7,570.0,296.0,85.0,142.0,1.0,0,0.134
167,8,463.0,366.0,243.0,153.0,1.0,3,0.134
167,9,536.0,270.0,31.0,143.0,1.0,0,0.332
167,10,544.0,397.0,225.0,142.0,1.0,3,0.911
167,11,458.0,389.0,25.0,88.0,1.0,0,0.75
168,1,278.0,261.0,231.0,121.0,1.0,0,0.832
168,2,412.0,455.0,162.0,102.0,1.0,3,0.833
168,3,424.0,259.0,55.0,93.0,1.0,0,0.022
168,4,536.0,314.0,300.0,189.0,1.0,3,0.462
168,5,436.0,380.0,179.0,94.0,1.0,0,0.443
168,6,335.0,355.0,286.0,180.0,1.0,3,0.362
168,7,573.0,296.0,85.0,142.0,1.0,0,0.127
168,8,460.0,366.0,243.0,153.0,1.0,3,0.132
168,9,540.0,270.0,31.0,143.0,1.0,0,0.308
168,10,541.0,397.0,225.0,142.0,1.0,3,0.913
168,11,460.0,388.0,25.0,88.0,1.0,0,0.761
169,1,280.0,261.0,231.0,121.0,1.0,0,0.827
169,2,409.0,455.0,162.0,102.0,1.0,3,0.833
169,3,427.0,259.0,55.0,93.0,1.0,0,0.022
169,4,534.0,314.0,300.0,189.0,1.0,3,0.463
169,5,438.0,380.0,179.0,94.0,1.0,0,0.426
169,6,332.0,355.0,286.0,180.0,1.0,3,0.366
169,7,576.0,296.0,85.0,142.0,1.0,0,0.127
169,8,456.0,365.0,244.0,154.0,1.0,3,0.135
169,9,543.0,269.0,31.0,143.0,1.0,0,0.315
169,10,538.0,397.0,225.0,142.0,1.0,3,0.913
169,11,463.0,388.0,25.0,88.0,1.0,0,0.761
170,1,282.0,261.0,231.0,121.0,1.0,0,0.821
170,2,405.0,455.0,162.0,102.0,1.0,3,0.833
170,3,429.0,259.0,55.0,93.0,1.0,0,0.022
170,4,532.0,314.0,300.0,189.0,1.0,3,0.466
170,5,441.0,380.0,181.0,95.0,1.0,0,0.399
170,6,328.0,355.0,286.0,180.0,1.0,3,0.376
170,7,579.0,296.0,85.0,142.0,1.0,0,0.127
170,8,453.0,365.0,244.0,154.0,1.0,3,0.131
170,9,547.0,269.0,31.0,143.0,1.0,0,0.315
170,10,535.0,397.0,225.0,142.0,1.0,3,0.916
170,11,466.0,388.0,25.0,88.0,1.0,0,0.761
171,1,285.0,261.0,231.0,121.0,1.0,0,0.815
171,2,402.0,456.0,162.0,102.0,1.0,3,0.824
171,3,432.0,259.0,55.0,93.0,1.0,0,0.022
171,4,530.0,314.0,300.0,189.0,1.0,3,0.47
171,5,444.0,380.0,181.0,95.0,1.0,0,0.387
171,6,325.0,355.0,286.0,180.0,1.0,3,0.386
171,7,582.0,296.0,85.0,142.0,1.0,0,0.127
171,8,449.0,365.0,244.0,154.0,1.0,3,0.13
171,9,550.0,269.0,31.0,143.0,1.0,0,0.315
171,10,532.0,398.0,225.0,142.0,1.0,3,0.916
171,11,469.0,388.0,25.0,88.0,1.0,0,0.773
172,1,287.0,261.0,231.0,121.0,1.0,0,0.811
172,2,398.0,456.0,162.0,102.0,1.0,3,0.824
172,3,435.0,258.0,55.0,93.0,1.0,0,0.032
172,4,528.0,314.0,300.0,189.0,1.0,3,0.473
172,5,446.0,380.0,181.0,95.0,1.0,0,0.371
172,6,322.0,355.0,286.0,180.0,1.0,3,0.391
172,7,584.0,296.0,85.0,142.0,1.0,0,0.127
172,8,446.0,365.0,244.0,154.0,1.0,3,0.128
172,9,554.0,269.0,31.0,144.0,1.0,0,0.308
172,10,529.0,398.0,225.0,142.0,1.0,3,0.918
172,11,472.0,388.0,25.0,88.0,1.0,0,0.773
173,1,289.0,261.0,231.0,121.0,1.0,0,0.806
173,2,394.0,456.0,162.0,102.0,1.0,3,0.824
173,3,438.0,258.0,55.0,93.0,1.0,0,0.032
173,4,526.0,314.0,300.0,189.0,1.0,3,0.476
173,5,449.0,380.0,181.0,95.0,1.0,0,0.349
173,6,319.0,355.0,286.0,180.0,1.0,3,0.388
173,7,587.0,296.0,85.0,142.0,1.0,0,0.127
173,8,442.0,365.0,244.0,154.0,1.0,3,0.138
173,9,557.0,269.0,31.0,144.0,1.0,0,0.308
173,10,526.0,398.0,225.0,142.0,1.0,3,0.921
173,11,474.0,387.0,25.0,88.0,1.0,0,0.784
174,1,292.0,261.0,233.0,122.0,1.0,0,0.793
174,2,391.0,456.0,162.0,102.0,1.0,3,0.824
174,3,441.0,258.0,55.0,93.0,1.0,0,0.032
174,4,524.0,313.0,300.0,189.0,1.0,3,0.483
174,5,451.0,380.0,181.0,95.0,1.0,0,0.332
174,6,316.0,355.0,286.0,180.0,1.0,3,0.388
174,7,590.0,297.0,85.0,142.0,1.0,0,0.113
174,8,439.0,365.0,244.0,154.0,1.0,3,0.146
174,9,561.0,269.0,31.0,144.0,1.0,0,0.298
174,10,523.0,398.0,225.0,142.0,1.0,3,0.921
174,11,477.0,387.0,25.0,88.0,1.0,0,0.784
175,1,294.0,261.0,233.0,122.0,1.0,0,0.782
175,2,387.0,457.0,162.0,102.0,1.0,3,0.814
175,3,444.0,258.0,55.0,93.0,1.0,0,0.032
175,4,522.0,313.0,300.0,189.0,1.0,3,0.487
175,5,454.0,381.0,181.0,95.0,1.0,0,0.31
175,6,313.0,355.0,286.0,180.0,1.0,3,0.386
175,7,593.0,297.0,85.0,142.0,1.0,0,0.113
175,8,435.0,365.0,244.0,154.0,1.0,3,0.163
175,9,564.0,269.0,31.0,144.0,1.0,0,0.298
175,10,520.0,399.0,225.0,142.0,1.0,3,0.918
175,11,480.0,387.0,25.0,88.0,1.0,0,0.795
176,1,296.0,262.0,233.0,122.0,1.0,0,0.763
176,2,384.0,457.0,162.0,102.0,1.0,3,0.814
176,3,446.0,257.0,55.0,93.0,1.0,0,0.054
176,4,520.0,313.0,300.0,189.0,1.0,3,0.49
176,5,457.0,381.0,181.0,95.0,1.0,0,0.29
176,6,310.0,355.0,286.0,180.0,1.0,3,0.386
176,7,596.0,297.0,85.0,142.0,1.0,0,0.113
176,8,432.0,365.0,244.0,154.0,1.0,3,0.173
176,9,568.0,268.0,31.0,144.0,1.0,0,0.302
176,10,517.0,399.0,225.0,142.0,1.0,3,0.918
176,11,483.0,387.0,25.0,88.0,1.0,0,0.795
177,1,299.0,262.0,233.0,122.0,1.0,0,0.749
177,2,380.0,457.0,160.0,101.0,1.0,3,0.822
177,3,449.0,257.0,55.0,93.0,1.0,0,0.054
177,4,518.0,313.0,300.0,189.0,1.0,3,0.492
177,5,459.0,381.0,181.0,95.0,1.0,0,0.273
177,6,306.0,355.0,286.0,180.0,1.0,3,0.383
177,7,599.0,297.0,85.0,142.0,1.0,0,0.113
177,8,428.0,364.0,244.0,154.0,1.0,3,0.188
177,9,571.0,268.0,31.0,144.0,1.0,0,0.302
177,10,514.0,399.0,225.0,142.0,1.0,3,0.925
177,11,486.0,387.0,25.0,88.0,1.0,0,0.795
178,1,301.0,262.0,233.0,122.0,1.0,0,0.745
178,2,377.0,457.0,160.0,101.0,1.0,3,0.822
178,3,452.0,257.0,55.0,93.0,1.0,0,0.054
178,4,516.0,313.0,300.0,189.0,1.0,3,0.496
178,5,462.0,381.0,181.0,95.0,1.0,0,0.262
178,6,303.0,356.0,286.0,180.0,1.0,3,0.378
178,7,602.0,297.0,85.0,142.0,1.0,0,0.113
178,8,425.0,364.0,244.0,154.0,1.0,3,0.198
178,9,575.0,268.0,31.0,144.0,1.0,0,0.298
178,10,511.0,399.0,225.0,142.0,1.0,3,0.925
178,11,489.0,386.0,25.0,88.0,1.0,0,0.728
179,1,303.0,262.0,233.0,122.0,1.0,0,0.736
179,2,373.0,458.0,160.0,101.0,1.0,3,0.812
179,3,455.0,257.0,55.0,93.0,1.0,0,0.054
179,4,514.0,312.0,300.0,189.0,1.0,3,0.501
179,5,464.0,381.0,181.0,95.0,1.0,0,0.263
179,6,300.0,356.0,286.0,180.0,1.0,3,0.376
179,7,605.0,297.0,85.0,142.0,1.0,0,0.106
179,8,421.0,364.0,244.0,154.0,1.0,3,0.208
179,9,578.0,268.0,31.0,144.0,1.0,0,0.292
179,10,509.0,399.0,225.0,142.0,1.0,3,0.931
179,11,491.0,386.0,25.0,88.0,1.0,0,0.63
180,1,306.0,262.0,233.0,122.0,1.0,0,0.729
180,2,370.0,458.0,160.0,101.0,1.0,3,0.812
180,3,458.0,256.0,56.0,94.0,1.0,0,0.064
180,4,512.0,312.0,300.0,189.0,1.0,3,0.505
180,5,467.0,381.0,181.0,95.0,1.0,0,0.271
180,6,297.0,356.0,286.0,180.0,1.0,3,0.376
180,7,608.0,297.0,85.0,142.0,1.0,0,0.106
180,8,418.0,364.0,244.0,154.0,1.0,3,0.218
180,9,582.0,268.0,31.0,144.0,1.0,0,0.289
180,10,506.0,400.0,225.0,142.0,1.0,3,0.924
180,11,494.0,386.0,25.0,88.0,1.0,0,0.475
181,1,308.0,262.0,233.0,122.0,1.0,0,0.723
181,2,366.0,458.0,160.0,101.0,1.0,3,0.812
181,3,461.0,256.0,56.0,94.0,1.0,0,0.064
181,4,510.0,312.0,300.0,189.0,1.0,3,0.507
181,5,470.0,381.0,181.0,95.0,1.0,0,0.271
181,6,294.0,356.0,284.0,179.0,1.0,3,0.376
181,7,610.0,297.0,85.0,142.0,1.0,0,0.106
181,8,414.0,364.0,246.0,155.0,1.0,3,0.227
181,9,585.0,268.0,31.0,144.0,1.0,0,0.285
181,10,503.0,400.0,225.0,142.0,1.0,3,0.927
181,11,497.0,386.0,25.0,88.0,1.0,0,0.317
182,1,310.0,262.0,233.0,122.0,1.0,0,0.716
182,2,363.0,458.0,160.0,101.0,1.0,3,0.812
182,3,463.0,256.0,56.0,94.0,1.0,0,0.064
182,4,508.0,312.0,300.0,189.0,1.0,3,0.509
182,5,472.0,381.0,181.0,95.0,1.0,0,0.273
182,6,291.0,356.0,284.0,179.0,1.0,3,0.376
182,7,613.0,297.0,85.0,142.0,1.0,0,0.106
182,8,411.0,364.0,246.0,155.0,1.0,3,0.235
182,9,589.0,268.0,31.0,144.0,1.0,0,0.282
182,10,500.0,400.0,225.0,142.0,1.0,3,0.927
182,11,500.0,385.0,25.0,88.0,1.0,0,0.17
183,1,313.0,262.0,233.0,122.0,1.0,0,0.707
183,2,359.0,459.0,160.0,101.0,1.0,3,0.802
183,3,466.0,256.0,56.0,94.0,1.0,0,0.064
183,4,505.0,312.0,300.0,189.0,1.0,3,0.509
183,5,475.0,381.0,181.0,95.0,1.0,0,0.254
183,6,288.0,356.0,284.0,179.0,1.0,3,0.373
183,7,616.0,297.0,85.0,142.0,1.0,0,0.106
183,8,407.0,364.0,246.0,155.0,1.0,3,0.249
183,9,592.0,268.0,31.0,144.0,1.0,0,0.282
183,10,497.0,400.0,225.0,142.0,1.0,3,0.93
183,11,503.0,385.0,25.0,88.0,1.0,0,0.17
184,1,315.0,263.0,233.0,122.0,1.0,0,0.691
184,2,355.0,459.0,160.0,101.0,1.0,3,0.802
184,3,469.0,256.0,56.0,94.0,1.0,0,0.074
184,4,503.0,311.0,300.0,189.0,1.0,3,0.515
184,5,478.0,381.0,181.0,95.0,1.0,0,0.241
184,6,284.0,356.0,284.0,179.0,1.0,3,0.375
184,7,619.0,297.0,85.0,142.0,1.0,0,0.099
184,8,404.0,364.0,246.0,155.0,1.0,3,0.261
184,9,596.0,267.0,31.0,144.0,1.0,0,0.28
184,10,494.0,401.0,225.0,142.0,1.0,3,0.926
184,11,505.0,385.0,25.0,88.0,1.0,0,0.182
185,1,317.0,263.0,233.0,122.0,1.0,0,0.685
185,2,352.0,459.0,160.0,101.0,1.0,3,0.802
185,3,472.0,255.0,56.0,94.0,1.0,0,0.085
185,4,501.0,311.0,300.0,189.0,1.0,3,0.516
185,5,480.0,381.0,181.0,95.0,1.0,0,0.224
185,6,281.0,356.0,284.0,179.0,1.0,3,0.373
185,7,622.0,297.0,85.0,142.0,1.0,0,0.099
185,8,400.0,364.0,246.0,155.0,1.0,3,0.273
185,9,599.0,267.0,31.0,144.0,1.0,0,0.28
185,10,491.0,401.0,225.0,142.0,1.0,3,0.926
185,11,508.0,385.0,25.0,88.0,1.0,0,0.182
186,1,320.0,263.0,233.0,122.0,1.0,0,0.677
186,2,348.0,459.0,160.0,101.0,1.0,3,0.802
186,3,475.0,255.0,56.0,94.0,1.0,0,0.085
186,4,499.0,311.0,300.0,189.0,1.0,3,0.515
186,5,483.0,381.0,181.0,95.0,1.0,0,0.204
186,6,278.0,356.0,284.0,179.0,1.0,3,0.368
186,7,625.0,297.0,85.0,142.0,1.0,0,0.099
186,8,397.0,363.0,246.0,155.0,1.0,3,0.292
186,9,603.0,267.0,31.0,144.0,1.0,0,0.277
186,10,488.0,401.0,225.0,142.0,1.0,3,0.928
186,11,511.0,385.0,25.0,88.0,1.0,0,0.182
187,1,322.0,263.0,233.0,122.0,1.0,0,0.677
187,2,345.0,459.0,160.0,101.0,1.0,3,0.802
187,3,478.0,255.0,56.0,94.0,1.0,0,0.085
187,4,497.0,311.0,300.0,189.0,1.0,3,0.513
187,5,485.0,381.0,181.0,95.0,1.0,0,0.186
187,6,275.0,357.0,284.0,179.0,1.0,3,0.362
187,7,628.0,297.0,85.0,143.0,1.0,0,0.098
187,8,393.0,363.0,246.0,155.0,1.0,3,0.304
187,9,606.0,267.0,31.0,144.0,1.0,0,0.277
187,10,485.0,401.0,227.0,143.0,1.0,3,0.922
187,11,514.0,384.0,25.0,88.0,1.0,0,0.193
188,1,324.0,263.0,233.0,122.0,1.0,0,0.67
188,2,341.0,460.0,160.0,101.0,1.0,3,0.792
188,3,480.0,255.0,56.0,94.0,1.0,0,0.085
188,4,495.0,311.0,300.0,189.0,1.0,3,0.514
188,5,488.0,381.0,181.0,95.0,1.0,0,0.195
188,6,272.0,357.0,284.0,179.0,1.0,3,0.362
188,7,631.0,297.0,85.0,143.0,1.0,0,0.098
188,8,390.0,363.0,246.0,155.0,1.0,3,0.31
188,9,610.0,267.0,31.0,144.0,1.0,0,0.274
188,10,482.0,402.0,227.0,143.0,1.0,3,0.918
188,11,517.0,384.0,25.0,88.0,1.0,0,0.205
189,1,327.0,263.0,233.0,122.0,1.0,0,0.662
189,2,338.0,460.0,160.0,101.0,1.0,3,0.792
189,3,483.0,254.0,56.0,94.0,1.0,0,0.096
189,4,493.0,311.0,300.0,189.0,1.0,3,0.515
189,5,491.0,381.0,181.0,95.0,1.0,0,0.195
189,6,269.0,357.0,284.0,179.0,1.0,3,0.36
189,7,634.0,298.0,85.0,143.0,1.0,0,0.091
189,8,386.0,363.0,246.0,155.0,1.0,3,0.315
189,9,613.0,267.0,31.0,144.0,1.0,0,0.276
189,10,479.0,402.0,227.0,143.0,1.0,3,0.918
189,11,519.0,384.0,25.0,88.0,1.0,0,0.205
190,1,329.0,263.0,234.0,123.0,1.0,0,0.647
190,2,334.0,460.0,160.0,101.0,1.0,3,0.792
190,3,486.0,254.0,56.0,94.0,1.0,0,0.096
190,4,491.0,310.0,300.0,189.0,1.0,3,0.519
190,5,493.0,381.0,181.0,95.0,1.0,0,0.195
190,6,266.0,357.0,284.0,179.0,1.0,3,0.358
190,7,636.0,298.0,85.0,143.0,1.0,0,0.084
190,8,383.0,363.0,246.0,155.0,1.0,3,0.318
190,9,617.0,267.0,31.0,144.0,1.0,0,0.266
190,10,476.0,402.0,227.0,143.0,1.0,3,0.921
190,11,522.0,384.0,25.0,88.0,1.0,0,0.205
191,1,331.0,263.0,234.0,123.0,1.0,0,0.64
191,2,331.0,460.0,160.0,101.0,1.0,3,0.792
191,3,489.0,254.0,56.0,94.0,1.0,0,0.096
191,4,489.0,310.0,300.0,189.0,1.0,3,0.52
191,5,496.0,381.0,181.0,95.0,1.0,0,0.195
191,6,262.0,357.0,284.0,179.0,1.0,3,0.36
191,7,639.0,298.0,85.0,143.0,1.0,0,0.084
191,8,379.0,363.0,246.0,155.0,1.0,3,0.324
191,9,620.0,266.0,31.0,144.0,1.0,0,0.273
191,10,473.0,402.0,227.0,143.0,1.0,3,0.921
191,11,525.0,384.0,25.0,88.0,1.0,0,0.205
192,1,334.0,263.0,234.0,123.0,1.0,0,0.632
192,2,327.0,461.0,160.0,101.0,1.0,3,0.782
192,3,492.0,254.0,56.0,94.0,1.0,0,0.096
192,4,487.0,310.0,300.0,189.0,1.0,3,0.521
192,5,498.0,381.0,181.0,95.0,1.0,0,0.193
192,6,259.0,357.0,284.0,179.0,1.0,3,0.359
192,7,642.0,298.0,85.0,143.0,1.0,0,0.084
192,8,376.0,363.0,246.0,155.0,1.0,3,0.329
192,9,624.0,266.0,31.0,144.0,1.0,0,0.271
192,10,470.0,402.0,227.0,143.0,1.0,3,0.924
192,11,528.0,383.0,25.0,88.0,1.0,0,0.216
193,1,336.0,264.0,234.0,123.0,1.0,0,0.617
193,2,324.0,461.0,160.0,101.0,1.0,3,0.782
193,3,495.0,253.0,57.0,95.0,1.0,0,0.116
193,4,485.0,310.0,300.0,189.0,1.0,3,0.521
193,5,501.0,381.0,181.0,95.0,1.0,0,0.203
193,6,256.0,357.0,284.0,179.0,1.0,3,0.357
193,7,645.0,298.0,85.0,143.0,1.0,0,0.084
193,8,372.0,363.0,248.0,156.0,1.0,3,0.331
193,9,627.0,266.0,31.0,144.0,1.0,0,0.271
193,10,467.0,403.0,227.0,143.0,1.0,3,0.917
193,11,531.0,383.0,25.0,88.0,1.0,0,0.227
194,1,338.0,264.0,234.0,123.0,1.0,0,0.611
194,2,320.0,461.0,159.0,100.0,1.0,3,0.79
194,3,497.0,253.0,57.0,95.0,1.0,0,0.116
194,4,483.0,310.0,300.0,189.0,1.0,3,0.52
194,5,504.0,381.0,181.0,95.0,1.0,0,0.203
194,6,253.0,357.0,284.0,179.0,1.0,3,0.353
194,7,648.0,298.0,85.0,143.0,1.0,0,0.084
194,8,369.0,362.0,248.0,156.0,1.0,3,0.341
194,9,630.0,266.0,31.0,144.0,1.0,0,0.271
194,10,464.0,403.0,227.0,143.0,1.0,3,0.922
194,11,533.0,383.0,25.0,88.0,1.0,0,0.227
195,1,340.0,264.0,234.0,123.0,1.0,0,0.601
195,2,316.0,461.0,159.0,100.0,1.0,3,0.79
195,3,500.0,253.0,57.0,95.0,1.0,0,0.116
195,4,481.0,309.0,300.0,189.0,1.0,3,0.523
195,5,506.0,381.0,181.0,95.0,1.0,0,0.203
195,6,250.0,357.0,284.0,179.0,1.0,3,0.349
195,7,651.0,298.0,85.0,143.0,1.0,0,0.077
195,8,365.0,362.0,248.0,156.0,1.0,3,0.347
195,9,634.0,266.0,31.0,144.0,1.0,0,0.264
195,10,462.0,403.0,227.0,143.0,1.0,3,0.926
195,11,536.0,383.0,25.0,88.0,1.0,0,0.227
196,1,343.0,264.0,234.0,123.0,1.0,0,0.597
196,2,313.0,462.0,159.0,100.0,1.0,3,0.78
196,3,503.0,253.0,57.0,95.0,1.0,0,0.116
196,4,479.0,309.0,300.0,189.0,1.0,3,0.519
196,5,509.0,381.0,181.0,95.0,1.0,0,0.219
196,6,247.0,358.0,284.0,179.0,1.0,3,0.346
196,7,654.0,298.0,85.0,143.0,1.0,0,0.077
196,8,362.0,362.0,248.0,156.0,1.0,3,0.353
196,9,637.0,266.0,31.0,144.0,1.0,0,0.264
196,10,459.0,403.0,227.0,143.0,1.0,3,0.927
196,11,539.0,383.0,25.0,88.0,1.0,0,0.227
197,1,345.0,264.0,234.0,123.0,1.0,0,0.591
197,2,309.0,462.0,159.0,100.0,1.0,3,0.78
197,3,506.0,252.0,57.0,95.0,1.0,0,0.126
197,4,477.0,309.0,300.0,189.0,1.0,3,0.514
197,5,511.0,382.0,181.0,95.0,1.0,0,0.238
197,6,244.0,358.0,284.0,179.0,1.0,3,0.344
197,7,657.0,298.0,85.0,143.0,1.0,0,0.077
197,8,359.0,362.0,248.0,156.0,1.0,3,0.36
197,9,641.0,266.0,31.0,144.0,1.0,0,0.262
197,10,456.0,404.0,227.0,143.0,1.0,3,0.922
197,11,542.0,382.0,25.0,88.0,1.0,0,0.25
198,1,347.0,264.0,234.0,123.0,1.0,0,0.584
198,2,306.0,462.0,159.0,100.0,1.0,3,0.78
198,3,509.0,252.0,57.0,95.0,1.0,0,0.126
198,4,475.0,309.0,300.0,189.0,1.0,3,0.507
198,5,514.0,382.0,181.0,95.0,1.0,0,0.263
198,6,240.0,358.0,284.0,179.0,1.0,3,0.346
198,7,660.0,298.0,85.0,143.0,1.0,0,0.077
198,8,355.0,362.0,248.0,156.0,1.0,3,0.366
198,9,644.0,265.0,31.0,144.0,1.0,0,0.269
198,10,453.0,404.0,227.0,143.0,1.0,3,0.922
198,11,545.0,382.0,25.0,88.0,1.0,0,0.25
199,1,350.0,264.0,234.0,123.0,1.0,0,0.575
199,2,302.0,462.0,159.0,100.0,1.0,3,0.78
199,3,512.0,252.0,57.0,95.0,1.0,0,0.126
199,4,473.0,309.0,298.0,188.0,1.0,3,0.497
199,5,517.0,382.0,181.0,95.0,1.0,0,0.289
199,6,237.0,358.0,283.0,178.0,1.0,3,0.346
199,7,663.0,298.0,85.0,143.0,1.0,0,0.077
199,8,352.0,362.0,248.0,156.0,1.0,3,0.369
199,9,648.0,265.0,31.0,144.0,1.0,0,0.266
199,10,450.0,404.0,227.0,143.0,1.0,3,0.925
199,11,548.0,382.0,25.0,88.0,1.0,0,0.25
200,1,352.0,264.0,234.0,123.0,1.0,0,0.564
200,2,299.0,463.0,159.0,100.0,1.0,3,0.77
200,3,514.0,252.0,57.0,95.0,1.0,0,0.126
200,4,471.0,308.0,298.0,188.0,1.0,3,0.491
200,5,519.0,382.0,183.0,96.0,1.0,0,0.315
200,6,234.0,358.0,283.0,178.0,1.0,3,0.345
200,7,665.0,298.0,85.0,143.0,1.0,0,0.07
200,8,348.0,362.0,248.0,156.0,1.0,3,0.376
200,9,651.0,265.0,31.0,144.0,1.0,0,0.261
200,10,447.0,404.0,227.0,143.0,1.0,3,0.925
200,11,550.0,382.0,26.0,89.0,1.0,0,0.247
201,1,354.0,265.0,234.0,123.0,1.0,0,0.549
201,2,295.0,463.0,159.0,100.0,1.0,3,0.77
201,3,517.0,252.0,57.0,95.0,1.0,0,0.137
201,4,469.0,308.0,298.0,188.0,1.0,3,0.483
201,5,522.0,382.0,183.0,96.0,1.0,0,0.381
201,6,231.0,358.0,283.0,178.0,1.0,3,0.344
201,7,668.0,298.0,85.0,143.0,1.0,0,0.07
201,8,345.0,362.0,248.0,156.0,1.0,3,0.382
201,9,655.0,265.0,31.0,144.0,1.0,0,0.258
201,10,444.0,405.0,227.0,143.0,1.0,3,0.92
201,11,553.0,382.0,26.0,89.0,1.0,0,0.0
202,1,357.0,265.0,234.0,123.0,1.0,0,0.541
202,2,292.0,463.0,159.0,100.0,1.0,3,0.77
202,3,520.0,251.0,57.0,95.0,1.0,0,0.147
202,4,467.0,308.0,298.0,188.0,1.0,3,0.477
202,5,524.0,382.0,183.0,96.0,1.0,0,0.402
202,6,228.0,358.0,283.0,178.0,1.0,3,0.342
202,7,671.0,298.0,85.0,143.0,1.0,0,0.07
202,8,341.0,362.0,248.0,156.0,1.0,3,0.386
202,9,658.0,265.0,32.0,145.0,1.0,0,0.256
202,10,441.0,405.0,227.0,143.0,1.0,3,0.92
202,11,556.0,381.0,26.0,89.0,1.0,0,0.011
203,1,359.0,265.0,234.0,123.0,1.0,0,0.534
203,2,288.0,463.0,159.0,100.0,1.0,3,0.77
203,3,523.0,251.0,57.0,95.0,1.0,0,0.147
203,4,465.0,308.0,298.0,188.0,1.0,3,0.468
203,5,527.0,382.0,183.0,96.0,1.0,0,0.427
203,6,225.0,358.0,283.0,178.0,1.0,3,0.337
203,7,674.0,298.0,85.0,143.0,1.0,0,0.07
203,8,338.0,361.0,248.0,156.0,1.0,3,0.396
203,9,662.0,265.0,32.0,145.0,1.0,0,0.253
203,10,438.0,405.0,227.0,143.0,1.0,3,0.923
203,11,559.0,381.0,26.0,89.0,1.0,0,0.011
204,1,361.0,265.0,234.0,123.0,1.0,0,0.527
204,2,285.0,464.0,159.0,100.0,1.0,3,0.76
204,3,526.0,251.0,57.0,95.0,1.0,0,0.147
204,4,463.0,308.0,298.0,188.0,1.0,3,0.461
204,5,530.0,382.0,183.0,96.0,1.0,0,0.452
204,6,222.0,358.0,283.0,178.0,1.0,3,0.336
204,7,677.0,299.0,85.0,143.0,1.0,0,0.074
204,8,334.0,361.0,248.0,156.0,1.0,3,0.405
204,9,665.0,265.0,32.0,145.0,1.0,0,0.258
204,10,435.0,405.0,227.0,143.0,1.0,3,0.923
204,11,562.0,381.0,26.0,89.0,1.0,0,0.011
205,1,364.0,265.0,234.0,123.0,1.0,0,0.515
205,2,281.0,464.0,159.0,100.0,1.0,3,0.76
205,3,529.0,251.0,57.0,95.0,1.0,0,0.147
205,4,460.0,307.0,298.0,188.0,1.0,3,0.456
205,5,532.0,382.0,183.0,96.0,1.0,0,0.472
205,6,218.0,359.0,283.0,178.0,1.0,3,0.334
205,7,680.0,299.0,85.0,143.0,1.0,0,0.134
205,8,331.0,361.0,249.0,157.0,1.0,3,0.404
205,9,669.0,265.0,32.0,145.0,1.0,0,0.253
205,10,432.0,405.0,227.0,143.0,1.0,3,0.925
205,11,564.0,381.0,26.0,89.0,1.0,0,0.011
206,1,366.0,265.0,234.0,123.0,1.0,0,0.508
206,2,277.0,464.0,159.0,100.0,1.0,3,0.76
206,3,531.0,250.0,57.0,95.0,1.0,0,0.158
206,4,458.0,307.0,298.0,188.0,1.0,3,0.448
206,5,535.0,382.0,183.0,96.0,1.0,0,0.504
206,6,215.0,359.0,283.0,178.0,1.0,3,0.33
206,7,683.0,299.0,85.0,143.0,1.0,0,0.189
206,8,327.0,361.0,249.0,157.0,1.0,3,0.413
206,9,672.0,264.0,32.0,145.0,1.0,0,0.26
206,10,429.0,406.0,227.0,143.0,1.0,3,0.921
206,11,567.0,381.0,26.0,89.0,1.0,0,0.011
207,1,368.0,265.0,236.0,124.0,1.0,0,0.495
207,2,274.0,464.0,159.0,100.0,1.0,3,0.76
207,3,534.0,250.0,57.0,96.0,1.0,0,0.156
207,4,456.0,307.0,298.0,188.0,1.0,3,0.442
207,5,537.0,382.0,183.0,96.0,1.0,0,0.525
207,6,212.0,359.0,283.0,178.0,1.0,3,0.33
207,7,686.0,299.0,85.0,143.0,1.0,0,0.245
207,8,324.0,361.0,249.0,157.0,1.0,3,0.416
207,9,676.0,264.0,32.0,145.0,1.0,0,0.259
207,10,426.0,406.0,227.0,143.0,1.0,3,0.921
207,11,570.0,380.0,26.0,89.0,1.0,0,0.022
208,1,371.0,265.0,236.0,124.0,1.0,0,0.486
208,2,270.0,464.0,159.0,100.0,1.0,3,0.76
208,3,537.0,250.0,57.0,96.0,1.0,0,0.156
208,4,454.0,307.0,298.0,188.0,1.0,3,0.434
208,5,540.0,382.0,183.0,96.0,1.0,0,0.549
208,6,209.0,359.0,283.0,178.0,1.0,3,0.327
208,7,689.0,299.0,85.0,143.0,1.0,0,0.3
208,8,320.0,361.0,249.0,157.0,1.0,3,0.422
208,9,679.0,264.0,32.0,145.0,1.0,0,0.259
208,10,423.0,406.0,227.0,143.0,1.0,3,0.923
208,11,573.0,380.0,26.0,89.0,1.0,0,0.022
209,1,373.0,265.0,236.0,124.0,1.0,0,0.479
209,2,267.0,465.0,159.0,100.0,1.0,3,0.75
209,3,540.0,250.0,57.0,96.0,1.0,0,0.156
209,4,452.0,307.0,298.0,188.0,1.0,3,0.426
209,5,543.0,382.0,183.0,96.0,1.0,0,0.574
209,6,206.0,359.0,283.0,178.0,1.0,3,0.328
209,7,691.0,299.0,85.0,143.0,1.0,0,0.345
209,8,317.0,361.0,249.0,157.0,1.0,3,0.428
209,9,683.0,264.0,32.0,145.0,1.0,0,0.255
209,10,420.0,406.0,227.0,143.0,1.0,3,0.923
209,11,576.0,380.0,26.0,89.0,1.0,0,0.022
210,1,375.0,266.0,236.0,124.0,1.0,0,0.464
210,2,263.0,465.0,159.0,100.0,1.0,3,0.75
210,3,543.0,249.0,57.0,96.0,1.0,0,0.177
210,4,450.0,307.0,298.0,188.0,1.0,3,0.42
210,5,545.0,382.0,183.0,96.0,1.0,0,0.592
210,6,203.0,359.0,283.0,178.0,1.0,3,0.324
210,7,694.0,299.0,85.0,143.0,1.0,0,0.4
210,8,313.0,361.0,249.0,157.0,1.0,3,0.436
210,9,686.0,264.0,32.0,145.0,1.0,0,0.255
210,10,417.0,407.0,229.0,144.0,1.0,3,0.912
210,11,578.0,380.0,26.0,89.0,1.0,0,0.022
211,1,378.0,266.0,236.0,124.0,1.0,0,0.449
211,2,260.0,465.0,159.0,100.0,1.0,3,0.75
211,3,546.0,249.0,57.0,96.0,1.0,0,0.177
211,4,448.0,306.0,298.0,188.0,1.0,3,0.414
211,5,548.0,382.0,183.0,96.0,1.0,0,0.612
211,6,200.0,359.0,283.0,178.0,1.0,3,0.321
211,7,697.0,299.0,86.0,144.0,1.0,0,0.458
211,8,310.0,360.0,249.0,157.0,1.0,3,0.448
211,9,690.0,264.0,32.0,145.0,1.0,0,0.252
211,10,415.0,407.0,229.0,144.0,1.0,3,0.915
211,11,581.0,380.0,26.0,89.0,1.0,0,0.022
212,1,380.0,266.0,236.0,124.0,1.0,0,0.442
212,2,256.0,465.0,157.0,99.0,1.0,3,0.758
212,3,548.0,249.0,57.0,96.0,1.0,0,0.177
212,4,446.0,306.0,298.0,188.0,1.0,3,0.408
212,5,550.0,382.0,183.0,96.0,1.0,0,0.632
212,6,196.0,359.0,283.0,178.0,1.0,3,0.321
212,7,700.0,299.0,86.0,144.0,1.0,0,0.513
212,8,306.0,360.0,249.0,157.0,1.0,3,0.453
212,9,693.0,264.0,32.0,145.0,1.0,0,0.252
212,10,412.0,407.0,229.0,144.0,1.0,3,0.921
212,11,584.0,379.0,26.0,89.0,1.0,0,0.034
213,1,382.0,266.0,236.0,124.0,1.0,0,0.435
213,2,253.0,466.0,157.0,99.0,1.0,3,0.747
213,3,551.0,249.0,57.0,96.0,1.0,0,0.177
213,4,444.0,306.0,298.0,188.0,1.0,3,0.4
213,5,553.0,382.0,183.0,96.0,1.0,0,0.656
213,6,193.0,359.0,283.0,178.0,1.0,3,0.322
213,7,703.0,299.0,86.0,144.0,1.0,0,0.569
213,8,303.0,360.0,249.0,157.0,1.0,3,0.459
213,9,697.0,263.0,32.0,145.0,1.0,0,0.257
213,10,409.0,407.0,229.0,144.0,1.0,3,0.921
213,11,587.0,379.0,26.0,89.0,1.0,0,0.034
214,1,385.0,266.0,236.0,124.0,1.0,0,0.426
214,2,249.0,466.0,157.0,99.0,1.0,3,0.747
214,3,554.0,248.0,57.0,96.0,1.0,0,0.188
214,4,442.0,306.0,298.0,188.0,1.0,3,0.396
214,5,556.0,382.0,183.0,96.0,1.0,0,0.681
214,6,190.0,359.0,283.0,178.0,1.0,3,0.318
214,7,706.0,299.0,86.0,144.0,1.0,0,0.624
214,8,299.0,360.0,249.0,157.0,1.0,3,0.461
214,9,700.0,263.0,32.0,145.0,1.0,0,0.257
214,10,406.0,407.0,229.0,144.0,1.0,3,0.924
214,11,590.0,379.0,26.0,89.0,1.0,0,0.034
215,1,387.0,266.0,236.0,124.0,1.0,0,0.42
215,2,246.0,466.0,157.0,99.0,1.0,3,0.747
215,3,557.0,248.0,57.0,96.0,1.0,0,0.188
215,4,440.0,306.0,298.0,188.0,1.0,3,0.398
215,5,558.0,382.0,183.0,96.0,1.0,0,0.705
215,6,187.0,360.0,283.0,178.0,1.0,3,0.314
215,7,709.0,299.0,86.0,144.0,1.0,0,0.664
215,8,296.0,360.0,249.0,157.0,1.0,3,0.464
215,9,704.0,263.0,32.0,145.0,1.0,0,0.256
215,10,403.0,408.0,229.0,144.0,1.0,3,0.917
215,11,593.0,379.0,26.0,89.0,1.0,0,0.034
216,1,389.0,266.0,236.0,124.0,1.0,0,0.407
216,2,242.0,466.0,157.0,99.0,1.0,3,0.747
216,3,560.0,248.0,57.0,96.0,1.0,0,0.188
216,4,438.0,305.0,298.0,188.0,1.0,3,0.406
216,5,561.0,382.0,183.0,96.0,1.0,0,0.729
216,6,184.0,360.0,283.0,178.0,1.0,3,0.311
216,7,712.0,299.0,86.0,144.0,1.0,0,0.693
216,8,292.0,360.0,249.0,157.0,1.0,3,0.467
216,9,707.0,263.0,32.0,145.0,1.0,0,0.255
216,10,400.0,408.0,229.0,144.0,1.0,3,0.917
216,11,595.0,379.0,26.0,89.0,1.0,0,0.034
217,1,392.0,266.0,236.0,124.0,1.0,0,0.397
217,2,238.0,467.0,157.0,99.0,1.0,3,0.737
217,3,563.0,248.0,57.0,96.0,1.0,0,0.188
217,4,436.0,305.0,298.0,188.0,1.0,3,0.406
217,5,563.0,382.0,183.0,96.0,1.0,0,0.749
217,6,181.0,360.0,281.0,177.0,1.0,3,0.61
217,7,715.0,299.0,86.0,144.0,1.0,0,0.729
217,8,289.0,360.0,251.0,158.0,1.0,3,0.094
217,9,711.0,263.0,32.0,145.0,1.0,0,0.253
217,10,397.0,408.0,229.0,144.0,1.0,3,0.917
217,11,598.0,378.0,26.0,89.0,1.0,0,0.045
218,1,394.0,267.0,236.0,124.0,1.0,0,0.382
218,2,235.0,467.0,157.0,99.0,1.0,3,0.737
218,3,565.0,248.0,57.0,96.0,1.0,0,0.198
218,4,434.0,305.0,298.0,188.0,1.0,3,0.411
218,5,566.0,382.0,183.0,96.0,1.0,0,0.773
218,6,178.0,360.0,281.0,177.0,1.0,3,0.61
218,7,717.0,299.0,86.0,144.0,1.0,0,0.749
218,8,285.0,360.0,251.0,158.0,1.0,3,0.093
218,9,714.0,263.0,32.0,145.0,1.0,0,0.252
218,10,394.0,408.0,229.0,144.0,1.0,3,0.917
218,11,601.0,378.0,26.0,89.0,1.0,0,0.045
219,1,396.0,267.0,236.0,124.0,1.0,0,0.373
219,2,231.0,467.0,157.0,99.0,1.0,3,0.737
219,3,568.0,247.0,57.0,96.0,1.0,0,0.208
219,4,432.0,305.0,298.0,188.0,1.0,3,0.414
219,5,569.0,383.0,183.0,96.0,1.0,0,0.797
219,6,174.0,360.0,281.0,177.0,1.0,3,0.614
219,7,720.0,300.0,86.0,144.0,1.0,0,0.779
219,8,282.0,359.0,251.0,158.0,1.0,3,0.103
219,9,718.0,263.0,32.0,145.0,1.0,0,0.257
219,10,391.0,409.0,229.0,144.0,1.0,3,0.91
219,11,604.0,378.0,26.0,89.0,1.0,0,0.056
220,1,399.0,267.0,236.0,124.0,1.0,0,0.364
220,2,228.0,467.0,157.0,99.0,1.0,3,0.737
220,3,571.0,247.0,57.0,96.0,1.0,0,0.208
220,4,430.0,305.0,298.0,188.0,1.0,3,0.417
220,5,571.0,383.0,183.0,96.0,1.0,0,0.817
220,6,171.0,360.0,281.0,177.0,1.0,3,0.614
220,7,723.0,300.0,86.0,144.0,1.0,0,0.816
220,8,278.0,359.0,251.0,158.0,1.0,3,0.101
220,9,721.0,263.0,32.0,145.0,1.0,0,0.257
220,10,388.0,409.0,229.0,144.0,1.0,3,0.91
220,11,607.0,378.0,26.0,89.0,1.0,0,0.056
221,1,401.0,267.0,236.0,124.0,1.0,0,0.349
221,2,224.0,468.0,157.0,99.0,1.0,3,0.727
221,3,574.0,247.0,58.0,97.0,1.0,0,0.206
221,4,428.0,304.0,298.0,188.0,1.0,3,0.424
221,5,574.0,383.0,183.0,96.0,1.0,0,0.841
221,6,168.0,360.0,281.0,177.0,1.0,3,0.617
221,7,726.0,300.0,86.0,144.0,1.0,0,0.847
221,8,275.0,359.0,251.0,158.0,1.0,3,0.101
221,9,724.0,262.0,32.0,145.0,1.0,0,0.264
221,10,385.0,409.0,229.0,144.0,1.0,3,0.91
221,11,609.0,377.0,26.0,89.0,1.0,0,0.067
222,1,403.0,267.0,236.0,124.0,1.0,0,0.342
222,2,221.0,468.0,157.0,99.0,1.0,3,0.727
222,3,577.0,247.0,58.0,97.0,1.0,0,0.206
222,4,426.0,304.0,298.0,188.0,1.0,3,0.428
222,5,576.0,383.0,183.0,96.0,1.0,0,0.861
222,6,165.0,360.0,281.0,177.0,1.0,3,0.617
222,7,729.0,300.0,86.0,144.0,1.0,0,0.852
222,8,271.0,359.0,251.0,158.0,1.0,3,0.1
222,9,728.0,262.0,32.0,145.0,1.0,0,0.28
222,10,382.0,409.0,229.0,144.0,1.0,3,0.91
222,11,612.0,377.0,26.0,89.0,1.0,0,0.067
223,1,405.0,267.0,238.0,125.0,1.0,0,0.331
223,2,217.0,468.0,157.0,99.0,1.0,3,0.727
223,3,580.0,246.0,58.0,97.0,1.0,0,0.216
223,4,424.0,304.0,298.0,188.0,1.0,3,0.432
223,5,579.0,383.0,183.0,96.0,1.0,0,0.886
223,6,162.0,360.0,281.0,177.0,1.0,3,0.619
223,7,732.0,300.0,86.0,144.0,1.0,0,0.852
223,8,268.0,359.0,251.0,158.0,1.0,3,0.102
223,9,731.0,262.0,32.0,145.0,1.0,0,0.28
223,10,379.0,410.0,229.0,144.0,1.0,3,0.903
223,11,615.0,377.0,26.0,89.0,1.0,0,0.067
224,1,408.0,267.0,238.0,125.0,1.0,0,0.322
224,2,214.0,468.0,157.0,99.0,1.0,3,0.727
224,3,582.0,246.0,58.0,97.0,1.0,0,0.216
224,4,422.0,304.0,298.0,188.0,1.0,3,0.437
224,5,582.0,383.0,183.0,96.0,1.0,0,0.91
224,6,159.0,361.0,281.0,177.0,1.0,3,0.614
224,7,735.0,300.0,86.0,144.0,1.0,0,0.852
224,8,264.0,359.0,251.0,158.0,1.0,3,0.105
224,9,735.0,262.0,32.0,145.0,1.0,0,0.262
224,10,376.0,410.0,229.0,144.0,1.0,3,0.903
224,11,618.0,377.0,26.0,89.0,1.0,0,0.067
225,1,410.0,267.0,238.0,125.0,1.0,0,0.314
225,2,210.0,469.0,157.0,99.0,1.0,3,0.717
225,3,585.0,246.0,58.0,97.0,1.0,0,0.216
225,4,420.0,304.0,298.0,188.0,1.0,3,0.44
225,5,584.0,383.0,183.0,96.0,1.0,0,0.929
225,6,156.0,361.0,281.0,177.0,1.0,3,0.617
225,7,738.0,300.0,86.0,144.0,1.0,0,0.857
225,8,261.0,359.0,251.0,158.0,1.0,3,0.105
225,9,738.0,262.0,32.0,145.0,1.0,0,0.262
225,10,373.0,410.0,229.0,144.0,1.0,3,0.903
225,11,621.0,377.0,26.0,89.0,1.0,0,0.067
226,1,412.0,267.0,238.0,125.0,1.0,0,0.305
226,2,207.0,469.0,157.0,99.0,1.0,3,0.717
226,3,588.0,246.0,58.0,97.0,1.0,0,0.216
226,4,417.0,304.0,298.0,188.0,1.0,3,0.443
226,5,587.0,383.0,183.0,96.0,1.0,0,0.949
226,6,152.0,361.0,281.0,177.0,1.0,3,0.623
226,7,741.0,300.0,86.0,144.0,1.0,0,0.857
226,8,257.0,359.0,251.0,158.0,1.0,3,0.105
226,9,742.0,262.0,32.0,145.0,1.0,0,0.262
226,10,371.0,410.0,229.0,144.0,1.0,3,0.903
226,11,623.0,376.0,26.0,89.0,1.0,0,0.079
227,1,415.0,268.0,238.0,125.0,1.0,0,0.28
227,2,203.0,469.0,157.0,99.0,1.0,3,0.717
227,3,591.0,245.0,58.0,97.0,1.0,0,0.237
227,4,415.0,303.0,298.0,188.0,1.0,3,0.449
227,5,589.0,383.0,183.0,96.0,1.0,0,0.969
227,6,149.0,361.0,281.0,177.0,1.0,3,0.623
227,7,744.0,300.0,86.0,144.0,1.0,0,0.862
227,8,254.0,359.0,251.0,158.0,1.0,3,0.105
227,9,745.0,262.0,32.0,145.0,1.0,0,0.262
227,10,368.0,410.0,229.0,144.0,1.0,3,0.903
227,11,626.0,376.0,26.0,89.0,1.0,0,0.079
228,1,417.0,268.0,238.0,125.0,1.0,0,0.28
228,2,199.0,469.0,157.0,99.0,1.0,3,0.717
228,3,594.0,245.0,58.0,97.0,1.0,0,0.237
228,4,413.0,303.0,298.0,188.0,1.0,3,0.453
228,5,592.0,383.0,183.0,96.0,1.0,0,0.992
228,6,146.0,361.0,281.0,177.0,1.0,3,0.624
228,7,746.0,300.0,86.0,144.0,1.0,0,0.857
228,8,250.0,358.0,252.0,159.0,1.0,3,0.112
228,9,749.0,261.0,32.0,145.0,1.0,0,0.269
228,10,365.0,411.0,229.0,144.0,1.0,3,0.896
228,11,629.0,376.0,26.0,89.0,1.0,0,0.079
229,1,419.0,268.0,238.0,125.0,1.0,0,0.28
229,2,196.0,470.0,156.0,98.0,1.0,3,0.714
229,3,597.0,245.0,58.0,97.0,1.0,0,0.237
229,4,411.0,303.0,298.0,188.0,1.0,3,0.461
229,5,595.0,383.0,183.0,96.0,1.0,0,1.0
229,6,143.0,361.0,281.0,177.0,1.0,3,0.628
229,7,749.0,300.0,86.0,144.0,1.0,0,0.857
229,8,247.0,358.0,252.0,159.0,1.0,3,0.112
229,9,752.0,261.0,32.0,145.0,1.0,0,0.269
229,10,362.0,411.0,229.0,144.0,1.0,3,0.896
229,11,632.0,376.0,26.0,89.0,1.0,0,0.079
230,1,422.0,268.0,238.0,125.0,1.0,0,0.28
230,2,192.0,470.0,156.0,98.0,1.0,3,0.714
230,3,599.0,245.0,58.0,97.0,1.0,0,0.237
230,4,409.0,303.0,298.0,188.0,1.0,3,0.471
230,5,597.0,383.0,183.0,96.0,1.0,0,1.0
230,6,140.0,361.0,281.0,177.0,1.0,3,0.628
230,7,752.0,300.0,86.0,144.0,1.0,0,0.862
230,8,243.0,358.0,252.0,159.0,1.0,3,0.111
230,9,756.0,261.0,32.0,145.0,1.0,0,0.269
230,10,359.0,411.0,229.0,144.0,1.0,3,0.896
230,11,635.0,376.0,26.0,89.0,1.0,0,0.079
231,1,424.0,268.0,238.0,125.0,1.0,0,0.28
231,2,189.0,470.0,156.0,98.0,1.0,3,0.714
231,3,602.0,244.0,58.0,97.0,1.0,0,0.247
231,4,407.0,303.0,298.0,188.0,1.0,3,0.48
231,5,600.0,383.0,185.0,97.0,1.0,0,1.0
231,6,137.0,361.0,281.0,177.0,1.0,3,0.628
231,7,755.0,300.0,86.0,144.0,1.0,0,0.852
231,8,240.0,358.0,252.0,159.0,1.0,3,0.111
231,9,759.0,261.0,32.0,145.0,1.0,0,0.269
231,10,356.0,411.0,229.0,144.0,1.0,3,0.896
231,11,638.0,375.0,26.0,89.0,1.0,0,0.09
232,1,426.0,268.0,238.0,125.0,1.0,0,0.272
232,2,185.0,470.0,156.0,98.0,1.0,3,0.714
232,3,605.0,244.0,58.0,97.0,1.0,0,0.247
232,4,405.0,302.0,298.0,188.0,1.0,3,0.495
232,5,603.0,383.0,185.0,97.0,1.0,0,1.0
232,6,134.0,361.0,281.0,177.0,1.0,3,0.63
232,7,758.0,300.0,86.0,144.0,1.0,0,0.852
232,8,236.0,358.0,252.0,159.0,1.0,3,0.112
232,9,763.0,261.0,32.0,145.0,1.0,0,0.269
232,10,353.0,412.0,230.0,145.0,1.0,3,0.883
232,11,640.0,375.0,26.0,89.0,1.0,0,0.09
233,1,429.0,268.0,238.0,125.0,1.0,0,0.272
233,2,182.0,470.0,156.0,98.0,1.0,3,0.714
233,3,608.0,244.0,58.0,97.0,1.0,0,0.247
233,4,403.0,302.0,298.0,188.0,1.0,3,0.505
233,5,605.0,383.0,185.0,97.0,1.0,0,1.0
233,6,130.0,362.0,281.0,177.0,1.0,3,0.628
233,7,761.0,300.0,86.0,144.0,1.0,0,0.857
233,8,233.0,358.0,252.0,159.0,1.0,3,0.118
233,9,766.0,261.0,32.0,146.0,1.0,0,0.267
233,10,350.0,412.0,230.0,145.0,1.0,3,0.883
233,11,643.0,375.0,26.0,89.0,1.0,0,0.09
234,1,431.0,268.0,238.0,125.0,1.0,0,0.272
234,2,178.0,471.0,156.0,98.0,1.0,3,0.704
234,3,611.0,244.0,58.0,98.0,1.0,0,0.245
234,4,401.0,302.0,298.0,188.0,1.0,3,0.517
234,5,608.0,383.0,185.0,97.0,1.0,0,1.0
234,6,127.0,362.0,281.0,177.0,1.0,3,0.631
234,7,764.0,301.0,86.0,144.0,1.0,0,0.855
234,8,229.0,358.0,252.0,159.0,1.0,3,0.116
234,9,770.0,261.0,32.0,146.0,1.0,0,0.274
234,10,347.0,412.0,230.0,145.0,1.0,3,0.883
234,11,646.0,375.0,26.0,89.0,1.0,0,0.09
235,1,433.0,269.0,238.0,125.0,1.0,0,0.264
235,2,175.0,471.0,156.0,98.0,1.0,3,0.704
235,3,614.0,244.0,58.0,98.0,1.0,0,0.261
235,4,399.0,302.0,298.0,188.0,1.0,3,0.526
235,5,610.0,383.0,185.0,97.0,1.0,0,1.0
235,6,124.0,362.0,279.0,176.0,1.0,3,0.636
235,7,767.0,301.0,86.0,145.0,1.0,0,0.859
235,8,226.0,358.0,252.0,159.0,1.0,3,0.119
235,9,773.0,261.0,32.0,146.0,1.0,0,0.274
235,10,344.0,412.0,230.0,145.0,1.0,3,0.883
235,11,649.0,375.0,26.0,90.0,1.0,0,0.089
236,1,436.0,269.0,238.0,125.0,1.0,0,0.264
236,2,171.0,471.0,156.0,98.0,1.0,3,0.704
236,3,616.0,243.0,58.0,98.0,1.0,0,0.265
236,4,397.0,302.0,298.0,188.0,1.0,3,0.536
236,5,613.0,383.0,185.0,97.0,1.0,0,1.0
236,6,121.0,362.0,279.0,176.0,1.0,3,0.636
236,7,770.0,301.0,86.0,145.0,1.0,0,0.859
236,8,222.0,357.0,252.0,159.0,1.0,3,0.124
236,9,777.0,260.0,32.0,146.0,1.0,0,0.281
236,10,341.0,412.0,230.0,145.0,1.0,3,0.883
236,11,652.0,374.0,26.0,90.0,1.0,0,0.1
237,1,438.0,269.0,238.0,125.0,1.0,0,0.256
237,2,168.0,471.0,156.0,98.0,1.0,3,0.704
237,3,619.0,243.0,58.0,98.0,1.0,0,0.271
237,4,395.0,301.0,298.0,188.0,1.0,3,0.552
237,5,616.0,383.0,185.0,97.0,1.0,0,1.0
237,6,118.0,362.0,279.0,176.0,1.0,3,0.637
237,7,772.0,301.0,86.0,145.0,1.0,0,0.853
237,8,219.0,357.0,252.0,159.0,1.0,3,0.126
237,9,780.0,260.0,32.0,146.0,1.0,0,0.281
237,10,338.0,413.0,230.0,145.0,1.0,3,0.876
237,11,654.0,374.0,26.0,90.0,1.0,0,0.1
238,1,440.0,269.0,238.0,125.0,1.0,0,0.256
238,2,164.0,472.0,156.0,98.0,1.0,3,0.694
238,3,622.0,243.0,58.0,98.0,1.0,0,0.277
238,4,393.0,301.0,298.0,188.0,1.0,3,0.562
238,5,618.0,383.0,185.0,97.0,1.0,0,1.0
238,6,115.0,362.0,279.0,176.0,1.0,3,0.64
238,7,775.0,301.0,86.0,145.0,1.0,0,0.859
238,8,215.0,357.0,252.0,159.0,1.0,3,0.124
238,9,784.0,260.0,32.0,146.0,1.0,0,0.281
238,10,335.0,413.0,230.0,145.0,1.0,3,0.876
238,11,657.0,374.0,26.0,90.0,1.0,0,0.1
239,1,443.0,269.0,240.0,126.0,1.0,0,0.254
239,2,160.0,472.0,156.0,98.0,1.0,3,0.694
239,3,625.0,243.0,58.0,98.0,1.0,0,0.265
239,4,391.0,301.0,298.0,188.0,1.0,3,0.573
239,5,621.0,383.0,185.0,97.0,1.0,0,1.0
239,6,112.0,362.0,279.0,176.0,1.0,3,0.64
239,7,778.0,301.0,86.0,145.0,1.0,0,0.859
239,8,212.0,357.0,252.0,159.0,1.0,3,0.124
239,9,787.0,260.0,32.0,146.0,1.0,0,0.281
239,10,332.0,413.0,230.0,145.0,1.0,3,0.876
239,11,660.0,374.0,26.0,90.0,1.0,0,0.1
240,1,445.0,269.0,240.0,126.0,1.0,0,0.254
240,2,157.0,472.0,156.0,98.0,1.0,3,0.694
240,3,628.0,242.0,58.0,98.0,1.0,0,0.281
240,4,389.0,301.0,298.0,188.0,1.0,3,0.582
240,5,623.0,383.0,185.0,97.0,1.0,0,1.0
240,6,108.0,362.0,279.0,176.0,1.0,3,0.643
240,7,781.0,301.0,86.0,145.0,1.0,0,0.864
240,8,208.0,357.0,254.0,160.0,1.0,3,0.125
240,9,791.0,260.0,32.0,146.0,1.0,0,0.281
240,10,329.0,413.0,230.0,145.0,1.0,3,0.876
240,11,663.0,374.0,26.0,90.0,1.0,0,0.1
241,1,447.0,269.0,240.0,126.0,1.0,0,0.259
241,2,153.0,472.0,156.0,98.0,1.0,3,0.694
241,3,631.0,242.0,58.0,98.0,1.0,0,0.3
241,4,387.0,301.0,298.0,188.0,1.0,3,0.595
241,5,626.0,384.0,185.0,97.0,1.0,0,1.0
241,6,105.0,362.0,279.0,176.0,1.0,3,0.644
241,7,784.0,301.0,86.0,145.0,1.0,0,0.866
241,8,205.0,357.0,254.0,160.0,1.0,3,0.127
241,9,794.0,260.0,32.0,146.0,1.0,0,0.281
241,10,326.0,414.0,230.0,145.0,1.0,3,0.869
241,11,666.0,373.0,26.0,90.0,1.0,0,0.122
242,1,450.0,269.0,240.0,126.0,1.0,0,0.271
242,2,150.0,473.0,156.0,98.0,1.0,3,0.684
242,3,633.0,242.0,58.0,98.0,1.0,0,0.288
242,4,385.0,301.0,298.0,188.0,1.0,3,0.606
242,5,629.0,384.0,185.0,97.0,1.0,0,1.0
242,6,102.0,363.0,279.0,176.0,1.0,3,0.645
242,7,787.0,301.0,86.0,145.0,1.0,0,0.866
242,8,201.0,357.0,254.0,160.0,1.0,3,0.13
242,9,798.0,260.0,32.0,146.0,1.0,0,0.281
242,10,324.0,414.0,230.0,145.0,1.0,3,0.869
242,11,668.0,373.0,26.0,90.0,1.0,0,0.122
243,1,452.0,269.0,240.0,126.0,1.0,0,0.273
243,2,146.0,473.0,156.0,98.0,1.0,3,0.684
243,3,636.0,242.0,58.0,98.0,1.0,0,0.3
243,4,383.0,300.0,298.0,188.0,1.0,3,0.619
243,5,631.0,384.0,185.0,97.0,1.0,0,1.0
243,6,99.0,363.0,279.0,176.0,1.0,3,0.645
243,7,790.0,301.0,86.0,145.0,1.0,0,0.871
243,8,198.0,357.0,254.0,160.0,1.0,3,0.13
243,9,801.0,259.0,32.0,146.0,1.0,0,0.288
243,10,321.0,414.0,230.0,145.0,1.0,3,0.869
243,11,671.0,373.0,26.0,90.0,1.0,0,0.122
244,1,454.0,270.0,240.0,126.0,1.0,0,0.274
244,2,143.0,473.0,156.0,98.0,1.0,3,0.684
244,3,639.0,241.0,58.0,98.0,1.0,0,0.332
244,4,381.0,300.0,298.0,188.0,1.0,3,0.632
244,5,634.0,384.0,185.0,97.0,1.0,0,1.0
244,6,96.0,363.0,279.0,176.0,1.0,3,0.645
244,7,793.0,301.0,86.0,145.0,1.0,0,0.871
244,8,194.0,357.0,254.0,160.0,1.0,3,0.129
244,9,805.0,259.0,32.0,146.0,1.0,0,0.288
244,10,318.0,414.0,230.0,145.0,1.0,3,0.869
244,11,674.0,373.0,26.0,90.0,1.0,0,0.122
245,1,457.0,270.0,240.0,126.0,1.0,0,0.286
245,2,139.0,473.0,156.0,98.0,1.0,3,0.684
245,3,642.0,241.0,58.0,98.0,1.0,0,0.332
245,4,379.0,300.0,298.0,188.0,1.0,3,0.643
245,5,636.0,384.0,185.0,97.0,1.0,0,1.0
245,6,93.0,363.0,279.0,176.0,1.0,3,0.646
245,7,796.0,301.0,86.0,145.0,1.0,0,0.876
245,8,191.0,356.0,254.0,160.0,1.0,3,0.137
245,9,808.0,259.0,32.0,146.0,1.0,0,0.288
245,10,315.0,415.0,230.0,145.0,1.0,3,0.862
245,11,677.0,373.0,26.0,90.0,1.0,0,0.122
246,1,459.0,270.0,240.0,126.0,1.0,0,0.297
246,2,136.0,474.0,154.0,97.0,1.0,3,0.68
246,3,645.0,241.0,58.0,98.0,1.0,0,0.344
246,4,377.0,300.0,298.0,188.0,1.0,3,0.655
246,5,639.0,384.0,185.0,97.0,1.0,0,1.0
246,6,89.0,363.0,279.0,176.0,1.0,3,0.655
246,7,798.0,301.0,86.0,145.0,1.0,0,0.871
246,8,187.0,356.0,254.0,160.0,1.0,3,0.137
246,9,812.0,259.0,32.0,146.0,1.0,0,0.288
246,10,312.0,415.0,230.0,145.0,1.0,3,0.862
246,11,680.0,372.0,26.0,90.0,1.0,0,0.133
247,1,461.0,270.0,240.0,126.0,1.0,0,0.311
247,2,132.0,474.0,154.0,97.0,1.0,3,0.68
247,3,648.0,241.0,58.0,98.0,1.0,0,0.357
247,4,374.0,300.0,298.0,188.0,1.0,3,0.666
247,5,642.0,384.0,185.0,97.0,1.0,0,1.0
247,6,86.0,363.0,279.0,176.0,1.0,3,0.655
247,7,801.0,301.0,86.0,145.0,1.0,0,0.871
247,8,184.0,356.0,254.0,160.0,1.0,3,0.137
247,9,815.0,259.0,32.0,146.0,1.0,0,0.288
247,10,309.0,415.0,230.0,145.0,1.0,3,0.862
247,11,682.0,372.0,26.0,90.0,1.0,0,0.133
248,1,464.0,270.0,240.0,126.0,1.0,0,0.318
248,2,129.0,474.0,154.0,97.0,1.0,3,0.68
248,3,650.0,240.0,59.0,99.0,1.0,0,0.362
248,4,372.0,299.0,298.0,188.0,1.0,3,0.678
248,5,644.0,384.0,185.0,97.0,1.0,0,1.0
248,6,83.0,363.0,279.0,176.0,1.0,3,0.655
248,7,804.0,301.0,86.0,145.0,1.0,0,0.876
248,8,181.0,356.0,254.0,160.0,1.0,3,0.137
248,9,818.0,259.0,32.0,146.0,1.0,0,0.288
248,10,306.0,415.0,230.0,145.0,1.0,3,0.862
248,11,685.0,372.0,26.0,90.0,1.0,0,0.133
249,1,466.0,270.0,240.0,126.0,1.0,0,0.33
249,2,125.0,474.0,154.0,97.0,1.0,3,0.68
249,3,653.0,240.0,59.0,99.0,1.0,0,0.374
249,4,370.0,299.0,298.0,188.0,1.0,3,0.69
249,5,647.0,384.0,185.0,97.0,1.0,0,1.0
249,6,80.0,363.0,279.0,176.0,1.0,3,0.655
249,7,807.0,302.0,86.0,145.0,1.0,0,0.874
249,8,177.0,356.0,254.0,160.0,1.0,3,0.136
249,9,822.0,259.0,32.0,146.0,1.0,0,0.295
249,10,303.0,415.0,230.0,145.0,1.0,3,0.862
249,11,688.0,372.0,26.0,90.0,1.0,0,0.133
250,1,468.0,270.0,240.0,126.0,1.0,0,0.341
250,2,121.0,475.0,154.0,97.0,1.0,3,0.67
250,3,656.0,240.0,59.0,99.0,1.0,0,0.386
250,4,368.0,299.0,298.0,188.0,1.0,3,0.701
250,5,649.0,384.0,185.0,97.0,1.0,0,1.0
250,6,77.0,363.0,279.0,176.0,1.0,3,0.659
250,7,810.0,302.0,86.0,145.0,1.0,0,0.879
250,8,174.0,356.0,254.0,160.0,1.0,3,0.138
250,9,825.0,259.0,32.0,146.0,1.0,0,0.295
250,10,300.0,416.0,230.0,145.0,1.0,3,0.855
250,11,691.0,372.0,26.0,90.0,1.0,0,0.133
251,1,470.0,270.0,240.0,126.0,1.0,0,0.353
251,2,118.0,475.0,154.0,97.0,1.0,3,0.67
251,3,659.0,240.0,59.0,99.0,1.0,0,0.398
251,4,366.0,299.0,298.0,188.0,1.0,3,0.713
251,5,652.0,384.0,185.0,97.0,1.0,0,1.0
251,6,74.0,363.0,279.0,176.0,1.0,3,0.659
251,7,813.0,302.0,86.0,145.0,1.0,0,0.879
251,8,170.0,356.0,254.0,160.0,1.0,3,0.136
251,9,829.0,258.0,32.0,146.0,1.0,0,0.301
251,10,297.0,416.0,230.0,145.0,1.0,3,0.855
251,11,694.0,371.0,26.0,90.0,1.0,0,0.144
252,1,473.0,271.0,240.0,126.0,1.0,0,0.359
252,2,114.0,475.0,154.0,97.0,1.0,3,0.67
252,3,662.0,240.0,59.0,99.0,1.0,0,0.406
252,4,364.0,299.0,298.0,188.0,1.0,3,0.722
252,5,655.0,384.0,185.0,97.0,1.0,0,1.0
252,6,71.0,364.0,279.0,176.0,1.0,3,0.655
252,7,816.0,302.0,86.0,145.0,1.0,0,0.879
252,8,167.0,356.0,256.0,161.0,1.0,3,0.142
252,9,832.0,258.0,32.0,146.0,1.0,0,0.301
252,10,294.0,416.0,230.0,145.0,1.0,3,0.855
252,11,697.0,371.0,26.0,90.0,1.0,0,0.144
253,1,475.0,271.0,240.0,126.0,1.0,0,0.364
253,2,111.0,475.0,154.0,97.0,1.0,3,0.67
253,3,665.0,239.0,59.0,99.0,1.0,0,0.426
253,4,362.0,298.0,298.0,188.0,1.0,3,0.734
253,5,657.0,384.0,185.0,97.0,1.0,0,1.0
253,6,67.0,364.0,278.0,175.0,1.0,3,0.661
253,7,819.0,302.0,86.0,145.0,1.0,0,0.884
253,8,163.0,355.0,256.0,161.0,1.0,3,0.149
253,9,836.0,258.0,32.0,146.0,1.0,0,0.301
253,10,291.0,416.0,230.0,145.0,1.0,3,0.855
253,11,699.0,371.0,26.0,90.0,1.0,0,0.144
254,1,477.0,271.0,240.0,126.0,1.0,0,0.376
254,2,107.0,475.0,154.0,97.0,1.0,3,0.67
254,3,667.0,239.0,59.0,99.0,1.0,0,0.426
254,4,360.0,298.0,298.0,188.0,1.0,3,0.743
254,5,660.0,384.0,185.0,97.0,1.0,0,1.0
254,6,64.0,364.0,278.0,175.0,1.0,3,0.662
254,7,822.0,302.0,86.0,145.0,1.0,0,0.884
254,8,160.0,355.0,256.0,161.0,1.0,3,0.151
254,9,839.0,258.0,32.0,146.0,1.0,0,0.301
254,10,288.0,417.0,230.0,145.0,1.0,3,0.848
254,11,702.0,371.0,26.0,90.0,1.0,0,0.144
255,1,480.0,271.0,242.0,127.0,1.0,0,0.392
255,2,104.0,476.0,154.0,97.0,1.0,3,0.66
255,3,670.0,239.0,59.0,99.0,1.0,0,0.404
255,4,358.0,298.0,298.0,188.0,1.0,3,0.744
255,5,662.0,384.0,185.0,97.0,1.0,0,1.0
255,6,61.0,364.0,278.0,175.0,1.0,3,0.665
255,7,825.0,302.0,86.0,145.0,1.0,0,0.889
255,8,156.0,355.0,256.0,161.0,1.0,3,0.15
255,9,843.0,258.0,32.0,146.0,1.0,0,0.301
255,10,285.0,417.0,232.0,146.0,1.0,3,0.842
255,11,705.0,370.0,26.0,90.0,1.0,0,0.156
256,1,482.0,271.0,242.0,127.0,1.0,0,0.406
256,2,100.0,476.0,154.0,97.0,1.0,3,0.66
256,3,673.0,239.0,59.0,99.0,1.0,0,0.415
256,4,356.0,298.0,298.0,188.0,1.0,3,0.747
256,5,665.0,384.0,185.0,97.0,1.0,0,1.0
256,6,58.0,364.0,278.0,175.0,1.0,3,0.665
256,7,827.0,302.0,86.0,145.0,1.0,0,0.884
256,8,153.0,355.0,256.0,161.0,1.0,3,0.15
256,9,846.0,258.0,32.0,146.0,1.0,0,0.301
256,10,282.0,417.0,232.0,146.0,1.0,3,0.842
256,11,708.0,370.0,26.0,90.0,1.0,0,0.156
257,1,484.0,271.0,242.0,127.0,1.0,0,0.42
257,2,97.0,476.0,154.0,97.0,1.0,3,0.66
257,3,676.0,238.0,59.0,99.0,1.0,0,0.435
257,4,354.0,298.0,298.0,188.0,1.0,3,0.749
257,5,668.0,384.0,185.0,97.0,1.0,0,1.0
257,6,55.0,364.0,278.0,175.0,1.0,3,0.668
257,7,830.0,302.0,86.0,145.0,1.0,0,0.884
257,8,149.0,355.0,256.0,161.0,1.0,3,0.148
257,9,850.0,258.0,32.0,146.0,1.0,0,0.301
257,10,280.0,417.0,232.0,146.0,1.0,3,0.842
257,11,711.0,370.0,26.0,90.0,1.0,0,0.156
258,1,487.0,271.0,242.0,127.0,1.0,0,0.43
258,2,93.0,476.0,154.0,97.0,1.0,3,0.66
258,3,679.0,238.0,59.0,99.0,1.0,0,0.435
258,4,352.0,297.0,298.0,188.0,1.0,3,0.754
258,5,670.0,384.0,185.0,97.0,1.0,0,1.0
258,6,52.0,364.0,278.0,175.0,1.0,3,0.668
258,7,833.0,302.0,86.0,145.0,1.0,0,0.889
258,8,146.0,355.0,256.0,161.0,1.0,3,0.148
258,9,853.0,257.0,32.0,146.0,1.0,0,0.308
258,10,277.0,417.0,232.0,146.0,1.0,3,0.842
258,11,713.0,370.0,26.0,90.0,1.0,0,0.156
259,1,489.0,271.0,242.0,127.0,1.0,0,0.444
259,2,90.0,477.0,154.0,97.0,1.0,3,0.649
259,3,682.0,238.0,59.0,99.0,1.0,0,0.446
259,4,350.0,297.0,298.0,188.0,1.0,3,0.759
259,5,673.0,384.0,185.0,97.0,1.0,0,1.0
259,6,49.0,364.0,278.0,175.0,1.0,3,0.672
259,7,836.0,302.0,86.0,145.0,1.0,0,0.889
259,8,142.0,355.0,256.0,161.0,1.0,3,0.149
259,9,857.0,257.0,32.0,146.0,1.0,0,0.308
259,10,274.0,418.0,232.0,146.0,1.0,3,0.836
259,11,716.0,370.0,26.0,90.0,1.0,0,0.156
260,1,491.0,271.0,242.0,127.0,1.0,0,0.457
260,2,86.0,477.0,154.0,97.0,1.0,3,0.649
260,3,684.0,238.0,59.0,99.0,1.0,0,0.446
260,4,348.0,297.0,298.0,188.0,1.0,3,0.762
260,5,675.0,384.0,185.0,97.0,1.0,0,1.0
260,6,45.0,364.0,278.0,175.0,1.0,3,0.674
260,7,839.0,302.0,87.0,146.0,1.0,0,0.894
260,8,139.0,355.0,256.0,161.0,1.0,3,0.15
260,9,860.0,257.0,32.0,146.0,1.0,0,0.308
260,10,271.0,418.0,232.0,146.0,1.0,3,0.836
260,11,719.0,369.0,26.0,90.0,1.0,0,0.167
261,1,494.0,272.0,242.0,127.0,1.0,0,0.467
261,2,82.0,477.0,154.0,97.0,1.0,3,0.649
261,3,687.0,237.0,60.0,100.0,1.0,0,0.469
261,4,346.0,297.0,298.0,188.0,1.0,3,0.764
261,5,678.0,384.0,187.0,98.0,1.0,0,1.0
261,6,42.0,365.0,278.0,175.0,1.0,3,0.67
261,7,842.0,302.0,87.0,146.0,1.0,0,0.884
261,8,135.0,354.0,256.0,161.0,1.0,3,0.16
261,9,864.0,257.0,32.0,146.0,1.0,0,0.308
261,10,268.0,418.0,232.0,146.0,1.0,3,0.836
261,11,722.0,369.0,26.0,90.0,1.0,0,0.167
262,1,496.0,272.0,242.0,127.0,1.0,0,0.481
262,2,79.0,477.0,154.0,97.0,1.0,3,0.649
262,3,690.0,237.0,60.0,100.0,1.0,0,0.48
262,4,344.0,297.0,298.0,188.0,1.0,3,0.767
262,5,681.0,384.0,187.0,98.0,1.0,0,1.0
262,6,39.0,365.0,278.0,175.0,1.0,3,0.67
262,7,845.0,302.0,87.0,146.0,1.0,0,0.884
262,8,132.0,354.0,256.0,161.0,1.0,3,0.16
262,9,867.0,257.0,32.0,146.0,1.0,0,0.308
262,10,265.0,418.0,232.0,146.0,1.0,3,0.836
262,11,725.0,369.0,26.0,90.0,1.0,0,0.167
263,1,498.0,272.0,242.0,127.0,1.0,0,0.496
263,2,75.0,478.0,152.0,96.0,1.0,3,0.646
263,3,693.0,237.0,60.0,100.0,1.0,0,0.491
263,4,342.0,297.0,298.0,188.0,1.0,3,0.772
263,5,683.0,385.0,187.0,98.0,1.0,0,1.0
263,6,36.0,365.0,278.0,175.0,1.0,3,0.677
263,7,848.0,302.0,87.0,146.0,1.0,0,0.891
263,8,128.0,354.0,256.0,161.0,1.0,3,0.16
263,9,871.0,257.0,32.0,147.0,1.0,0,0.306
263,10,262.0,419.0,232.0,146.0,1.0,3,0.829
263,11,727.0,369.0,26.0,90.0,1.0,0,0.178
264,1,501.0,272.0,242.0,127.0,1.0,0,0.508
264,2,72.0,478.0,152.0,96.0,1.0,3,0.646
264,3,696.0,237.0,60.0,100.0,1.0,0,0.491
264,4,340.0,296.0,298.0,188.0,1.0,3,0.776
264,5,686.0,385.0,187.0,98.0,1.0,0,1.0
264,6,33.0,365.0,278.0,175.0,1.0,3,0.677
264,7,851.0,303.0,87.0,146.0,1.0,0,0.889
264,8,125.0,354.0,257.0,162.0,1.0,3,0.16
264,9,874.0,257.0,32.0,147.0,1.0,0,0.313
264,10,259.0,419.0,232.0,146.0,1.0,3,0.829
264,11,730.0,369.0,26.0,90.0,1.0,0,0.178
265,1,503.0,272.0,242.0,127.0,1.0,0,0.522
265,2,68.0,478.0,152.0,96.0,1.0,3,0.646
265,3,699.0,236.0,60.0,100.0,1.0,0,0.509
265,4,338.0,296.0,298.0,188.0,1.0,3,0.78
265,5,688.0,385.0,187.0,98.0,1.0,0,1.0
265,6,30.0,365.0,278.0,175.0,1.0,3,0.677
265,7,853.0,303.0,87.0,146.0,1.0,0,0.889
265,8,121.0,354.0,257.0,162.0,1.0,3,0.159
265,9,878.0,256.0,32.0,147.0,1.0,0,0.32
265,10,256.0,419.0,232.0,146.0,1.0,3,0.829
265,11,733.0,368.0,26.0,90.0,1.0,0,0.189
266,1,505.0,272.0,242.0,127.0,1.0,0,0.536
266,2,65.0,478.0,152.0,96.0,1.0,3,0.646
266,3,701.0,236.0,60.0,100.0,1.0,0,0.509
266,4,336.0,296.0,298.0,188.0,1.0,3,0.782
266,5,691.0,385.0,187.0,98.0,1.0,0,1.0
266,6,27.0,365.0,278.0,175.0,1.0,3,0.677
266,7,856.0,303.0,87.0,146.0,1.0,0,0.889
266,8,118.0,354.0,257.0,162.0,1.0,3,0.159
266,9,881.0,256.0,32.0,147.0,1.0,0,0.32
266,10,253.0,419.0,232.0,146.0,1.0,3,0.829
266,11,736.0,368.0,26.0,90.0,1.0,0,0.189
267,1,508.0,272.0,242.0,127.0,1.0,0,0.553
267,2,61.0,479.0,152.0,96.0,1.0,3,0.635
267,3,704.0,236.0,60.0,100.0,1.0,0,0.509
267,4,334.0,296.0,298.0,188.0,1.0,3,0.787
267,5,694.0,385.0,187.0,98.0,1.0,0,1.0
267,6,23.0,365.0,278.0,175.0,1.0,3,0.684
267,7,859.0,303.0,87.0,146.0,1.0,0,0.889
267,8,114.0,354.0,257.0,162.0,1.0,3,0.16
267,9,885.0,256.0,32.0,147.0,1.0,0,0.32
267,10,250.0,420.0,232.0,146.0,1.0,3,0.822
267,11,739.0,368.0,26.0,90.0,1.0,0,0.189
268,1,510.0,272.0,242.0,127.0,1.0,0,0.57
268,2,58.0,479.0,152.0,96.0,1.0,3,0.635
268,3,707.0,236.0,60.0,100.0,1.0,0,0.52
268,4,331.0,296.0,298.0,188.0,1.0,3,0.787
268,5,696.0,385.0,187.0,98.0,1.0,0,1.0
268,6,20.0,365.0,278.0,175.0,1.0,3,0.684
268,7,862.0,303.0,87.0,146.0,1.0,0,0.894
268,8,111.0,354.0,257.0,162.0,1.0,3,0.16
268,9,888.0,256.0,32.0,147.0,1.0,0,0.32
268,10,247.0,420.0,232.0,146.0,1.0,3,0.822
268,11,742.0,368.0,26.0,90.0,1.0,0,0.189
269,1,512.0,273.0,242.0,127.0,1.0,0,0.575
269,2,54.0,479.0,152.0,96.0,1.0,3,0.635
269,3,710.0,236.0,60.0,100.0,1.0,0,0.538
269,4,329.0,295.0,298.0,188.0,1.0,3,0.793
269,5,699.0,385.0,187.0,98.0,1.0,0,1.0
269,6,17.0,365.0,278.0,175.0,1.0,3,0.684
269,7,865.0,303.0,87.0,146.0,1.0,0,0.894
269,8,107.0,354.0,257.0,162.0,1.0,3,0.159
269,9,892.0,256.0,32.0,147.0,1.0,0,0.32
269,10,244.0,420.0,232.0,146.0,1.0,3,0.822
269,11,744.0,368.0,26.0,90.0,1.0,0,0.189
270,1,515.0,273.0,242.0,127.0,1.0,0,0.591
270,2,51.0,479.0,152.0,96.0,1.0,3,0.635
270,3,713.0,235.0,60.0,100.0,1.0,0,0.545
270,4,327.0,295.0,298.0,188.0,1.0,3,0.795
270,5,701.0,385.0,187.0,98.0,1.0,0,1.0
270,6,14.0,366.0,278.0,175.0,1.0,3,0.678
270,7,868.0,303.0,87.0,146.0,1.0,0,0.899
270,8,104.0,353.0,257.0,162.0,1.0,3,0.17
270,9,895.0,256.0,32.0,147.0,1.0,0,0.32
270,10,241.0,420.0,232.0,146.0,1.0,3,0.822
270,11,747.0,367.0,26.0,91.0,1.0,0,0.198
271,1,517.0,273.0,244.0,128.0,1.0,0,0.605
271,2,47.0,480.0,152.0,96.0,1.0,3,0.625
271,3,716.0,235.0,60.0,100.0,1.0,0,0.535
271,4,325.0,295.0,298.0,188.0,1.0,3,0.799
271,5,704.0,385.0,187.0,98.0,1.0,0,1.0
271,6,11.0,366.0,276.0,174.0,1.0,3,0.688
271,7,871.0,303.0,87.0,146.0,1.0,0,0.899
271,8,100.0,353.0,257.0,162.0,1.0,3,0.171
271,9,899.0,256.0,32.0,147.0,1.0,0,0.32
271,10,238.0,420.0,232.0,146.0,1.0,3,0.822
271,11,750.0,367.0,26.0,91.0,1.0,0,0.198
272,1,519.0,273.0,244.0,128.0,1.0,0,0.619
272,2,43.0,480.0,152.0,96.0,1.0,3,0.625
272,3,718.0,235.0,60.0,100.0,1.0,0,0.535
272,4,323.0,295.0,298.0,188.0,1.0,3,0.803
272,5,707.0,385.0,187.0,98.0,1.0,0,1.0
272,6,8.0,366.0,276.0,174.0,1.0,3,0.689
272,7,874.0,303.0,87.0,146.0,1.0,0,0.888
272,8,97.0,353.0,257.0,162.0,1.0,3,0.173
272,9,902.0,256.0,32.0,147.0,1.0,0,0.32
272,10,235.0,421.0,232.0,146.0,1.0,3,0.815
272,11,753.0,367.0,26.0,91.0,1.0,0,0.198
273,1,522.0,273.0,244.0,128.0,1.0,0,0.636
273,2,40.0,480.0,152.0,96.0,1.0,3,0.625
273,3,721.0,235.0,60.0,100.0,1.0,0,0.535
273,4,321.0,295.0,298.0,188.0,1.0,3,0.805
273,5,709.0,385.0,187.0,98.0,1.0,0,1.0
273,6,5.0,366.0,276.0,174.0,1.0,3,0.691
273,7,877.0,303.0,87.0,146.0,1.0,0,0.858
273,8,93.0,353.0,257.0,162.0,1.0,3,0.171
273,9,905.0,255.0,32.0,147.0,1.0,0,0.327
273,10,233.0,421.0,232.0,146.0,1.0,3,0.815
273,11,756.0,367.0,26.0,91.0,1.0,0,0.198
274,1,524.0,273.0,244.0,128.0,1.0,0,0.647
274,2,36.0,480.0,152.0,96.0,1.0,3,0.625
274,3,724.0,234.0,60.0,100.0,1.0,0,0.553
274,4,319.0,294.0,298.0,188.0,1.0,3,0.81
274,5,712.0,385.0,187.0,98.0,1.0,0,1.0
274,6,1.0,366.0,276.0,174.0,1.0,3,0.694
274,7,879.0,303.0,87.0,146.0,1.0,0,0.83
274,8,90.0,353.0,257.0,162.0,1.0,3,0.173
274,9,909.0,255.0,32.0,147.0,1.0,0,0.327
274,10,230.0,421.0,232.0,146.0,1.0,3,0.815
274,11,758.0,367.0,26.0,91.0,1.0,0,0.198
275,1,526.0,273.0,244.0,128.0,1.0,0,0.661
275,2,33.0,480.0,152.0,96.0,1.0,3,0.625
275,3,727.0,234.0,60.0,101.0,1.0,0,0.56
275,4,317.0,294.0,298.0,188.0,1.0,3,0.814
275,5,715.0,385.0,187.0,98.0,1.0,0,1.0
275,6,-2.0,366.0,276.0,174.0,1.0,3,0.686
275,7,882.0,303.0,87.0,146.0,1.0,0,0.796
275,8,86.0,353.0,257.0,162.0,1.0,3,0.171
275,9,912.0,255.0,32.0,147.0,1.0,0,0.327
275,10,227.0,421.0,232.0,146.0,1.0,3,0.815
275,11,761.0,366.0,26.0,91.0,1.0,0,0.209
276,1,529.0,273.0,244.0,128.0,1.0,0,0.678
276,2,29.0,481.0,152.0,96.0,1.0,3,0.615
276,3,730.0,234.0,60.0,101.0,1.0,0,0.56
276,4,315.0,294.0,298.0,188.0,1.0,3,0.816
276,5,717.0,385.0,187.0,98.0,1.0,0,1.0
276,6,-5.0,366.0,276.0,174.0,1.0,3,0.68
276,7,885.0,303.0,87.0,146.0,1.0,0,0.766
276,8,83.0,353.0,259.0,163.0,1.0,3,0.174
276,9,916.0,255.0,32.0,147.0,1.0,0,0.327
276,10,224.0,422.0,232.0,146.0,1.0,3,0.808
276,11,764.0,366.0,26.0,91.0,1.0,0,0.209
277,1,531.0,273.0,244.0,128.0,1.0,0,0.693
277,2,26.0,481.0,152.0,96.0,1.0,3,0.615
277,3,733.0,234.0,60.0,101.0,1.0,0,0.57
277,4,313.0,294.0,298.0,188.0,1.0,3,0.819
277,5,720.0,385.0,187.0,98.0,1.0,0,1.0
277,6,-8.0,366.0,276.0,174.0,1.0,3,0.669
277,7,888.0,303.0,87.0,146.0,1.0,0,0.732
277,8,79.0,353.0,259.0,163.0,1.0,3,0.173
277,9,919.0,255.0,32.0,147.0,1.0,0,0.327
277,10,221.0,422.0,232.0,146.0,1.0,3,0.808
277,11,767.0,366.0,26.0,91.0,1.0,0,0.209
278,1,533.0,274.0,244.0,128.0,1.0,0,0.703
278,2,22.0,481.0,152.0,96.0,1.0,3,0.615
278,3,735.0,233.0,60.0,101.0,1.0,0,0.584
278,4,311.0,294.0,298.0,188.0,1.0,3,0.82
278,5,722.0,385.0,187.0,98.0,1.0,0,1.0
278,6,-11.0,366.0,276.0,174.0,1.0,3,0.658
278,7,891.0,303.0,87.0,146.0,1.0,0,0.702
278,8,76.0,352.0,259.0,163.0,1.0,3,0.179
278,9,923.0,255.0,32.0,147.0,1.0,0,0.327
278,10,218.0,422.0,233.0,147.0,1.0,3,0.803
278,11,770.0,366.0,26.0,91.0,1.0,0,0.209
279,1,535.0,274.0,244.0,128.0,1.0,0,0.717
279,2,19.0,481.0,152.0,96.0,1.0,3,0.615
279,3,738.0,233.0,60.0,101.0,1.0,0,0.594
279,4,309.0,294.0,298.0,188.0,1.0,3,0.824
279,5,725.0,385.0,187.0,98.0,1.0,0,1.0
279,6,-14.0,367.0,276.0,174.0,1.0,3,0.642
279,7,894.0,304.0,87.0,146.0,1.0,0,0.667
279,8,72.0,352.0,259.0,163.0,1.0,3,0.182
279,9,926.0,255.0,32.0,147.0,1.0,0,0.333
279,10,215.0,422.0,233.0,147.0,1.0,3,0.803
279,11,772.0,366.0,26.0,91.0,1.0,0,0.209
280,1,538.0,274.0,244.0,128.0,1.0,0,0.732
280,2,15.0,482.0,152.0,96.0,1.0,3,0.604
280,3,741.0,233.0,60.0,101.0,1.0,0,0.594
280,4,307.0,293.0,298.0,188.0,1.0,3,0.828
280,5,728.0,385.0,187.0,98.0,1.0,0,1.0
280,6,-17.0,367.0,276.0,174.0,1.0,3,0.634
280,7,897.0,304.0,87.0,146.0,1.0,0,0.632
280,8,69.0,352.0,259.0,163.0,1.0,3,0.182
280,9,930.0,254.0,32.0,147.0,1.0,0,0.319
280,10,212.0,422.0,233.0,147.0,1.0,3,0.803
280,11,775.0,365.0,26.0,91.0,1.0,0,0.22
281,1,540.0,274.0,244.0,128.0,1.0,0,0.747
281,2,12.0,482.0,151.0,95.0,1.0,3,0.611
281,3,744.0,233.0,60.0,101.0,1.0,0,0.604
281,4,305.0,293.0,298.0,188.0,1.0,3,0.834
281,5,730.0,385.0,187.0,98.0,1.0,0,1.0
281,6,-21.0,367.0,276.0,174.0,1.0,3,0.624
281,7,900.0,304.0,87.0,146.0,1.0,0,0.603
281,8,65.0,352.0,259.0,163.0,1.0,3,0.184
281,9,933.0,254.0,32.0,147.0,1.0,0,0.287
281,10,209.0,423.0,233.0,147.0,1.0,3,0.796
281,11,778.0,365.0,26.0,91.0,1.0,0,0.22
282,1,542.0,274.0,244.0,128.0,1.0,0,0.762
282,2,8.0,482.0,151.0,95.0,1.0,3,0.611
282,3,747.0,232.0,60.0,101.0,1.0,0,0.62
282,4,303.0,293.0,298.0,188.0,1.0,3,0.836
282,5,733.0,385.0,187.0,98.0,1.0,0,1.0
282,6,-24.0,367.0,276.0,174.0,1.0,3,0.613
282,7,903.0,304.0,87.0,146.0,1.0,0,0.568
282,8,62.0,352.0,259.0,163.0,1.0,3,0.184
282,9,937.0,254.0,32.0,147.0,1.0,0,0.244
282,10,206.0,423.0,233.0,147.0,1.0,3,0.796
282,11,781.0,365.0,26.0,91.0,1.0,0,0.22
283,1,545.0,274.0,244.0,128.0,1.0,0,0.779
283,2,4.0,482.0,151.0,95.0,1.0,3,0.611
283,3,750.0,232.0,60.0,101.0,1.0,0,0.62
283,4,301.0,293.0,298.0,188.0,1.0,3,0.84
283,5,735.0,385.0,187.0,98.0,1.0,0,1.0
283,6,-27.0,367.0,276.0,174.0,1.0,3,0.603
283,7,906.0,304.0,87.0,146.0,1.0,0,0.539
283,8,58.0,352.0,259.0,163.0,1.0,3,0.182
283,9,940.0,254.0,32.0,147.0,1.0,0,0.213
283,10,203.0,423.0,233.0,147.0,1.0,3,0.796
283,11,784.0,365.0,26.0,91.0,1.0,0,0.22
284,1,547.0,274.0,244.0,128.0,1.0,0,0.794
284,2,1.0,483.0,151.0,95.0,1.0,3,0.6
284,3,752.0,232.0,60.0,101.0,1.0,0,0.62
284,4,299.0,293.0,298.0,188.0,1.0,3,0.842
284,5,738.0,385.0,187.0,98.0,1.0,0,1.0
284,6,-30.0,367.0,276.0,174.0,1.0,3,0.595
284,7,908.0,304.0,88.0,147.0,1.0,0,0.504
284,8,55.0,352.0,259.0,163.0,1.0,3,0.182
284,9,944.0,254.0,32.0,147.0,1.0,0,0.17
284,10,200.0,423.0,233.0,147.0,1.0,3,0.796
284,11,787.0,365.0,26.0,91.0,1.0,0,0.22
285,1,549.0,274.0,244.0,128.0,1.0,0,0.809
285,2,-3.0,483.0,151.0,95.0,1.0,3,0.588
285,3,755.0,232.0,60.0,101.0,1.0,0,0.63
285,4,297.0,292.0,298.0,188.0,1.0,3,0.85
285,5,741.0,386.0,187.0,98.0,1.0,0,1.0
285,6,-33.0,367.0,276.0,174.0,1.0,3,0.589
285,7,911.0,304.0,88.0,147.0,1.0,0,0.471
285,8,51.0,352.0,259.0,163.0,1.0,3,0.182
285,9,947.0,254.0,32.0,147.0,1.0,0,0.138
285,10,197.0,424.0,233.0,147.0,1.0,3,0.789
285,11,789.0,364.0,26.0,91.0,1.0,0,0.242
286,1,552.0,275.0,244.0,128.0,1.0,0,0.823
286,2,-6.0,483.0,151.0,95.0,1.0,3,0.576
286,3,758.0,231.0,60.0,101.0,1.0,0,0.643
286,4,295.0,292.0,298.0,188.0,1.0,3,0.853
286,5,743.0,386.0,187.0,98.0,1.0,0,1.0
286,6,-36.0,367.0,276.0,174.0,1.0,3,0.581
286,7,914.0,304.0,88.0,147.0,1.0,0,0.442
286,8,48.0,352.0,259.0,163.0,1.0,3,0.182
286,9,951.0,254.0,32.0,147.0,1.0,0,0.096
286,10,194.0,424.0,233.0,147.0,1.0,3,0.789
286,11,792.0,364.0,26.0,91.0,1.0,0,0.242
287,1,554.0,275.0,246.0,129.0,1.0,0,0.835
287,2,-10.0,483.0,151.0,95.0,1.0,3,0.56
287,3,761.0,231.0,60.0,101.0,1.0,0,0.633
287,4,293.0,292.0,298.0,188.0,1.0,3,0.855
287,5,746.0,386.0,187.0,98.0,1.0,0,1.0
287,6,-39.0,367.0,276.0,174.0,1.0,3,0.575
287,7,917.0,304.0,88.0,147.0,1.0,0,0.408
287,8,44.0,351.0,260.0,164.0,1.0,3,0.187
287,9,954.0,254.0,32.0,147.0,1.0,0,0.064
287,10,191.0,424.0,233.0,147.0,1.0,3,0.789
287,11,795.0,364.0,26.0,91.0,1.0,0,0.242
288,1,556.0,275.0,246.0,129.0,1.0,0,0.85
288,2,-13.0,484.0,151.0,95.0,1.0,3,0.539
288,3,764.0,231.0,60.0,101.0,1.0,0,0.643
288,4,291.0,292.0,298.0,188.0,1.0,3,0.856
288,5,748.0,386.0,187.0,98.0,1.0,0,1.0
288,6,-43.0,367.0,275.0,173.0,1.0,3,0.576
288,7,920.0,304.0,88.0,147.0,1.0,0,0.379
288,8,41.0,351.0,260.0,164.0,1.0,3,0.19
288,9,958.0,253.0,32.0,147.0,1.0,0,0.022
288,10,189.0,424.0,233.0,147.0,1.0,3,0.789
288,11,798.0,364.0,26.0,91.0,1.0,0,0.242
289,1,559.0,275.0,246.0,129.0,1.0,0,0.871
289,2,-17.0,484.0,151.0,95.0,1.0,3,0.523
289,3,767.0,231.0,61.0,102.0,1.0,0,0.646
289,4,288.0,292.0,298.0,188.0,1.0,3,0.86
289,5,751.0,386.0,187.0,98.0,1.0,0,1.0
289,6,-46.0,368.0,275.0,173.0,1.0,3,0.566
289,7,923.0,304.0,88.0,147.0,1.0,0,0.345
289,8,37.0,351.0,260.0,164.0,1.0,3,0.195
289,10,186.0,425.0,233.0,147.0,1.0,3,0.782
289,11,801.0,364.0,26.0,91.0,1.0,0,0.242
290,1,561.0,275.0,246.0,129.0,1.0,0,0.885
290,2,-20.0,484.0,151.0,95.0,1.0,3,0.511
290,3,769.0,231.0,61.0,102.0,1.0,0,0.646
290,4,286.0,291.0,298.0,188.0,1.0,3,0.864
290,5,754.0,386.0,187.0,98.0,1.0,0,1.0
290,6,-49.0,368.0,275.0,173.0,1.0,3,0.559
290,7,926.0,304.0,88.0,147.0,1.0,0,0.311
290,8,34.0,351.0,260.0,164.0,1.0,3,0.195
290,10,183.0,425.0,233.0,147.0,1.0,3,0.782
290,11,803.0,363.0,26.0,91.0,1.0,0,0.253
291,1,563.0,275.0,246.0,129.0,1.0,0,0.9
291,2,-24.0,484.0,151.0,95.0,1.0,3,0.496
291,3,772.0,230.0,61.0,102.0,1.0,0,0.661
291,4,284.0,291.0,298.0,188.0,1.0,3,0.868
291,5,756.0,386.0,187.0,98.0,1.0,0,1.0
291,6,-52.0,368.0,275.0,173.0,1.0,3,0.553
291,7,929.0,304.0,88.0,147.0,1.0,0,0.282
291,8,30.0,351.0,260.0,164.0,1.0,3,0.193
291,10,180.0,425.0,233.0,147.0,1.0,3,0.782
291,11,806.0,363.0,26.0,91.0,1.0,0,0.253
292,1,566.0,275.0,246.0,129.0,1.0,0,0.918
292,2,-27.0,485.0,151.0,95.0,1.0,3,0.475
292,3,775.0,230.0,61.0,102.0,1.0,0,0.661
292,4,282.0,291.0,298.0,188.0,1.0,3,0.87
292,5,759.0,386.0,189.0,99.0,1.0,0,1.0
292,6,-55.0,368.0,275.0,173.0,1.0,3,0.548
292,7,932.0,304.0,88.0,147.0,1.0,0,0.238
292,8,27.0,351.0,260.0,164.0,1.0,3,0.193
292,10,177.0,425.0,233.0,147.0,1.0,3,0.782
292,11,809.0,363.0,26.0,91.0,1.0,0,0.253
293,1,568.0,275.0,246.0,129.0,1.0,0,0.933
293,2,-31.0,485.0,151.0,95.0,1.0,3,0.46
293,3,778.0,230.0,61.0,102.0,1.0,0,0.67
293,4,280.0,291.0,298.0,188.0,1.0,3,0.874
293,5,761.0,386.0,189.0,99.0,1.0,0,1.0
293,6,-58.0,368.0,275.0,173.0,1.0,3,0.542
293,7,934.0,304.0,88.0,147.0,1.0,0,0.215
293,8,23.0,351.0,260.0,164.0,1.0,3,0.192
293,10,174.0,425.0,233.0,147.0,1.0,3,0.782
293,11,812.0,363.0,26.0,91.0,1.0,0,0.253
294,1,570.0,275.0,246.0,129.0,1.0,0,0.948
294,2,-35.0,485.0,151.0,95.0,1.0,3,0.445
294,3,781.0,230.0,61.0,102.0,1.0,0,0.679
294,4,278.0,291.0,298.0,188.0,1.0,3,0.878
294,5,764.0,386.0,189.0,99.0,1.0,0,1.0
294,6,-61.0,368.0,275.0,173.0,1.0,3,0.537
294,7,937.0,305.0,88.0,147.0,1.0,0,0.18
294,8,20.0,351.0,260.0,164.0,1.0,3,0.193
294,10,171.0,426.0,233.0,147.0,1.0,3,0.776
294,11,815.0,362.0,26.0,91.0,1.0,0,0.264
295,1,573.0,276.0,246.0,129.0,1.0,0,0.964
295,2,-38.0,485.0,151.0,95.0,1.0,3,0.433
295,3,784.0,229.0,61.0,102.0,1.0,0,0.691
295,4,276.0,291.0,298.0,188.0,1.0,3,0.882
295,5,767.0,386.0,189.0,99.0,1.0,0,1.0
295,6,-65.0,368.0,275.0,173.0,1.0,3,0.528
295,7,940.0,305.0,88.0,147.0,1.0,0,0.146
295,8,16.0,350.0,260.0,164.0,1.0,3,0.2
295,10,168.0,426.0,233.0,147.0,1.0,3,0.776
295,11,817.0,362.0,26.0,91.0,1.0,0,0.264
296,1,575.0,276.0,246.0,129.0,1.0,0,0.968
296,2,-42.0,486.0,151.0,95.0,1.0,3,0.41
296,3,786.0,229.0,61.0,102.0,1.0,0,0.691
296,4,274.0,290.0,298.0,188.0,1.0,3,0.885
296,5,769.0,386.0,189.0,99.0,1.0,0,1.0
296,6,-68.0,368.0,275.0,173.0,1.0,3,0.524
296,7,943.0,305.0,88.0,147.0,1.0,0,0.117
296,8,13.0,350.0,260.0,164.0,1.0,3,0.2
296,10,165.0,426.0,233.0,147.0,1.0,3,0.776
296,11,820.0,362.0,26.0,91.0,1.0,0,0.264
297,1,577.0,276.0,246.0,129.0,1.0,0,0.969
297,2,-45.0,486.0,151.0,95.0,1.0,3,0.399
297,3,789.0,229.0,61.0,102.0,1.0,0,0.699
297,4,272.0,290.0,298.0,188.0,1.0,3,0.886
297,5,772.0,386.0,189.0,99.0,1.0,0,0.995
297,6,-71.0,368.0,275.0,173.0,1.0,3,0.517
297,7,946.0,305.0,88.0,147.0,1.0,0,0.088
297,8,10.0,350.0,260.0,164.0,1.0,3,0.2
297,10,162.0,426.0,233.0,147.0,1.0,3,0.776
297,11,823.0,362.0,26.0,91.0,1.0,0,0.264
298,1,580.0,276.0,246.0,129.0,1.0,0,0.969
298,2,-49.0,486.0,149.0,94.0,1.0,3,0.386
298,3,792.0,229.0,61.0,102.0,1.0,0,0.699
298,4,270.0,290.0,298.0,188.0,1.0,3,0.889
298,5,774.0,386.0,189.0,99.0,1.0,0,0.984
298,6,-74.0,369.0,275.0,173.0,1.0,3,0.509
298,7,949.0,305.0,88.0,147.0,1.0,0,0.069
298,8,6.0,350.0,260.0,164.0,1.0,3,0.204
298,10,159.0,427.0,233.0,147.0,1.0,3,0.769
298,11,826.0,362.0,26.0,91.0,1.0,0,0.264
299,1,582.0,276.0,246.0,129.0,1.0,0,0.969
299,2,-52.0,486.0,149.0,94.0,1.0,3,0.374
299,3,795.0,228.0,61.0,102.0,1.0,0,0.714
299,4,268.0,290.0,298.0,188.0,1.0,3,0.89
299,5,777.0,386.0,189.0,99.0,1.0,0,0.968
299,6,-77.0,369.0,275.0,173.0,1.0,3,0.502
299,7,952.0,305.0,88.0,147.0,1.0,0,0.05
299,8,3.0,350.0,262.0,165.0,1.0,3,0.205
299,10,156.0,427.0,233.0,147.0,1.0,3,0.769
299,11,829.0,361.0,26.0,91.0,1.0,0,0.275
300,1,584.0,276.0,246.0,129.0,1.0,0,0.97
300,2,-56.0,486.0,149.0,94.0,1.0,3,0.359
300,3,798.0,228.0,61.0,102.0,1.0,0,0.722
300,4,266.0,290.0,298.0,188.0,1.0,3,0.891
300,5,780.0,386.0,189.0,99.0,1.0,0,0.952
300,6,-80.0,369.0,275.0,173.0,1.0,3,0.496
300,7,955.0,305.0,88.0,147.0,1.0,0,0.031
300,8,-1.0,350.0,262.0,165.0,1.0,3,0.203
300,10,153.0,427.0,233.0,147.0,1.0,3,0.769
300,11,831.0,361.0,26.0,91.0,1.0,0,0.275
301,1,587.0,276.0,246.0,129.0,1.0,0,0.969
301,2,-59.0,487.0,149.0,94.0,1.0,3,0.341
301,3,801.0,228.0,61.0,102.0,1.0,0,0.722
301,4,264.0,289.0,298.0,188.0,1.0,3,0.892
301,5,782.0,386.0,189.0,99.0,1.0,0,0.942
301,6,-83.0,369.0,275.0,173.0,1.0,3,0.49
301,7,958.0,305.0,88.0,147.0,1.0,0,0.013
301,8,-4.0,350.0,262.0,165.0,1.0,3,0.202
301,10,150.0,427.0,235.0,148.0,1.0,3,0.764
301,11,834.0,361.0,26.0,91.0,1.0,0,0.275
302,1,589.0,276.0,246.0,129.0,1.0,0,0.97
302,2,-63.0,487.0,149.0,94.0,1.0,3,0.325
302,3,803.0,228.0,61.0,103.0,1.0,0,0.72
302,4,262.0,289.0,298.0,188.0,1.0,3,0.893
302,5,785.0,386.0,189.0,99.0,1.0,0,0.926
302,6,-87.0,369.0,275.0,173.0,1.0,3,0.483
302,8,-8.0,350.0,262.0,165.0,1.0,3,0.2
302,10,147.0,427.0,235.0,148.0,1.0,3,0.764
302,11,837.0,361.0,26.0,91.0,1.0,0,0.275
303,1,591.0,277.0,246.0,129.0,1.0,0,0.968
303,2,-66.0,487.0,149.0,94.0,1.0,3,0.314
303,3,806.0,227.0,61.0,103.0,1.0,0,0.739
303,4,260.0,289.0,298.0,188.0,1.0,3,0.896
303,5,787.0,386.0,189.0,99.0,1.0,0,0.915
303,6,-90.0,369.0,275.0,173.0,1.0,3,0.476
303,8,-11.0,349.0,262.0,165.0,1.0,3,0.206
303,10,144.0,428.0,235.0,148.0,1.0,3,0.757
303,11,840.0,361.0,26.0,91.0,1.0,0,0.275
304,1,594.0,277.0,248.0,130.0,1.0,0,0.966
304,2,-70.0,487.0,149.0,94.0,1.0,3,0.299
304,3,809.0,227.0,61.0,103.0,1.0,0,0.722
304,4,258.0,289.0,298.0,188.0,1.0,3,0.896
304,5,790.0,386.0,189.0,99.0,1.0,0,0.899
304,6,-93.0,369.0,275.0,173.0,1.0,3,0.472
304,8,-15.0,349.0,262.0,165.0,1.0,3,0.203
304,10,142.0,428.0,235.0,148.0,1.0,3,0.757
304,11,843.0,360.0,26.0,91.0,1.0,0,0.286
305,1,596.0,277.0,248.0,130.0,1.0,0,0.967
305,2,-74.0,488.0,149.0,94.0,1.0,3,0.278
305,3,812.0,227.0,61.0,103.0,1.0,0,0.73
305,4,256.0,289.0,298.0,188.0,1.0,3,0.897
305,5,793.0,386.0,189.0,99.0,1.0,0,0.884
305,6,-96.0,369.0,275.0,173.0,1.0,3,0.467
305,8,-18.0,349.0,262.0,165.0,1.0,3,0.202
305,10,139.0,428.0,235.0,148.0,1.0,3,0.757
305,11,846.0,360.0,26.0,91.0,1.0,0,0.286
306,1,598.0,277.0,248.0,130.0,1.0,0,0.967
306,2,-77.0,488.0,149.0,94.0,1.0,3,0.267
306,3,815.0,227.0,61.0,103.0,1.0,0,0.739
306,4,254.0,288.0,298.0,188.0,1.0,3,0.9
306,5,795.0,386.0,189.0,99.0,1.0,0,0.873
306,6,-99.0,369.0,273.0,172.0,1.0,3,0.463
306,8,-22.0,349.0,262.0,165.0,1.0,3,0.201
306,10,136.0,428.0,235.0,148.0,1.0,3,0.757
306,11,848.0,360.0,26.0,92.0,1.0,0,0.283
307,1,600.0,277.0,248.0,130.0,1.0,0,0.967
307,2,-81.0,488.0,149.0,94.0,1.0,3,0.252
307,3,818.0,227.0,61.0,103.0,1.0,0,0.747
307,4,252.0,288.0,298.0,188.0,1.0,3,0.903
307,5,798.0,386.0,189.0,99.0,1.0,0,0.857
307,6,-102.0,370.0,273.0,172.0,1.0,3,0.454
307,8,-25.0,349.0,262.0,165.0,1.0,3,0.205
307,10,133.0,429.0,235.0,148.0,1.0,3,0.75
307,11,851.0,360.0,26.0,92.0,1.0,0,0.283
308,1,603.0,277.0,248.0,130.0,1.0,0,0.968
308,2,-84.0,488.0,149.0,94.0,1.0,3,0.241
308,3,820.0,226.0,61.0,103.0,1.0,0,0.743
308,4,250.0,288.0,298.0,188.0,1.0,3,0.904
308,5,800.0,387.0,189.0,99.0,1.0,0,0.847
308,6,-105.0,370.0,273.0,172.0,1.0,3,0.446
308,8,-29.0,349.0,262.0,165.0,1.0,3,0.202
308,10,130.0,429.0,235.0,148.0,1.0,3,0.75
308,11,854.0,360.0,26.0,92.0,1.0,0,0.293
309,1,605.0,277.0,248.0,130.0,1.0,0,0.969
309,2,-88.0,489.0,149.0,94.0,1.0,3,0.222
309,3,823.0,226.0,61.0,103.0,1.0,0,0.752
309,4,248.0,288.0,298.0,188.0,1.0,3,0.904
309,5,803.0,387.0,189.0,99.0,1.0,0,0.831
309,6,-109.0,370.0,273.0,172.0,1.0,3,0.44
309,8,-32.0,349.0,262.0,165.0,1.0,3,0.202
309,10,127.0,429.0,235.0,148.0,1.0,3,0.75
309,11,857.0,359.0,26.0,92.0,1.0,0,0.304
310,1,607.0,277.0,248.0,130.0,1.0,0,0.97
310,2,-91.0,489.0,149.0,94.0,1.0,3,0.211
310,3,826.0,226.0,61.0,103.0,1.0,0,0.76
310,4,245.0,288.0,298.0,188.0,1.0,3,0.904
310,5,806.0,387.0,189.0,99.0,1.0,0,0.815
310,6,-112.0,370.0,273.0,172.0,1.0,3,0.432
310,8,-36.0,349.0,262.0,165.0,1.0,3,0.198
310,10,124.0,429.0,235.0,148.0,1.0,3,0.75
310,11,860.0,359.0,26.0,92.0,1.0,0,0.304
311,1,610.0,277.0,248.0,130.0,1.0,0,0.969
311,2,-95.0,489.0,149.0,94.0,1.0,3,0.197
311,3,829.0,226.0,61.0,103.0,1.0,0,0.76
311,4,243.0,287.0,298.0,188.0,1.0,3,0.909
311,5,808.0,387.0,189.0,99.0,1.0,0,0.804
311,6,-115.0,370.0,273.0,172.0,1.0,3,0.427
311,8,-39.0,349.0,263.0,166.0,1.0,3,0.198
311,10,121.0,430.0,235.0,148.0,1.0,3,0.743
311,11,862.0,359.0,26.0,92.0,1.0,0,0.304
312,1,612.0,278.0,248.0,130.0,1.0,0,0.968
312,2,-98.0,489.0,149.0,94.0,1.0,3,0.186
312,3,832.0,225.0,61.0,103.0,1.0,0,0.777
312,4,241.0,287.0,298.0,188.0,1.0,3,0.91
312,5,811.0,387.0,189.0,99.0,1.0,0,0.788
312,6,-118.0,370.0,273.0,172.0,1.0,3,0.419
312,8,-43.0,348.0,263.0,166.0,1.0,3,0.2
312,10,118.0,430.0,235.0,148.0,1.0,3,0.743
312,11,865.0,359.0,26.0,92.0,1.0,0,0.304
313,1,614.0,278.0,248.0,130.0,1.0,0,0.968
313,2,-102.0,490.0,149.0,94.0,1.0,3,0.168
313,3,835.0,225.0,61.0,103.0,1.0,0,0.785
313,4,239.0,287.0,298.0,188.0,1.0,3,0.911
313,5,813.0,387.0,189.0,99.0,1.0,0,0.778
313,6,-121.0,370.0,273.0,172.0,1.0,3,0.414
313,8,-46.0,348.0,263.0,166.0,1.0,3,0.199
313,10,115.0,430.0,235.0,148.0,1.0,3,0.743
313,11,868.0,359.0,26.0,92.0,1.0,0,0.304
314,1,617.0,278.0,248.0,130.0,1.0,0,0.968
314,2,-105.0,490.0,149.0,94.0,1.0,3,0.157
314,3,837.0,225.0,61.0,103.0,1.0,0,0.777
314,4,237.0,287.0,298.0,188.0,1.0,3,0.912
314,5,816.0,387.0,189.0,99.0,1.0,0,0.762
314,6,-124.0,370.0,273.0,172.0,1.0,3,0.406
314,8,-50.0,348.0,263.0,166.0,1.0,3,0.195
314,10,112.0,430.0,235.0,148.0,1.0,3,0.743
314,11,871.0,358.0,26.0,92.0,1.0,0,0.315
315,1,619.0,278.0,248.0,130.0,1.0,0,0.969
315,2,-109.0,490.0,148.0,93.0,1.0,3,0.142
315,3,840.0,225.0,61.0,103.0,1.0,0,0.785
315,4,235.0,287.0,298.0,188.0,1.0,3,0.912
315,5,819.0,387.0,189.0,99.0,1.0,0,0.746
315,6,-127.0,370.0,273.0,172.0,1.0,3,0.4
315,8,-53.0,348.0,263.0,166.0,1.0,3,0.194
315,10,109.0,430.0,235.0,148.0,1.0,3,0.743
315,11,874.0,358.0,26.0,92.0,1.0,0,0.315
316,1,621.0,278.0,248.0,130.0,1.0,0,0.969
316,2,-113.0,490.0,148.0,93.0,1.0,3,0.127
316,3,843.0,224.0,62.0,104.0,1.0,0,0.798
316,4,233.0,287.0,298.0,188.0,1.0,3,0.915
316,5,821.0,387.0,189.0,99.0,1.0,0,0.735
316,6,-131.0,371.0,273.0,172.0,1.0,3,0.39
316,8,-57.0,348.0,263.0,166.0,1.0,3,0.196
316,10,106.0,431.0,235.0,148.0,1.0,3,0.736
316,11,876.0,358.0,26.0,92.0,1.0,0,0.315
317,1,624.0,278.0,248.0,130.0,1.0,0,0.969
317,2,-116.0,491.0,148.0,93.0,1.0,3,0.114
317,3,846.0,224.0,62.0,104.0,1.0,0,0.798
317,4,231.0,286.0,298.0,188.0,1.0,3,0.918
317,5,824.0,387.0,189.0,99.0,1.0,0,0.72
317,6,-134.0,371.0,273.0,172.0,1.0,3,0.383
317,8,-60.0,348.0,263.0,166.0,1.0,3,0.195
317,10,103.0,431.0,235.0,148.0,1.0,3,0.736
317,11,879.0,358.0,26.0,92.0,1.0,0,0.315
318,1,626.0,278.0,248.0,130.0,1.0,0,0.969
318,2,-120.0,491.0,148.0,93.0,1.0,3,0.1
318,3,849.0,224.0,62.0,104.0,1.0,0,0.806
318,4,229.0,286.0,298.0,188.0,1.0,3,0.919
318,5,827.0,387.0,189.0,99.0,1.0,0,0.704
318,6,-137.0,371.0,273.0,172.0,1.0,3,0.377
318,8,-64.0,348.0,263.0,166.0,1.0,3,0.191
318,10,100.0,431.0,235.0,148.0,1.0,3,0.736
318,11,882.0,358.0,26.0,92.0,1.0,0,0.315
319,1,628.0,278.0,248.0,130.0,1.0,0,0.969
319,2,-123.0,491.0,148.0,93.0,1.0,3,0.089
319,3,852.0,224.0,62.0,104.0,1.0,0,0.814
319,4,227.0,286.0,298.0,188.0,1.0,3,0.919
319,5,829.0,387.0,189.0,99.0,1.0,0,0.693
319,6,-140.0,371.0,273.0,172.0,1.0,3,0.369
319,8,-67.0,348.0,263.0,166.0,1.0,3,0.19
319,10,97.0,431.0,235.0,148.0,1.0,3,0.736
319,11,885.0,357.0,26.0,92.0,1.0,0,0.326
320,1,631.0,279.0,250.0,131.0,1.0,0,0.966
320,2,-127.0,491.0,148.0,93.0,1.0,3,0.075
320,3,854.0,223.0,62.0,104.0,1.0,0,0.799
320,4,225.0,286.0,298.0,188.0,1.0,3,0.921
320,5,832.0,387.0,189.0,99.0,1.0,0,0.677
320,6,-143.0,371.0,273.0,172.0,1.0,3,0.365
320,8,-71.0,347.0,263.0,166.0,1.0,3,0.192
320,10,95.0,432.0,235.0,148.0,1.0,3,0.73
320,11,888.0,357.0,26.0,92.0,1.0,0,0.326
321,1,633.0,279.0,250.0,131.0,1.0,0,0.966
321,2,-130.0,491.0,148.0,93.0,1.0,3,0.064
321,3,857.0,223.0,62.0,104.0,1.0,0,0.806
321,4,223.0,286.0,298.0,188.0,1.0,3,0.922
321,5,834.0,387.0,189.0,99.0,1.0,0,0.667
321,6,-146.0,371.0,273.0,172.0,1.0,3,0.358
321,8,-74.0,347.0,263.0,166.0,1.0,3,0.191
321,10,92.0,432.0,235.0,148.0,1.0,3,0.73
321,11,891.0,357.0,26.0,92.0,1.0,0,0.326
322,1,635.0,279.0,250.0,131.0,1.0,0,0.966
322,2,-134.0,492.0,148.0,93.0,1.0,3,0.049
322,3,860.0,223.0,62.0,104.0,1.0,0,0.814
322,4,221.0,285.0,298.0,188.0,1.0,3,0.925
322,5,837.0,387.0,191.0,100.0,1.0,0,0.644
322,6,-149.0,371.0,273.0,172.0,1.0,3,0.351
322,8,-78.0,347.0,263.0,166.0,1.0,3,0.187
322,10,89.0,432.0,235.0,148.0,1.0,3,0.73
322,11,893.0,357.0,26.0,92.0,1.0,0,0.326
323,1,638.0,279.0,250.0,131.0,1.0,0,0.966
323,2,-137.0,492.0,148.0,93.0,1.0,3,0.038
323,3,863.0,223.0,62.0,104.0,1.0,0,0.814
323,4,219.0,285.0,298.0,188.0,1.0,3,0.925
323,5,840.0,387.0,191.0,100.0,1.0,0,0.628
323,6,-153.0,371.0,273.0,172.0,1.0,3,0.342
323,8,-81.0,347.0,265.0,167.0,1.0,3,0.188
323,10,86.0,432.0,235.0,148.0,1.0,3,0.73
323,11,896.0,357.0,26.0,92.0,1.0,0,0.326
324,1,640.0,279.0,250.0,131.0,1.0,0,0.966
324,2,-141.0,492.0,148.0,93.0,1.0,3,0.024
324,3,866.0,223.0,62.0,104.0,1.0,0,0.821
324,4,217.0,285.0,298.0,188.0,1.0,3,0.927
324,5,842.0,387.0,191.0,100.0,1.0,0,0.618
324,6,-156.0,371.0,271.0,171.0,1.0,3,0.338
324,8,-85.0,347.0,265.0,167.0,1.0,3,0.189
324,10,83.0,433.0,236.0,149.0,1.0,3,0.718
324,11,899.0,356.0,26.0,92.0,1.0,0,0.337
325,1,642.0,279.0,250.0,131.0,1.0,0,0.967
325,2,-144.0,492.0,148.0,93.0,1.0,3,0.014
325,3,869.0,222.0,62.0,104.0,1.0,0,0.832
325,4,215.0,285.0,298.0,188.0,1.0,3,0.928
325,5,845.0,387.0,191.0,100.0,1.0,0,0.602
325,6,-159.0,371.0,271.0,171.0,1.0,3,0.33
325,8,-88.0,347.0,265.0,167.0,1.0,3,0.187
325,10,80.0,433.0,236.0,149.0,1.0,3,0.718
325,11,902.0,356.0,26.0,92.0,1.0,0,0.337
326,1,645.0,279.0,250.0,131.0,1.0,0,0.966
326,3,871.0,222.0,62.0,104.0,1.0,0,0.825
326,4,213.0,285.0,298.0,188.0,1.0,3,0.929
326,5,847.0,387.0,191.0,100.0,1.0,0,0.592
326,6,-162.0,372.0,271.0,171.0,1.0,3,0.321
326,8,-92.0,347.0,265.0,167.0,1.0,3,0.186
326,10,77.0,433.0,236.0,149.0,1.0,3,0.718
326,11,905.0,356.0,26.0,92.0,1.0,0,0.337
327,1,647.0,279.0,250.0,131.0,1.0,0,0.967
327,3,874.0,222.0,62.0,104.0,1.0,0,0.832
327,4,211.0,284.0,298.0,188.0,1.0,3,0.931
327,5,850.0,387.0,191.0,100.0,1.0,0,0.576
327,6,-165.0,372.0,271.0,171.0,1.0,3,0.31
327,8,-95.0,347.0,265.0,167.0,1.0,3,0.184
327,10,74.0,433.0,236.0,149.0,1.0,3,0.718
327,11,907.0,356.0,26.0,92.0,1.0,0,0.337
328,1,649.0,279.0,250.0,131.0,1.0,0,0.968
328,3,877.0,222.0,62.0,104.0,1.0,0,0.84
328,4,209.0,284.0,298.0,188.0,1.0,3,0.932
328,5,853.0,387.0,191.0,100.0,1.0,0,0.56
328,6,-168.0,372.0,271.0,171.0,1.0,3,0.3
328,8,-99.0,347.0,265.0,167.0,1.0,3,0.181
328,10,71.0,433.0,236.0,149.0,1.0,3,0.718
328,11,910.0,356.0,26.0,92.0,1.0,0,0.337
329,1,652.0,280.0,250.0,131.0,1.0,0,0.966
329,3,880.0,221.0,62.0,104.0,1.0,0,0.846
329,4,207.0,284.0,298.0,188.0,1.0,3,0.934
329,5,855.0,387.0,191.0,100.0,1.0,0,0.55
329,6,-171.0,372.0,271.0,171.0,1.0,3,0.289
329,8,-102.0,346.0,265.0,167.0,1.0,3,0.184
329,10,68.0,434.0,236.0,149.0,1.0,3,0.711
329,11,913.0,355.0,26.0,92.0,1.0,0,0.348
330,1,654.0,280.0,250.0,131.0,1.0,0,0.968
330,3,883.0,221.0,63.0,105.0,1.0,0,0.854
330,4,205.0,284.0,298.0,188.0,1.0,3,0.935
330,5,858.0,388.0,191.0,100.0,1.0,0,0.534
330,6,-175.0,372.0,271.0,171.0,1.0,3,0.277
330,8,-106.0,346.0,265.0,167.0,1.0,3,0.182
330,10,65.0,434.0,236.0,149.0,1.0,3,0.711
330,11,916.0,355.0,26.0,92.0,1.0,0,0.359
331,1,656.0,280.0,250.0,131.0,1.0,0,0.968
331,3,886.0,221.0,63.0,105.0,1.0,0,0.861
331,4,202.0,284.0,298.0,188.0,1.0,3,0.935
331,5,860.0,388.0,191.0,100.0,1.0,0,0.524
331,6,-178.0,372.0,271.0,171.0,1.0,3,0.266
331,8,-109.0,346.0,265.0,167.0,1.0,3,0.18
331,10,62.0,434.0,236.0,149.0,1.0,3,0.711
331,11,919.0,355.0,26.0,92.0,1.0,0,0.359
332,1,659.0,280.0,250.0,131.0,1.0,0,0.968
332,3,888.0,221.0,63.0,105.0,1.0,0,0.854
332,4,200.0,284.0,298.0,188.0,1.0,3,0.936
332,5,863.0,388.0,191.0,100.0,1.0,0,0.508
332,6,-181.0,372.0,271.0,171.0,1.0,3,0.255
332,8,-113.0,346.0,265.0,167.0,1.0,3,0.176
332,10,59.0,434.0,236.0,149.0,1.0,3,0.711
332,11,921.0,355.0,26.0,92.0,1.0,0,0.359
333,1,661.0,280.0,250.0,131.0,1.0,0,0.968
333,3,891.0,220.0,63.0,105.0,1.0,0,0.864
333,4,198.0,283.0,298.0,188.0,1.0,3,0.94
333,5,866.0,388.0,191.0,100.0,1.0,0,0.492
333,6,-184.0,372.0,271.0,171.0,1.0,3,0.245
333,8,-116.0,346.0,265.0,167.0,1.0,3,0.176
333,10,56.0,435.0,236.0,149.0,1.0,3,0.705
333,11,924.0,354.0,26.0,92.0,1.0,0,0.37
334,1,663.0,280.0,250.0,131.0,1.0,0,0.968
334,3,894.0,220.0,63.0,105.0,1.0,0,0.871
334,4,196.0,283.0,298.0,188.0,1.0,3,0.94
334,5,868.0,388.0,191.0,100.0,1.0,0,0.482
334,6,-187.0,372.0,271.0,171.0,1.0,3,0.234
334,8,-120.0,346.0,265.0,167.0,1.0,3,0.172
334,10,53.0,435.0,236.0,149.0,1.0,3,0.705
334,11,927.0,354.0,26.0,92.0,1.0,0,0.37
335,1,665.0,280.0,250.0,131.0,1.0,0,0.969
335,3,897.0,220.0,63.0,105.0,1.0,0,0.878
335,4,194.0,283.0,298.0,188.0,1.0,3,0.94
335,5,871.0,388.0,191.0,100.0,1.0,0,0.466
335,6,-190.0,373.0,271.0,171.0,1.0,3,0.224
335,8,-123.0,346.0,267.0,168.0,1.0,3,0.174
335,10,51.0,435.0,236.0,149.0,1.0,3,0.705
335,11,930.0,354.0,26.0,92.0,1.0,0,0.37
336,1,668.0,280.0,252.0,132.0,1.0,0,0.966
336,3,900.0,220.0,63.0,105.0,1.0,0,0.816
336,4,192.0,283.0,298.0,188.0,1.0,3,0.941
336,5,873.0,388.0,191.0,100.0,1.0,0,0.455
336,6,-193.0,373.0,271.0,171.0,1.0,3,0.213
336,8,-127.0,346.0,267.0,168.0,1.0,3,0.17
336,10,48.0,435.0,236.0,149.0,1.0,3,0.705
336,11,933.0,354.0,26.0,92.0,1.0,0,0.37
337,1,670.0,281.0,252.0,132.0,1.0,0,0.965
337,3,903.0,219.0,63.0,105.0,1.0,0,0.781
337,4,190.0,283.0,298.0,188.0,1.0,3,0.942
337,5,876.0,388.0,191.0,100.0,1.0,0,0.44
337,6,-197.0,373.0,271.0,171.0,1.0,3,0.201
337,8,-130.0,345.0,267.0,168.0,1.0,3,0.173
337,10,45.0,435.0,236.0,149.0,1.0,3,0.705
337,11,935.0,354.0,26.0,92.0,1.0,0,0.355
338,1,672.0,281.0,252.0,132.0,1.0,0,0.966
338,3,905.0,219.0,63.0,105.0,1.0,0,0.75
338,4,188.0,282.0,298.0,188.0,1.0,3,0.945
338,5,879.0,388.0,191.0,100.0,1.0,0,0.424
338,6,-200.0,373.0,271.0,171.0,1.0,3,0.191
338,8,-134.0,345.0,267.0,168.0,1.0,3,0.17
338,10,42.0,436.0,236.0,149.0,1.0,3,0.698
338,11,938.0,353.0,26.0,92.0,1.0,0,0.322
339,1,675.0,281.0,252.0,132.0,1.0,0,0.965
339,3,908.0,219.0,63.0,105.0,1.0,0,0.702
339,4,186.0,282.0,297.0,187.0,1.0,3,0.947
339,5,881.0,388.0,191.0,100.0,1.0,0,0.414
339,6,-203.0,373.0,271.0,171.0,1.0,3,0.18
339,8,-137.0,345.0,267.0,168.0,1.0,3,0.168
339,10,39.0,436.0,236.0,149.0,1.0,3,0.698
339,11,941.0,353.0,26.0,92.0,1.0,0,0.278
340,1,677.0,281.0,252.0,132.0,1.0,0,0.966
340,3,911.0,219.0,63.0,105.0,1.0,0,0.661
340,4,184.0,282.0,297.0,187.0,1.0,3,0.948
340,5,884.0,388.0,191.0,100.0,1.0,0,0.398
340,6,-206.0,373.0,271.0,171.0,1.0,3,0.169
340,8,-141.0,345.0,267.0,168.0,1.0,3,0.164
340,10,36.0,436.0,236.0,149.0,1.0,3,0.698
340,11,944.0,353.0,26.0,92.0,1.0,0,0.234
341,1,679.0,281.0,252.0,132.0,1.0,0,0.966
341,3,914.0,219.0,63.0,105.0,1.0,0,0.62
341,4,182.0,282.0,297.0,187.0,1.0,3,0.948
341,5,886.0,388.0,191.0,100.0,1.0,0,0.387
341,6,-209.0,373.0,271.0,171.0,1.0,3,0.158
341,8,-144.0,345.0,267.0,168.0,1.0,3,0.162
341,10,33.0,436.0,236.0,149.0,1.0,3,0.698
341,11,947.0,353.0,27.0,93.0,1.0,0,0.181
342,1,682.0,281.0,252.0,132.0,1.0,0,0.966
342,3,917.0,218.0,63.0,105.0,1.0,0,0.575
342,4,180.0,282.0,297.0,187.0,1.0,3,0.95
342,5,889.0,388.0,191.0,100.0,1.0,0,0.372
342,6,-212.0,373.0,270.0,170.0,1.0,3,0.148
342,8,-148.0,345.0,267.0,168.0,1.0,3,0.161
342,10,30.0,437.0,236.0,149.0,1.0,3,0.691
342,11,950.0,353.0,27.0,93.0,1.0,0,0.139
343,1,684.0,281.0,252.0,132.0,1.0,0,0.967
343,3,920.0,218.0,63.0,106.0,1.0,0,0.532
343,4,178.0,281.0,297.0,187.0,1.0,3,0.953
343,5,892.0,388.0,191.0,100.0,1.0,0,0.356
343,6,-215.0,373.0,270.0,170.0,1.0,3,0.137
343,8,-151.0,345.0,267.0,168.0,1.0,3,0.159
343,10,27.0,437.0,236.0,149.0,1.0,3,0.691
343,11,952.0,352.0,27.0,93.0,1.0,0,0.115
344,1,686.0,281.0,252.0,132.0,1.0,0,0.967
344,3,922.0,218.0,63.0,106.0,1.0,0,0.5
344,4,176.0,281.0,297.0,187.0,1.0,3,0.953
344,5,894.0,388.0,191.0,100.0,1.0,0,0.346
344,6,-219.0,374.0,270.0,170.0,1.0,3,0.124
344,8,-155.0,345.0,267.0,168.0,1.0,3,0.158
344,10,24.0,437.0,236.0,149.0,1.0,3,0.691
344,11,955.0,352.0,27.0,93.0,1.0,0,0.072
345,1,689.0,281.0,252.0,132.0,1.0,0,0.967
345,3,925.0,218.0,63.0,106.0,1.0,0,0.453
345,4,174.0,281.0,297.0,187.0,1.0,3,0.954
345,5,897.0,388.0,191.0,100.0,1.0,0,0.33
345,6,-222.0,374.0,270.0,170.0,1.0,3,0.113
345,8,-158.0,344.0,267.0,168.0,1.0,3,0.159
345,10,21.0,437.0,236.0,149.0,1.0,3,0.691
345,11,958.0,352.0,27.0,93.0,1.0,0,0.029
346,1,691.0,282.0,252.0,132.0,1.0,0,0.966
346,3,928.0,217.0,63.0,106.0,1.0,0,0.416
346,4,172.0,281.0,297.0,187.0,1.0,3,0.955
346,5,899.0,388.0,191.0,100.0,1.0,0,0.319
346,6,-225.0,374.0,270.0,170.0,1.0,3,0.103
346,8,-162.0,344.0,268.0,169.0,1.0,3,0.156
346,10,18.0,438.0,238.0,150.0,1.0,3,0.68
347,1,693.0,282.0,252.0,132.0,1.0,0,0.966
347,3,931.0,217.0,63.0,106.0,1.0,0,0.374
347,4,170.0,281.0,297.0,187.0,1.0,3,0.955
347,5,902.0,388.0,191.0,100.0,1.0,0,0.304
347,6,-228.0,374.0,270.0,170.0,1.0,3,0.092
347,8,-165.0,344.0,268.0,169.0,1.0,3,0.154
347,9,-31.0,245.0,33.0,149.0,1.0,0,0.04
347,10,15.0,438.0,238.0,150.0,1.0,3,0.68
348,1,696.0,282.0,252.0,132.0,1.0,0,0.966
348,3,934.0,217.0,63.0,106.0,1.0,0,0.327
348,4,168.0,281.0,297.0,187.0,1.0,3,0.956
348,5,905.0,388.0,191.0,100.0,1.0,0,0.288
348,6,-231.0,374.0,270.0,170.0,1.0,3,0.081
348,8,-168.0,344.0,268.0,169.0,1.0,3,0.152
348,9,-28.0,245.0,33.0,149.0,1.0,0,0.101
348,10,12.0,438.0,238.0,150.0,1.0,3,0.68
349,1,698.0,282.0,252.0,132.0,1.0,0,0.966
349,3,937.0,217.0,63.0,106.0,1.0,0,0.285
349,4,166.0,280.0,297.0,187.0,1.0,3,0.958
349,5,907.0,388.0,191.0,100.0,1.0,0,0.277
349,6,-234.0,374.0,270.0,170.0,1.0,3,0.07
349,8,-172.0,344.0,268.0,169.0,1.0,3,0.148
349,9,-24.0,245.0,33.0,149.0,1.0,0,0.181
349,10,9.0,438.0,238.0,150.0,1.0,3,0.68
350,1,700.0,282.0,252.0,132.0,1.0,0,0.967
350,3,939.0,216.0,63.0,106.0,1.0,0,0.255
350,4,164.0,280.0,297.0,187.0,1.0,3,0.958
350,5,910.0,388.0,191.0,100.0,1.0,0,0.262
350,6,-237.0,374.0,270.0,170.0,1.0,3,0.059
350,8,-175.0,344.0,268.0,169.0,1.0,3,0.146
350,9,-21.0,245.0,33.0,149.0,1.0,0,0.242
350,10,6.0,438.0,238.0,150.0,1.0,3,0.68
351,1,703.0,282.0,252.0,132.0,1.0,0,0.966
351,3,942.0,216.0,63.0,106.0,1.0,0,0.208
351,4,162.0,280.0,297.0,187.0,1.0,3,0.96
351,5,912.0,388.0,191.0,100.0,1.0,0,0.251
351,6,-241.0,374.0,270.0,170.0,1.0,3,0.05
351,8,-179.0,344.0,268.0,169.0,1.0,3,0.145
351,9,-17.0,245.0,33.0,149.0,1.0,0,0.322
351,10,4.0,439.0,238.0,150.0,1.0,3,0.673
352,1,705.0,282.0,254.0,133.0,1.0,0,0.966
352,3,945.0,216.0,63.0,106.0,1.0,0,0.154
352,4,159.0,280.0,297.0,187.0,1.0,3,0.96
352,5,915.0,389.0,191.0,100.0,1.0,0,0.236
352,6,-244.0,374.0,270.0,170.0,1.0,3,0.039
352,8,-182.0,344.0,268.0,169.0,1.0,3,0.143
352,9,-14.0,245.0,33.0,149.0,1.0,0,0.383
352,10,1.0,439.0,238.0,150.0,1.0,3,0.673
353,1,707.0,282.0,254.0,133.0,1.0,0,0.964
353,3,948.0,216.0,63.0,106.0,1.0,0,0.119
353,4,157.0,280.0,297.0,187.0,1.0,3,0.96
353,5,918.0,389.0,193.0,101.0,1.0,0,0.218
353,6,-247.0,375.0,270.0,170.0,1.0,3,0.032
353,8,-186.0,344.0,268.0,169.0,1.0,3,0.139
353,9,-10.0,245.0,33.0,149.0,1.0,0,0.463
353,10,-2.0,439.0,238.0,150.0,1.0,3,0.668
354,1,710.0,283.0,254.0,133.0,1.0,0,0.952
354,3,951.0,215.0,63.0,106.0,1.0,0,0.092
354,4,155.0,279.0,297.0,187.0,1.0,3,0.962
354,5,920.0,389.0,193.0,101.0,1.0,0,0.207
354,6,-250.0,375.0,270.0,170.0,1.0,3,0.028
354,8,-189.0,343.0,268.0,169.0,1.0,3,0.139
354,9,-7.0,245.0,33.0,149.0,1.0,0,0.518
354,10,-5.0,439.0,238.0,150.0,1.0,3,0.659
355,1,712.0,283.0,254.0,133.0,1.0,0,0.947
355,3,954.0,215.0,63.0,106.0,1.0,0,0.061
355,4,153.0,279.0,297.0,187.0,1.0,3,0.964
355,5,923.0,389.0,193.0,101.0,1.0,0,0.192
355,6,-253.0,375.0,270.0,170.0,1.0,3,0.024
355,8,-193.0,343.0,268.0,169.0,1.0,3,0.136
355,9,-3.0,244.0,33.0,150.0,1.0,0,0.6
355,10,-8.0,440.0,238.0,150.0,1.0,3,0.644
356,1,714.0,283.0,254.0,133.0,1.0,0,0.941
356,3,956.0,215.0,63.0,106.0,1.0,0,0.041
356,4,151.0,279.0,297.0,187.0,1.0,3,0.964
356,5,925.0,389.0,193.0,101.0,1.0,0,0.181
356,6,-256.0,375.0,270.0,170.0,1.0,3,0.02
356,8,-196.0,343.0,268.0,169.0,1.0,3,0.134
356,9,0.0,244.0,33.0,150.0,1.0,0,0.66
356,10,-11.0,440.0,238.0,150.0,1.0,3,0.636
357,1,717.0,283.0,254.0,133.0,1.0,0,0.931
357,3,959.0,215.0,64.0,107.0,1.0,0,0.01
357,4,149.0,279.0,297.0,187.0,1.0,3,0.965
357,5,928.0,389.0,193.0,101.0,1.0,0,0.166
357,6,-259.0,375.0,270.0,170.0,1.0,3,0.016
357,8,-200.0,343.0,268.0,169.0,1.0,3,0.13
357,9,4.0,244.0,33.0,150.0,1.0,0,0.66
357,10,-14.0,440.0,238.0,150.0,1.0,3,0.627
358,1,719.0,283.0,254.0,133.0,1.0,0,0.926
358,4,147.0,279.0,297.0,187.0,1.0,3,0.965
358,5,931.0,389.0,193.0,101.0,1.0,0,0.15
358,6,-263.0,375.0,270.0,170.0,1.0,3,0.01
358,8,-203.0,343.0,270.0,170.0,1.0,3,0.132
358,9,7.0,244.0,33.0,150.0,1.0,0,0.66
358,10,-17.0,440.0,238.0,150.0,1.0,3,0.619
359,1,721.0,283.0,254.0,133.0,1.0,0,0.919
359,4,145.0,278.0,297.0,187.0,1.0,3,0.967
359,5,933.0,389.0,193.0,101.0,1.0,0,0.14
359,6,-266.0,375.0,270.0,170.0,1.0,3,0.006
359,8,-207.0,343.0,270.0,170.0,1.0,3,0.127
359,9,11.0,244.0,33.0,150.0,1.0,0,0.66
359,10,-20.0,440.0,238.0,150.0,1.0,3,0.611
360,1,724.0,283.0,254.0,133.0,1.0,0,0.91
360,4,143.0,278.0,297.0,187.0,1.0,3,0.969
360,5,936.0,389.0,193.0,101.0,1.0,0,0.124
360,8,-210.0,343.0,270.0,170.0,1.0,3,0.128
360,9,14.0,244.0,33.0,150.0,1.0,0,0.66
360,10,-23.0,441.0,238.0,150.0,1.0,3,0.596
361,1,726.0,283.0,254.0,133.0,1.0,0,0.904
361,4,141.0,278.0,297.0,187.0,1.0,3,0.969
361,5,938.0,389.0,193.0,101.0,1.0,0,0.114
361,8,-214.0,343.0,270.0,170.0,1.0,3,0.12
361,9,18.0,244.0,33.0,150.0,1.0,0,0.66
361,10,-26.0,441.0,238.0,150.0,1.0,3,0.588
362,1,728.0,283.0,254.0,133.0,1.0,0,0.898
362,4,139.0,278.0,297.0,187.0,1.0,3,0.97
362,5,941.0,389.0,193.0,101.0,1.0,0,0.098
362,8,-217.0,342.0,270.0,170.0,1.0,3,0.114
362,9,21.0,243.0,33.0,150.0,1.0,0,0.67
362,10,-29.0,441.0,238.0,150.0,1.0,3,0.58
363,1,730.0,284.0,254.0,133.0,1.0,0,0.892
363,4,137.0,278.0,297.0,187.0,1.0,3,0.97
363,5,944.0,389.0,193.0,101.0,1.0,0,0.083
363,8,-221.0,342.0,270.0,170.0,1.0,3,0.106
363,9,24.0,243.0,33.0,150.0,1.0,0,0.742
363,10,-32.0,441.0,238.0,150.0,1.0,3,0.571
364,1,733.0,284.0,254.0,133.0,1.0,0,0.882
364,4,135.0,277.0,297.0,187.0,1.0,3,0.973
364,5,946.0,389.0,193.0,101.0,1.0,0,0.073
364,8,-224.0,342.0,270.0,170.0,1.0,3,0.1
364,9,28.0,243.0,33.0,150.0,1.0,0,0.815
364,10,-35.0,442.0,238.0,150.0,1.0,3,0.557
365,1,735.0,284.0,254.0,133.0,1.0,0,0.877
365,4,133.0,277.0,297.0,187.0,1.0,3,0.973
365,5,949.0,389.0,193.0,101.0,1.0,0,0.057
365,8,-228.0,342.0,270.0,170.0,1.0,3,0.092
365,9,31.0,243.0,33.0,150.0,1.0,0,0.887
365,10,-38.0,442.0,238.0,150.0,1.0,3,0.549
366,1,737.0,284.0,254.0,133.0,1.0,0,0.871
366,4,131.0,277.0,297.0,187.0,1.0,3,0.973
366,5,952.0,389.0,193.0,101.0,1.0,0,0.041
366,8,-231.0,342.0,270.0,170.0,1.0,3,0.085
366,9,35.0,243.0,33.0,150.0,1.0,0,0.959
366,10,-40.0,442.0,238.0,150.0,1.0,3,0.544
367,1,740.0,284.0,254.0,133.0,1.0,0,0.861
367,4,129.0,277.0,297.0,187.0,1.0,3,0.974
367,5,954.0,389.0,193.0,101.0,1.0,0,0.031
367,8,-235.0,342.0,270.0,170.0,1.0,3,0.076
367,9,38.0,243.0,33.0,150.0,1.0,0,1.0
367,10,-43.0,442.0,238.0,150.0,1.0,3,0.535
368,1,742.0,284.0,255.0,134.0,1.0,0,0.852
368,4,127.0,277.0,297.0,187.0,1.0,3,0.975
368,5,957.0,389.0,193.0,101.0,1.0,0,0.016
368,8,-238.0,342.0,270.0,170.0,1.0,3,0.07
368,9,42.0,243.0,33.0,150.0,1.0,0,1.0
368,10,-46.0,443.0,238.0,150.0,1.0,3,0.522
369,1,744.0,284.0,255.0,134.0,1.0,0,0.846
369,4,125.0,277.0,297.0,187.0,1.0,3,0.975
369,5,959.0,389.0,193.0,101.0,1.0,0,0.005
369,8,-242.0,342.0,270.0,170.0,1.0,3,0.062
369,9,45.0,243.0,33.0,150.0,1.0,0,1.0
369,10,-49.0,443.0,240.0,151.0,1.0,3,0.511
370,1,747.0,284.0,255.0,134.0,1.0,0,0.835
370,4,123.0,276.0,297.0,187.0,1.0,3,0.977
370,8,-245.0,342.0,271.0,171.0,1.0,3,0.057
370,9,49.0,242.0,33.0,150.0,1.0,0,1.0
370,10,-52.0,443.0,240.0,151.0,1.0,3,0.503
371,1,749.0,285.0,255.0,134.0,1.0,0,0.827
371,4,121.0,276.0,297.0,187.0,1.0,3,0.977
371,8,-249.0,341.0,271.0,171.0,1.0,3,0.048
371,9,52.0,242.0,33.0,150.0,1.0,0,1.0
371,10,-55.0,443.0,240.0,151.0,1.0,3,0.495
372,1,751.0,285.0,255.0,134.0,1.0,0,0.82
372,4,119.0,276.0,297.0,187.0,1.0,3,0.977
372,8,-252.0,341.0,271.0,171.0,1.0,3,0.042
372,9,56.0,242.0,33.0,150.0,1.0,0,1.0
372,10,-58.0,443.0,240.0,151.0,1.0,3,0.487
373,1,754.0,285.0,255.0,134.0,1.0,0,0.808
373,4,116.0,276.0,297.0,187.0,1.0,3,0.978
373,7,-86.0,310.0,89.0,150.0,1.0,0,0.007
373,8,-256.0,341.0,271.0,171.0,1.0,3,0.033
373,9,59.0,242.0,33.0,150.0,1.0,0,1.0
373,10,-61.0,444.0,240.0,151.0,1.0,3,0.474
374,1,756.0,285.0,255.0,134.0,1.0,0,0.8
374,4,114.0,276.0,297.0,187.0,1.0,3,0.979
374,7,-83.0,310.0,89.0,150.0,1.0,0,0.014
374,8,-259.0,341.0,271.0,171.0,1.0,3,0.027
374,9,63.0,242.0,33.0,150.0,1.0,0,1.0
374,10,-64.0,444.0,240.0,151.0,1.0,3,0.466
375,1,758.0,285.0,255.0,134.0,1.0,0,0.792
375,4,112.0,275.0,297.0,187.0,1.0,3,0.98
375,7,-80.0,310.0,89.0,150.0,1.0,0,0.029
375,8,-263.0,341.0,271.0,171.0,1.0,3,0.018
375,9,66.0,242.0,33.0,150.0,1.0,0,1.0
375,10,-67.0,444.0,240.0,151.0,1.0,3,0.458
376,1,761.0,285.0,255.0,134.0,1.0,0,0.78
376,4,110.0,275.0,297.0,187.0,1.0,3,0.981
376,7,-77.0,310.0,89.0,150.0,1.0,0,0.082
376,8,-266.0,341.0,271.0,171.0,1.0,3,0.011
376,9,70.0,242.0,33.0,150.0,1.0,0,1.0
376,10,-70.0,444.0,240.0,151.0,1.0,3,0.45
377,1,763.0,285.0,255.0,134.0,1.0,0,0.773
377,4,108.0,275.0,297.0,187.0,1.0,3,0.982
377,7,-74.0,310.0,89.0,150.0,1.0,0,0.144
377,8,-270.0,341.0,271.0,171.0,1.0,3,0.002
377,9,73.0,241.0,33.0,150.0,1.0,0,1.0
377,10,-73.0,445.0,240.0,151.0,1.0,3,0.438
378,1,765.0,285.0,255.0,134.0,1.0,0,0.765
378,4,106.0,275.0,297.0,187.0,1.0,3,0.982
378,7,-71.0,310.0,89.0,150.0,1.0,0,0.182
378,9,77.0,241.0,33.0,150.0,1.0,0,0.906
378,10,-76.0,445.0,240.0,151.0,1.0,3,0.43
379,1,768.0,285.0,255.0,134.0,1.0,0,0.753
379,4,104.0,275.0,297.0,187.0,1.0,3,0.983
379,7,-68.0,310.0,89.0,150.0,1.0,0,0.212
379,9,80.0,241.0,33.0,150.0,1.0,0,0.789
379,10,-79.0,445.0,240.0,151.0,1.0,3,0.422
380,1,770.0,286.0,255.0,134.0,1.0,0,0.745
380,4,102.0,274.0,297.0,187.0,1.0,3,0.984
380,7,-65.0,310.0,89.0,150.0,1.0,0,0.243
380,9,84.0,241.0,33.0,150.0,1.0,0,0.645
380,10,-82.0,445.0,240.0,151.0,1.0,3,0.414
381,1,772.0,286.0,255.0,134.0,1.0,0,0.737
381,4,100.0,274.0,297.0,187.0,1.0,3,0.984
381,7,-62.0,310.0,90.0,151.0,1.0,0,0.278
381,9,87.0,241.0,33.0,150.0,1.0,0,0.527
381,10,-85.0,445.0,240.0,151.0,1.0,3,0.406
382,1,775.0,286.0,255.0,134.0,1.0,0,0.725
382,2,957.0,506.0,143.0,90.0,1.0,3,0.008
382,4,98.0,274.0,297.0,187.0,1.0,3,0.985
382,7,-60.0,310.0,90.0,151.0,1.0,0,0.3
382,9,91.0,241.0,33.0,150.0,1.0,0,0.385
382,10,-87.0,446.0,240.0,151.0,1.0,3,0.397
383,1,777.0,286.0,255.0,134.0,1.0,0,0.718
383,2,954.0,506.0,143.0,90.0,1.0,3,0.016
383,4,96.0,274.0,297.0,187.0,1.0,3,0.985
383,7,-57.0,310.0,90.0,151.0,1.0,0,0.33
383,9,94.0,241.0,33.0,150.0,1.0,0,0.267
383,10,-90.0,446.0,240.0,151.0,1.0,3,0.389
384,1,779.0,286.0,255.0,134.0,1.0,0,0.71
384,2,950.0,507.0,141.0,89.0,1.0,3,0.026
384,4,94.0,274.0,297.0,187.0,1.0,3,0.986
384,7,-54.0,311.0,90.0,151.0,1.0,0,0.358
384,9,98.0,241.0,33.0,150.0,1.0,0,0.22
384,10,-93.0,446.0,240.0,151.0,1.0,3,0.381
385,1,782.0,286.0,257.0,135.0,1.0,0,0.693
385,2,947.0,507.0,141.0,89.0,1.0,3,0.034
385,4,92.0,274.0,297.0,187.0,1.0,3,0.986
385,7,-51.0,311.0,90.0,151.0,1.0,0,0.387
385,9,101.0,240.0,33.0,151.0,1.0,0,0.225
385,10,-96.0,446.0,240.0,151.0,1.0,3,0.374
386,1,784.0,286.0,257.0,135.0,1.0,0,0.685
386,2,943.0,507.0,141.0,89.0,1.0,3,0.045
386,4,90.0,273.0,297.0,187.0,1.0,3,0.988
386,7,-48.0,311.0,90.0,151.0,1.0,0,0.42
386,9,105.0,240.0,33.0,151.0,1.0,0,0.219
386,10,-99.0,447.0,240.0,151.0,1.0,3,0.362
387,1,786.0,286.0,257.0,135.0,1.0,0,0.677
387,2,940.0,507.0,141.0,89.0,1.0,3,0.053
387,4,88.0,273.0,297.0,187.0,1.0,3,0.988
387,7,-45.0,311.0,90.0,151.0,1.0,0,0.45
387,9,108.0,240.0,33.0,151.0,1.0,0,0.219
387,10,-102.0,447.0,240.0,151.0,1.0,3,0.354
388,1,789.0,287.0,257.0,135.0,1.0,0,0.665
388,2,936.0,507.0,141.0,89.0,1.0,3,0.063
388,4,86.0,273.0,297.0,187.0,1.0,3,0.989
388,7,-42.0,311.0,90.0,151.0,1.0,0,0.48
388,9,111.0,240.0,33.0,151.0,1.0,0,0.219
388,10,-105.0,447.0,240.0,151.0,1.0,3,0.346
389,1,791.0,287.0,257.0,135.0,1.0,0,0.658
389,2,933.0,508.0,141.0,89.0,1.0,3,0.069
389,4,84.0,273.0,297.0,187.0,1.0,3,0.989
389,7,-39.0,311.0,90.0,151.0,1.0,0,0.51
389,9,115.0,240.0,33.0,151.0,1.0,0,0.219
389,10,-108.0,447.0,240.0,151.0,1.0,3,0.339
390,1,793.0,287.0,257.0,135.0,1.0,0,0.65
390,2,929.0,508.0,141.0,89.0,1.0,3,0.079
390,4,82.0,273.0,297.0,187.0,1.0,3,0.99
390,7,-36.0,311.0,90.0,151.0,1.0,0,0.544
390,9,118.0,240.0,33.0,151.0,1.0,0,0.219
390,10,-111.0,448.0,240.0,151.0,1.0,3,0.327
391,1,796.0,287.0,257.0,135.0,1.0,0,0.638
391,2,926.0,508.0,141.0,89.0,1.0,3,0.087
391,4,80.0,272.0,297.0,187.0,1.0,3,0.991
391,7,-34.0,311.0,90.0,151.0,1.0,0,0.565
391,9,122.0,240.0,33.0,151.0,1.0,0,0.212
391,10,-114.0,448.0,240.0,151.0,1.0,3,0.32
392,1,798.0,287.0,257.0,135.0,1.0,0,0.63
392,2,922.0,508.0,141.0,89.0,1.0,3,0.097
392,4,78.0,272.0,297.0,187.0,1.0,3,0.991
392,7,-31.0,311.0,90.0,151.0,1.0,0,0.595
392,9,125.0,239.0,33.0,151.0,1.0,0,0.219
392,10,-117.0,448.0,241.0,152.0,1.0,3,0.311
393,1,800.0,287.0,257.0,135.0,1.0,0,0.623
393,2,918.0,509.0,141.0,89.0,1.0,3,0.104
393,4,76.0,272.0,297.0,187.0,1.0,3,0.991
393,7,-28.0,311.0,90.0,151.0,1.0,0,0.625
393,9,129.0,239.0,33.0,151.0,1.0,0,0.219
393,10,-120.0,448.0,241.0,152.0,1.0,3,0.304
394,1,802.0,287.0,257.0,135.0,1.0,0,0.615
394,2,915.0,509.0,141.0,89.0,1.0,3,0.111
394,4,73.0,272.0,297.0,187.0,1.0,3,0.991
394,7,-25.0,311.0,90.0,151.0,1.0,0,0.655
394,9,132.0,239.0,33.0,151.0,1.0,0,0.219
394,10,-123.0,448.0,241.0,152.0,1.0,3,0.296
395,1,805.0,287.0,257.0,135.0,1.0,0,0.603
395,2,911.0,509.0,141.0,89.0,1.0,3,0.121
395,4,71.0,272.0,297.0,187.0,1.0,3,0.992
395,7,-22.0,311.0,90.0,151.0,1.0,0,0.691
395,9,136.0,239.0,33.0,151.0,1.0,0,0.219
395,10,-126.0,449.0,241.0,152.0,1.0,3,0.286
396,1,807.0,287.0,257.0,135.0,1.0,0,0.595
396,2,908.0,509.0,141.0,89.0,1.0,3,0.128
396,4,69.0,271.0,297.0,187.0,1.0,3,0.988
396,7,-19.0,311.0,90.0,151.0,1.0,0,0.721
396,9,139.0,239.0,33.0,151.0,1.0,0,0.212
396,10,-129.0,449.0,241.0,152.0,1.0,3,0.278
397,1,809.0,288.0,257.0,135.0,1.0,0,0.588
397,2,904.0,510.0,141.0,89.0,1.0,3,0.134
397,4,67.0,271.0,297.0,187.0,1.0,3,0.976
397,7,-16.0,311.0,90.0,151.0,1.0,0,0.751
397,9,143.0,239.0,33.0,151.0,1.0,0,0.212
397,10,-131.0,449.0,241.0,152.0,1.0,3,0.273
398,1,812.0,288.0,257.0,135.0,1.0,0,0.576
398,2,901.0,510.0,141.0,89.0,1.0,3,0.141
398,4,65.0,271.0,297.0,187.0,1.0,3,0.963
398,7,-13.0,311.0,90.0,151.0,1.0,0,0.782
398,9,146.0,239.0,33.0,151.0,1.0,0,0.212
398,10,-134.0,449.0,241.0,152.0,1.0,3,0.266
399,1,814.0,288.0,257.0,135.0,1.0,0,0.568
399,2,897.0,510.0,141.0,89.0,1.0,3,0.151
399,4,63.0,271.0,297.0,187.0,1.0,3,0.952
399,7,-10.0,312.0,90.0,151.0,1.0,0,0.812
399,9,150.0,238.0,33.0,151.0,1.0,0,0.219
399,10,-137.0,450.0,241.0,152.0,1.0,3,0.256
400,1,816.0,288.0,257.0,135.0,1.0,0,0.56
400,2,894.0,510.0,141.0,89.0,1.0,3,0.158
400,4,61.0,271.0,297.0,187.0,1.0,3,0.942
400,7,-8.0,312.0,90.0,151.0,1.0,0,0.833
400,9,153.0,238.0,33.0,151.0,1.0,0,0.219
400,10,-140.0,450.0,241.0,152.0,1.0,3,0.248
401,1,819.0,288.0,259.0,136.0,1.0,0,0.544
401,2,890.0,511.0,140.0,88.0,1.0,3,0.165
401,4,59.0,271.0,297.0,187.0,1.0,3,0.93
401,7,-5.0,312.0,90.0,151.0,1.0,0,0.863
401,9,157.0,238.0,33.0,151.0,1.0,0,0.219
401,10,-143.0,450.0,241.0,152.0,1.0,3,0.241
402,1,821.0,288.0,259.0,136.0,1.0,0,0.537
402,2,887.0,511.0,140.0,88.0,1.0,3,0.172
402,4,57.0,270.0,297.0,187.0,1.0,3,0.918
402,7,-2.0,312.0,90.0,151.0,1.0,0,0.894
402,9,160.0,238.0,33.0,151.0,1.0,0,0.212
402,10,-146.0,450.0,241.0,152.0,1.0,3,0.233
403,1,823.0,288.0,259.0,136.0,1.0,0,0.529
403,2,883.0,511.0,140.0,88.0,1.0,3,0.181
403,4,55.0,270.0,297.0,187.0,1.0,3,0.906
403,7,1.0,312.0,90.0,151.0,1.0,0,0.914
403,9,164.0,238.0,33.0,151.0,1.0,0,0.212
403,10,-149.0,450.0,241.0,152.0,1.0,3,0.226
404,1,826.0,288.0,259.0,136.0,1.0,0,0.517
404,2,879.0,511.0,140.0,88.0,1.0,3,0.191
404,4,53.0,270.0,297.0,187.0,1.0,3,0.893
404,7,4.0,312.0,90.0,151.0,1.0,0,0.925
404,9,167.0,238.0,33.0,151.0,1.0,0,0.212
404,10,-152.0,451.0,241.0,152.0,1.0,3,0.216
405,1,828.0,289.0,259.0,136.0,1.0,0,0.51
405,2,876.0,512.0,140.0,88.0,1.0,3,0.191
405,4,51.0,270.0,297.0,187.0,1.0,3,0.877
405,7,7.0,312.0,91.0,152.0,1.0,0,0.926
405,9,171.0,238.0,33.0,151.0,1.0,0,0.212
405,10,-155.0,451.0,241.0,152.0,1.0,3,0.209
406,1,830.0,289.0,259.0,136.0,1.0,0,0.502
406,2,872.0,512.0,140.0,88.0,1.0,3,0.2
406,4,49.0,270.0,297.0,187.0,1.0,3,0.864
406,7,10.0,312.0,91.0,152.0,1.0,0,0.931
406,9,174.0,238.0,33.0,151.0,1.0,0,0.212
406,10,-158.0,451.0,241.0,152.0,1.0,3,0.202
407,1,833.0,289.0,259.0,136.0,1.0,0,0.49
407,2,869.0,512.0,140.0,88.0,1.0,3,0.207
407,4,47.0,269.0,297.0,187.0,1.0,3,0.852
407,7,13.0,312.0,91.0,152.0,1.0,0,0.937
407,9,178.0,237.0,33.0,151.0,1.0,0,0.212
407,10,-161.0,451.0,241.0,152.0,1.0,3,0.194
408,1,835.0,289.0,259.0,136.0,1.0,0,0.483
408,2,865.0,512.0,140.0,88.0,1.0,3,0.216
408,4,45.0,269.0,297.0,187.0,1.0,3,0.839
408,7,16.0,312.0,91.0,152.0,1.0,0,0.947
408,9,181.0,237.0,33.0,151.0,1.0,0,0.212
408,10,-164.0,452.0,241.0,152.0,1.0,3,0.185
409,1,837.0,289.0,259.0,136.0,1.0,0,0.475
409,2,862.0,513.0,140.0,88.0,1.0,3,0.215
409,4,43.0,269.0,297.0,187.0,1.0,3,0.826
409,7,19.0,312.0,91.0,152.0,1.0,0,0.952
409,9,185.0,237.0,33.0,151.0,1.0,0,0.212
409,10,-167.0,452.0,241.0,152.0,1.0,3,0.178
410,1,840.0,289.0,259.0,136.0,1.0,0,0.463
410,2,858.0,513.0,140.0,88.0,1.0,3,0.224
410,4,41.0,269.0,297.0,187.0,1.0,3,0.816
410,7,21.0,312.0,91.0,152.0,1.0,0,0.957
410,9,188.0,237.0,33.0,151.0,1.0,0,0.212
410,10,-170.0,452.0,241.0,152.0,1.0,3,0.171
411,1,842.0,289.0,259.0,136.0,1.0,0,0.456
411,2,855.0,513.0,140.0,88.0,1.0,3,0.23
411,4,39.0,269.0,297.0,187.0,1.0,3,0.803
411,7,24.0,312.0,91.0,152.0,1.0,0,0.962
411,9,192.0,237.0,33.0,151.0,1.0,0,0.212
411,10,-173.0,452.0,241.0,152.0,1.0,3,0.163
412,1,844.0,289.0,259.0,136.0,1.0,0,0.448
412,2,851.0,513.0,140.0,88.0,1.0,3,0.239
412,4,37.0,268.0,297.0,187.0,1.0,3,0.791
412,7,27.0,312.0,91.0,152.0,1.0,0,0.97
412,9,195.0,237.0,33.0,151.0,1.0,0,0.205
412,10,-176.0,453.0,241.0,152.0,1.0,3,0.154
413,1,847.0,289.0,259.0,136.0,1.0,0,0.436
413,2,848.0,513.0,140.0,88.0,1.0,3,0.245
413,4,35.0,268.0,297.0,187.0,1.0,3,0.779
413,7,30.0,312.0,91.0,152.0,1.0,0,0.974
413,9,199.0,237.0,33.0,151.0,1.0,0,0.205
413,10,-178.0,453.0,241.0,152.0,1.0,3,0.15
414,1,849.0,290.0,259.0,136.0,1.0,0,0.429
414,2,844.0,514.0,140.0,88.0,1.0,3,0.245
414,4,33.0,268.0,297.0,187.0,1.0,3,0.767
414,7,33.0,313.0,91.0,152.0,1.0,0,0.977
414,9,202.0,236.0,33.0,151.0,1.0,0,0.212
414,10,-181.0,453.0,241.0,152.0,1.0,3,0.142
415,1,851.0,290.0,259.0,136.0,1.0,0,0.421
415,2,840.0,514.0,140.0,88.0,1.0,3,0.253
415,4,30.0,268.0,297.0,187.0,1.0,3,0.767
415,7,36.0,313.0,91.0,152.0,1.0,0,0.98
415,9,205.0,236.0,33.0,151.0,1.0,0,0.212
415,10,-184.0,453.0,243.0,153.0,1.0,3,0.138
416,1,854.0,290.0,259.0,136.0,1.0,0,0.409
416,2,837.0,514.0,140.0,88.0,1.0,3,0.26
416,4,28.0,268.0,297.0,187.0,1.0,3,0.767
416,7,39.0,313.0,91.0,152.0,1.0,0,0.985
416,9,209.0,236.0,33.0,152.0,1.0,0,0.211
416,10,-187.0,453.0,243.0,153.0,1.0,3,0.131
417,1,856.0,290.0,261.0,137.0,1.0,0,0.398
417,2,833.0,514.0,140.0,88.0,1.0,3,0.268
417,4,26.0,267.0,297.0,187.0,1.0,3,0.769
417,7,42.0,313.0,91.0,152.0,1.0,0,0.991
417,9,212.0,236.0,33.0,152.0,1.0,0,0.204
417,10,-190.0,454.0,243.0,153.0,1.0,3,0.123
418,1,858.0,290.0,261.0,137.0,1.0,0,0.391
418,2,830.0,515.0,140.0,88.0,1.0,3,0.264
418,4,24.0,267.0,297.0,187.0,1.0,3,0.769
418,7,45.0,313.0,91.0,152.0,1.0,0,0.996
418,9,216.0,236.0,33.0,152.0,1.0,0,0.204
418,10,-193.0,454.0,243.0,153.0,1.0,3,0.116
418,11,-25.0,337.0,27.0,95.0,1.0,0,0.074
419,1,861.0,290.0,261.0,137.0,1.0,0,0.379
419,2,826.0,515.0,138.0,87.0,1.0,3,0.279
419,4,22.0,267.0,297.0,187.0,1.0,3,0.769
419,7,47.0,313.0,91.0,152.0,1.0,0,1.0
419,9,219.0,236.0,33.0,152.0,1.0,0,0.204
419,10,-196.0,454.0,243.0,153.0,1.0,3,0.109
419,11,-22.0,337.0,27.0,95.0,1.0,0,0.185
420,1,863.0,290.0,261.0,137.0,1.0,0,0.372
420,2,823.0,515.0,138.0,87.0,1.0,3,0.285
420,4,20.0,267.0,297.0,187.0,1.0,3,0.769
420,7,50.0,313.0,91.0,152.0,1.0,0,1.0
420,9,223.0,236.0,33.0,152.0,1.0,0,0.204
420,10,-199.0,454.0,243.0,153.0,1.0,3,0.102
420,11,-19.0,337.0,27.0,95.0,1.0,0,0.296
421,1,865.0,290.0,261.0,137.0,1.0,0,0.364
421,2,819.0,515.0,138.0,87.0,1.0,3,0.287
421,4,18.0,267.0,297.0,187.0,1.0,3,0.769
421,7,53.0,313.0,91.0,152.0,1.0,0,1.0
421,9,226.0,236.0,33.0,152.0,1.0,0,0.204
421,10,-202.0,455.0,243.0,153.0,1.0,3,0.094
421,11,-16.0,336.0,27.0,95.0,1.0,0,0.407
422,1,867.0,291.0,261.0,137.0,1.0,0,0.356
422,2,816.0,516.0,138.0,87.0,1.0,3,0.276
422,4,16.0,267.0,297.0,187.0,1.0,3,0.769
422,7,56.0,313.0,91.0,152.0,1.0,0,1.0
422,9,230.0,235.0,33.0,152.0,1.0,0,0.211
422,10,-205.0,455.0,243.0,153.0,1.0,3,0.087
422,11,-14.0,336.0,27.0,95.0,1.0,0,0.481
423,1,870.0,291.0,261.0,137.0,1.0,0,0.344
423,2,812.0,516.0,138.0,87.0,1.0,3,0.276
423,4,14.0,266.0,297.0,187.0,1.0,3,0.767
423,6,959.0,382.0,263.0,166.0,1.0,3,0.004
423,7,59.0,313.0,91.0,152.0,1.0,0,1.0
423,9,233.0,235.0,33.0,152.0,1.0,0,0.204
423,10,-208.0,455.0,243.0,153.0,1.0,3,0.08
423,11,-11.0,336.0,27.0,95.0,1.0,0,0.593
424,1,872.0,291.0,261.0,137.0,1.0,0,0.332
424,2,809.0,516.0,138.0,87.0,1.0,3,0.276
424,4,12.0,266.0,297.0,187.0,1.0,3,0.759
424,6,956.0,382.0,263.0,166.0,1.0,3,0.014
424,7,62.0,313.0,91.0,152.0,1.0,0,1.0
424,9,237.0,235.0,33.0,152.0,1.0,0,0.204
424,10,-211.0,455.0,243.0,153.0,1.0,3,0.073
424,11,-8.0,336.0,27.0,95.0,1.0,0,0.704
425,1,874.0,291.0,261.0,137.0,1.0,0,0.32
425,2,805.0,516.0,138.0,87.0,1.0,3,0.276
425,4,10.0,266.0,297.0,187.0,1.0,3,0.75
425,6,953.0,382.0,263.0,166.0,1.0,3,0.025
425,7,65.0,313.0,91.0,152.0,1.0,0,1.0
425,9,240.0,235.0,33.0,152.0,1.0,0,0.204
425,10,-214.0,456.0,243.0,153.0,1.0,3,0.066
425,11,-5.0,336.0,27.0,95.0,1.0,0,0.815
426,1,877.0,291.0,261.0,137.0,1.0,0,0.305
426,2,801.0,517.0,138.0,87.0,1.0,3,0.264
426,4,8.0,266.0,297.0,187.0,1.0,3,0.742
426,6,950.0,382.0,263.0,166.0,1.0,3,0.036
426,7,68.0,313.0,91.0,152.0,1.0,0,1.0
426,9,244.0,235.0,33.0,152.0,1.0,0,0.204
426,10,-217.0,456.0,243.0,153.0,1.0,3,0.059
426,11,-2.0,335.0,27.0,95.0,1.0,0,0.926
427,1,879.0,291.0,261.0,137.0,1.0,0,0.294
427,2,798.0,517.0,138.0,87.0,1.0,3,0.264
427,4,6.0,266.0,297.0,187.0,1.0,3,0.735
427,6,947.0,382.0,263.0,166.0,1.0,3,0.047
427,7,71.0,313.0,91.0,152.0,1.0,0,1.0
427,9,247.0,235.0,33.0,152.0,1.0,0,0.204
427,10,-220.0,456.0,243.0,153.0,1.0,3,0.052
427,11,0.0,335.0,27.0,95.0,1.0,0,1.0
428,1,881.0,291.0,261.0,137.0,1.0,0,0.281
428,2,794.0,517.0,138.0,87.0,1.0,3,0.264
428,3,-66.0,198.0,67.0,112.0,1.0,0,0.015
428,4,4.0,265.0,297.0,187.0,1.0,3,0.728
428,6,943.0,383.0,263.0,166.0,1.0,3,0.061
428,7,73.0,313.0,91.0,152.0,1.0,0,1.0
428,9,251.0,235.0,33.0,152.0,1.0,0,0.197
428,10,-223.0,456.0,243.0,153.0,1.0,3,0.045
428,11,3.0,335.0,27.0,95.0,1.0,0,1.0
429,1,884.0,291.0,261.0,137.0,1.0,0,0.266
429,2,791.0,517.0,138.0,87.0,1.0,3,0.264
429,3,-64.0,198.0,67.0,112.0,1.0,0,0.039
429,4,2.0,265.0,297.0,187.0,1.0,3,0.728
429,6,940.0,383.0,263.0,166.0,1.0,3,0.072
429,7,76.0,314.0,91.0,153.0,1.0,0,1.0
429,9,254.0,234.0,33.0,152.0,1.0,0,0.204
429,10,-225.0,456.0,243.0,153.0,1.0,3,0.041
429,11,6.0,335.0,27.0,95.0,1.0,0,1.0
430,1,886.0,291.0,261.0,137.0,1.0,0,0.255
430,2,787.0,518.0,138.0,87.0,1.0,3,0.253
430,3,-61.0,198.0,67.0,112.0,1.0,0,0.054
430,4,0.0,265.0,297.0,187.0,1.0,3,0.728
430,6,937.0,383.0,263.0,166.0,1.0,3,0.083
430,7,79.0,314.0,91.0,153.0,1.0,0,1.0
430,9,258.0,234.0,33.0,152.0,1.0,0,0.204
430,10,-228.0,457.0,243.0,153.0,1.0,3,0.033
430,11,9.0,335.0,27.0,95.0,1.0,0,1.0
431,1,888.0,292.0,261.0,137.0,1.0,0,0.242
431,2,784.0,518.0,138.0,87.0,1.0,3,0.253
431,3,-58.0,197.0,67.0,112.0,1.0,0,0.082
431,4,-2.0,265.0,297.0,187.0,1.0,3,0.721
431,6,934.0,383.0,262.0,165.0,1.0,3,0.094
431,7,82.0,314.0,91.0,153.0,1.0,0,1.0
431,9,261.0,234.0,33.0,152.0,1.0,0,0.204
431,10,-231.0,457.0,243.0,153.0,1.0,3,0.027
431,11,12.0,334.0,27.0,95.0,1.0,0,1.0
432,1,891.0,292.0,261.0,137.0,1.0,0,0.227
432,2,780.0,518.0,138.0,87.0,1.0,3,0.253
432,3,-55.0,197.0,67.0,112.0,1.0,0,0.109
432,4,-4.0,265.0,297.0,187.0,1.0,3,0.714
432,6,931.0,383.0,262.0,165.0,1.0,3,0.105
432,7,85.0,314.0,91.0,153.0,1.0,0,1.0
432,9,265.0,234.0,33.0,152.0,1.0,0,0.325
432,10,-234.0,457.0,243.0,153.0,1.0,3,0.02
432,11,15.0,334.0,27.0,95.0,1.0,0,1.0
433,1,893.0,292.0,263.0,138.0,1.0,0,0.213
433,2,777.0,518.0,138.0,87.0,1.0,3,0.253
433,3,-52.0,197.0,67.0,112.0,1.0,0,0.134
433,4,-6.0,264.0,297.0,187.0,1.0,3,0.709
433,6,928.0,383.0,262.0,165.0,1.0,3,0.116
433,7,88.0,314.0,91.0,153.0,1.0,0,1.0
433,9,268.0,234.0,33.0,152.0,1.0,0,0.441
433,10,-237.0,457.0,243.0,153.0,1.0,3,0.013
433,11,17.0,334.0,27.0,95.0,1.0,0,1.0
434,1,895.0,292.0,263.0,138.0,1.0,0,0.202
434,2,773.0,518.0,138.0,87.0,1.0,3,0.253
434,3,-49.0,197.0,67.0,112.0,1.0,0,0.161
434,4,-8.0,264.0,297.0,187.0,1.0,3,0.702
434,6,925.0,383.0,262.0,165.0,1.0,3,0.127
434,7,91.0,314.0,91.0,153.0,1.0,0,1.0
434,9,272.0,234.0,33.0,152.0,1.0,0,0.587
434,10,-240.0,458.0,243.0,153.0,1.0,3,0.007
434,11,20.0,334.0,27.0,95.0,1.0,0,1.0
435,1,898.0,292.0,263.0,138.0,1.0,0,0.185
435,2,770.0,519.0,138.0,87.0,1.0,3,0.241
435,3,-47.0,196.0,67.0,112.0,1.0,0,0.181
435,4,-10.0,264.0,297.0,187.0,1.0,3,0.696
435,6,921.0,383.0,262.0,165.0,1.0,3,0.142
435,7,94.0,314.0,91.0,153.0,1.0,0,1.0
435,9,275.0,234.0,33.0,152.0,1.0,0,0.708
435,11,23.0,334.0,27.0,95.0,1.0,0,1.0
436,1,900.0,292.0,263.0,138.0,1.0,0,0.174
436,2,766.0,519.0,136.0,86.0,1.0,3,0.244
436,3,-44.0,196.0,67.0,112.0,1.0,0,0.208
436,4,-13.0,264.0,297.0,187.0,1.0,3,0.686
436,6,918.0,383.0,262.0,165.0,1.0,3,0.153
436,7,97.0,314.0,91.0,153.0,1.0,0,1.0
436,9,279.0,234.0,33.0,152.0,1.0,0,0.878
436,11,26.0,333.0,27.0,95.0,1.0,0,1.0
437,1,902.0,292.0,263.0,138.0,1.0,0,0.163
437,2,762.0,519.0,136.0,86.0,1.0,3,0.244
437,3,-41.0,196.0,67.0,112.0,1.0,0,0.236
437,4,-15.0,264.0,297.0,187.0,1.0,3,0.679
437,6,915.0,384.0,262.0,165.0,1.0,3,0.162
437,7,100.0,314.0,91.0,153.0,1.0,0,1.0
437,9,282.0,233.0,33.0,152.0,1.0,0,1.0
437,11,29.0,333.0,27.0,95.0,1.0,0,1.0
438,1,905.0,292.0,263.0,138.0,1.0,0,0.145
438,2,759.0,519.0,136.0,86.0,1.0,3,0.244
438,3,-38.0,196.0,67.0,112.0,1.0,0,0.263
438,4,-17.0,264.0,297.0,187.0,1.0,3,0.672
438,6,912.0,384.0,262.0,165.0,1.0,3,0.173
438,7,102.0,314.0,91.0,153.0,1.0,0,1.0
438,8,958.0,333.0,279.0,176.0,1.0,3,0.002
438,9,286.0,233.0,33.0,152.0,1.0,0,1.0
438,11,31.0,333.0,27.0,95.0,1.0,0,1.0
439,1,907.0,293.0,263.0,138.0,1.0,0,0.128
439,2,755.0,520.0,136.0,86.0,1.0,3,0.233
439,3,-35.0,195.0,67.0,113.0,1.0,0,0.287
439,4,-19.0,263.0,297.0,187.0,1.0,3,0.667
439,6,909.0,384.0,262.0,165.0,1.0,3,0.184
439,7,105.0,314.0,91.0,153.0,1.0,0,1.0
439,8,955.0,333.0,279.0,176.0,1.0,3,0.005
439,9,289.0,233.0,33.0,152.0,1.0,0,1.0
439,11,34.0,333.0,27.0,95.0,1.0,0,1.0
440,1,909.0,293.0,263.0,138.0,1.0,0,0.115
440,2,752.0,520.0,136.0,86.0,1.0,3,0.233
440,3,-32.0,195.0,67.0,113.0,1.0,0,0.314
440,4,-21.0,263.0,297.0,187.0,1.0,3,0.66
440,6,906.0,384.0,262.0,165.0,1.0,3,0.195
440,7,108.0,314.0,91.0,153.0,1.0,0,1.0
440,8,951.0,333.0,279.0,176.0,1.0,3,0.009
440,9,293.0,233.0,33.0,152.0,1.0,0,1.0
440,11,37.0,333.0,27.0,95.0,1.0,0,1.0
441,1,912.0,293.0,263.0,138.0,1.0,0,0.103
441,2,748.0,520.0,136.0,86.0,1.0,3,0.233
441,3,-30.0,195.0,67.0,113.0,1.0,0,0.332
441,4,-23.0,263.0,297.0,187.0,1.0,3,0.654
441,6,903.0,384.0,262.0,165.0,1.0,3,0.206
441,7,111.0,314.0,91.0,153.0,1.0,0,1.0
441,8,948.0,333.0,281.0,177.0,1.0,3,0.012
441,9,296.0,233.0,33.0,152.0,1.0,0,1.0
441,11,40.0,332.0,27.0,95.0,1.0,0,1.0
442,1,914.0,293.0,263.0,138.0,1.0,0,0.093
442,2,745.0,520.0,136.0,86.0,1.0,3,0.233
442,3,-27.0,195.0,67.0,113.0,1.0,0,0.359
442,4,-25.0,263.0,297.0,187.0,1.0,3,0.647
442,6,899.0,384.0,262.0,165.0,1.0,3,0.22
442,7,114.0,314.0,91.0,153.0,1.0,0,1.0
442,8,944.0,333.0,281.0,177.0,1.0,3,0.016
442,9,299.0,233.0,33.0,152.0,1.0,0,1.0
442,11,43.0,332.0,27.0,95.0,1.0,0,1.0
443,1,916.0,293.0,263.0,138.0,1.0,0,0.084
443,2,741.0,521.0,136.0,86.0,1.0,3,0.221
443,3,-24.0,195.0,67.0,113.0,1.0,0,0.386
443,4,-27.0,263.0,297.0,187.0,1.0,3,0.64
443,6,896.0,384.0,262.0,165.0,1.0,3,0.231
443,7,117.0,314.0,91.0,153.0,1.0,0,1.0
443,8,941.0,333.0,281.0,177.0,1.0,3,0.019
443,9,303.0,233.0,33.0,152.0,1.0,0,1.0
443,11,45.0,332.0,27.0,95.0,1.0,0,1.0
444,1,919.0,293.0,263.0,138.0,1.0,0,0.07
444,2,738.0,521.0,136.0,86.0,1.0,3,0.221
444,3,-21.0,194.0,67.0,113.0,1.0,0,0.413
444,4,-29.0,262.0,297.0,187.0,1.0,3,0.637
444,6,893.0,384.0,262.0,165.0,1.0,3,0.242
444,7,120.0,315.0,91.0,153.0,1.0,0,1.0
444,8,937.0,333.0,281.0,177.0,1.0,3,0.024
444,9,306.0,232.0,33.0,152.0,1.0,0,1.0
444,11,48.0,332.0,27.0,95.0,1.0,0,1.0
445,1,921.0,293.0,263.0,138.0,1.0,0,0.061
445,2,734.0,521.0,136.0,86.0,1.0,3,0.221
445,3,-18.0,194.0,67.0,113.0,1.0,0,0.44
445,4,-31.0,262.0,297.0,187.0,1.0,3,0.63
445,6,890.0,384.0,262.0,165.0,1.0,3,0.253
445,7,123.0,315.0,91.0,153.0,1.0,0,1.0
445,8,934.0,333.0,281.0,177.0,1.0,3,0.027
445,9,310.0,232.0,33.0,152.0,1.0,0,1.0
445,11,51.0,331.0,27.0,95.0,1.0,0,1.0
446,1,923.0,293.0,263.0,138.0,1.0,0,0.05
446,2,731.0,521.0,136.0,86.0,1.0,3,0.221
446,3,-15.0,194.0,67.0,113.0,1.0,0,0.467
446,4,-33.0,262.0,297.0,187.0,1.0,3,0.62
446,5,-197.0,393.0,198.0,104.0,1.0,0,0.005
446,6,887.0,385.0,262.0,165.0,1.0,3,0.262
446,7,126.0,315.0,91.0,153.0,1.0,0,1.0
446,8,930.0,332.0,281.0,177.0,1.0,3,0.032
446,9,313.0,232.0,33.0,153.0,1.0,0,1.0
446,11,54.0,331.0,28.0,96.0,1.0,0,1.0
447,1,926.0,293.0,263.0,138.0,1.0,0,0.038
447,2,727.0,522.0,136.0,86.0,1.0,3,0.209
447,3,-13.0,194.0,67.0,113.0,1.0,0,0.485
447,4,-35.0,262.0,297.0,187.0,1.0,3,0.61
447,5,-194.0,393.0,198.0,104.0,1.0,0,0.02
447,6,884.0,385.0,262.0,165.0,1.0,3,0.272
447,7,128.0,315.0,91.0,153.0,1.0,0,1.0
447,8,927.0,332.0,281.0,177.0,1.0,3,0.035
447,9,317.0,232.0,33.0,153.0,1.0,0,1.0
447,11,57.0,331.0,28.0,96.0,1.0,0,1.0
448,1,928.0,294.0,263.0,138.0,1.0,0,0.034
448,2,723.0,522.0,136.0,86.0,1.0,3,0.209
448,3,-10.0,193.0,67.0,113.0,1.0,0,0.519
448,4,-37.0,262.0,297.0,187.0,1.0,3,0.601
448,5,-192.0,393.0,198.0,104.0,1.0,0,0.03
448,6,881.0,385.0,262.0,165.0,1.0,3,0.283
448,7,131.0,315.0,91.0,153.0,1.0,0,1.0
448,8,923.0,332.0,281.0,177.0,1.0,3,0.039
448,9,320.0,232.0,33.0,153.0,1.0,0,1.0
448,11,60.0,331.0,28.0,96.0,1.0,0,1.0
449,1,930.0,294.0,265.0,139.0,1.0,0,0.031
449,2,720.0,522.0,136.0,86.0,1.0,3,0.209
449,3,-7.0,193.0,67.0,113.0,1.0,0,0.539
449,4,-39.0,261.0,297.0,187.0,1.0,3,0.593
449,5,-189.0,393.0,198.0,104.0,1.0,0,0.045
449,6,877.0,385.0,260.0,164.0,1.0,3,0.302
449,7,134.0,315.0,91.0,153.0,1.0,0,1.0
449,8,920.0,332.0,281.0,177.0,1.0,3,0.043
449,9,324.0,232.0,33.0,153.0,1.0,0,1.0
449,11,62.0,331.0,28.0,96.0,1.0,0,1.0
450,1,932.0,294.0,265.0,139.0,1.0,0,0.029
450,2,716.0,522.0,136.0,86.0,1.0,3,0.209
450,3,-4.0,193.0,67.0,113.0,1.0,0,0.566
450,4,-41.0,261.0,297.0,187.0,1.0,3,0.585
450,5,-187.0,393.0,198.0,104.0,1.0,0,0.056
450,6,874.0,385.0,260.0,164.0,1.0,3,0.313
450,7,137.0,315.0,91.0,153.0,1.0,0,1.0
450,8,916.0,332.0,281.0,177.0,1.0,3,0.047
450,9,327.0,232.0,33.0,153.0,1.0,0,1.0
450,11,65.0,330.0,28.0,96.0,1.0,0,1.0
